componente_evento,miembros,nombres,deporte,disciplina,pares_evaluados,pares_safe,pares_review,pares_conflict,pares_faltantes,clasificacion,id_evento_canonico_propuesto,nombre_canonico_propuesto,razon
EV500001,1;2091;2897,"Singles, Men (Olympic) | Tennis Men's Singles | Men's Singles",tennis,tennis,3,2,0,0,1,REVIEW_EVENT_COMPONENT,,,Componente en revisión: contiene REVIEW/CONFLICT/MISSING_PAIR interno.
EV500002,2;1992;3054,"Doubles, Men (Olympic) | Tennis Men's Doubles | Men's Doubles",tennis,tennis,3,2,0,0,1,REVIEW_EVENT_COMPONENT,,,Componente en revisión: contiene REVIEW/CONFLICT/MISSING_PAIR interno.
EV500003,3;2409;3083,"Doubles, Mixed (Olympic) | Tennis Mixed Doubles | Mixed Doubles",tennis,tennis,3,2,0,0,1,REVIEW_EVENT_COMPONENT,,,Componente en revisión: contiene REVIEW/CONFLICT/MISSING_PAIR interno.
EV500004,4;2745,"Singles, Men (Olympic) | Men's Singles",table tennis,table tennis,1,1,0,0,0,SAFE_EVENT_COMPONENT,4,"Singles, Men (Olympic)",Todos los pares internos son SAFE_EVENT_ALIAS; canon existente con menor redundancia numérica/semántica y cobertura determinista.
EV500005,8;1956;2955,"Épée, Individual, Men (Olympic) | Fencing Men's epee, Individual | Men's Épée Individual",fencing,fencing,3,2,0,0,1,REVIEW_EVENT_COMPONENT,,,Componente en revisión: contiene REVIEW/CONFLICT/MISSING_PAIR interno.
EV500006,24;1915;2725,"Singles, Men (Olympic) | Badminton Men's Singles | Men's Singles",badminton,badminton,3,2,0,0,1,REVIEW_EVENT_COMPONENT,,,Componente en revisión: contiene REVIEW/CONFLICT/MISSING_PAIR interno.
EV500007,26;2408;2830,"Singles, Women (Olympic) | Tennis Women's Singles | Women's Singles",tennis,tennis,3,2,0,0,1,REVIEW_EVENT_COMPONENT,,,Componente en revisión: contiene REVIEW/CONFLICT/MISSING_PAIR interno.
EV500008,27;2410;3075,"Doubles, Women (Olympic) | Tennis Women's Doubles | Women's Doubles",tennis,tennis,3,2,0,0,1,REVIEW_EVENT_COMPONENT,,,Componente en revisión: contiene REVIEW/CONFLICT/MISSING_PAIR interno.
EV500009,28;2363;3038,"Doubles, Women (Olympic) | Badminton Women's Doubles | Women's Doubles",badminton,badminton,3,2,0,0,1,REVIEW_EVENT_COMPONENT,,,Componente en revisión: contiene REVIEW/CONFLICT/MISSING_PAIR interno.
EV500010,29;100;2241;3027,"Doubles, Mixed (Olympic) | Doubles, Mixed (Olympic (non-medal)) | Badminton Mixed Doubles | Mixed Doubles",badminton,badminton,6,3,0,0,3,REVIEW_EVENT_COMPONENT,,,Componente en revisión: contiene REVIEW/CONFLICT/MISSING_PAIR interno.
EV500011,31;2952,"Singles, Women (Olympic) | Women's Singles",table tennis,table tennis,1,1,0,0,0,SAFE_EVENT_COMPONENT,31,"Singles, Women (Olympic)",Todos los pares internos son SAFE_EVENT_ALIAS; canon existente con menor redundancia numérica/semántica y cobertura determinista.
EV500012,33;2089;2707,"Singles, Women (Olympic) | Badminton Women's Singles | Women's Singles",badminton,badminton,3,2,0,0,1,REVIEW_EVENT_COMPONENT,,,Componente en revisión: contiene REVIEW/CONFLICT/MISSING_PAIR interno.
EV500013,34;2321;3037,"Doubles, Men (Olympic) | Badminton Men's Doubles | Men's Doubles",badminton,badminton,3,2,0,0,1,REVIEW_EVENT_COMPONENT,,,Componente en revisión: contiene REVIEW/CONFLICT/MISSING_PAIR interno.
EV500014,37;2693,"Team, Women (Olympic) | Women's Team",table tennis,table tennis,1,1,0,0,0,SAFE_EVENT_COMPONENT,37,"Team, Women (Olympic)",Todos los pares internos son SAFE_EVENT_ALIAS; canon existente con menor redundancia numérica/semántica y cobertura determinista.
EV500015,39;2019,"Hockey, Men (Olympic) | Hockey Men's Hockey",hockey,hockey,1,1,0,0,0,SAFE_EVENT_COMPONENT,39,"Hockey, Men (Olympic)",Todos los pares internos son SAFE_EVENT_ALIAS; canon existente con menor redundancia numérica/semántica y cobertura determinista.
EV500016,47;1947;2810,"High Jump, Men (Olympic) | Athletics Men's High Jump | Men's High Jump",athletics,athletics,3,2,0,0,1,REVIEW_EVENT_COMPONENT,,,Componente en revisión: contiene REVIEW/CONFLICT/MISSING_PAIR interno.
EV500017,48;1946;2982,"Pole Vault, Men (Olympic) | Athletics Men's Pole Vault | Men's Pole Vault",athletics,athletics,3,2,0,0,1,REVIEW_EVENT_COMPONENT,,,Componente en revisión: contiene REVIEW/CONFLICT/MISSING_PAIR interno.
EV500018,49;1967;2979,"Long Jump, Men (Olympic) | Athletics Men's Long Jump | Men's Long Jump",athletics,athletics,3,2,0,0,1,REVIEW_EVENT_COMPONENT,,,Componente en revisión: contiene REVIEW/CONFLICT/MISSING_PAIR interno.
EV500019,50;2080;2783,"Triple Jump, Men (Olympic) | Athletics Men's Triple Jump | Men's Triple Jump",athletics,athletics,3,2,0,0,1,REVIEW_EVENT_COMPONENT,,,Componente en revisión: contiene REVIEW/CONFLICT/MISSING_PAIR interno.
EV500020,54;2909,"Team, Men (Olympic) | Men's Team",table tennis,table tennis,1,1,0,0,0,SAFE_EVENT_COMPONENT,54,"Team, Men (Olympic)",Todos los pares internos son SAFE_EVENT_ALIAS; canon existente con menor redundancia numérica/semántica y cobertura determinista.
EV500021,68;2967,"Individual, Men (Olympic) | Men's Individual",modern pentathlon,modern pentathlon,1,1,0,0,0,SAFE_EVENT_COMPONENT,68,"Individual, Men (Olympic)",Todos los pares internos son SAFE_EVENT_ALIAS; canon existente con menor redundancia numérica/semántica y cobertura determinista.
EV500022,70;2162;2713,"Individual, Men (Olympic) | Archery Men's Individual | Men's Individual",archery,archery,3,2,0,0,1,REVIEW_EVENT_COMPONENT,,,Componente en revisión: contiene REVIEW/CONFLICT/MISSING_PAIR interno.
EV500023,71;2034;2752,"Individual, Women (Olympic) | Archery Women's Individual | Women's Individual",archery,archery,3,2,0,0,1,REVIEW_EVENT_COMPONENT,,,Componente en revisión: contiene REVIEW/CONFLICT/MISSING_PAIR interno.
EV500024,72;2230;2865,"Team, Women (Olympic) | Archery Women's Team | Women's Team",archery,archery,3,2,0,0,1,REVIEW_EVENT_COMPONENT,,,Componente en revisión: contiene REVIEW/CONFLICT/MISSING_PAIR interno.
EV500025,73;2714,"Team, Men (Olympic) | Men's Team",archery,archery,1,1,0,0,0,SAFE_EVENT_COMPONENT,73,"Team, Men (Olympic)",Todos los pares internos son SAFE_EVENT_ALIAS; canon existente con menor redundancia numérica/semántica y cobertura determinista.
EV500026,74;2389,"Target Archery, 28 metres, Team, Men (Olympic) | Archery Men's Target Archery, 28 metres, Team",archery,archery,1,1,0,0,0,SAFE_EVENT_COMPONENT,74,"Target Archery, 28 metres, Team, Men (Olympic)",Todos los pares internos son SAFE_EVENT_ALIAS; canon existente con menor redundancia numérica/semántica y cobertura determinista.
EV500027,75;2390,"Target Archery, 33 metres, Team, Men (Olympic) | Archery Men's Target Archery, 33 metres, Team",archery,archery,1,1,0,0,0,SAFE_EVENT_COMPONENT,75,"Target Archery, 33 metres, Team, Men (Olympic)",Todos los pares internos son SAFE_EVENT_ALIAS; canon existente con menor redundancia numérica/semántica y cobertura determinista.
EV500028,76;2391,"Target Archery, 50 metres, Team, Men (Olympic) | Archery Men's Target Archery, 50 metres, Team",archery,archery,1,1,0,0,0,SAFE_EVENT_COMPONENT,76,"Target Archery, 50 metres, Team, Men (Olympic)",Todos los pares internos son SAFE_EVENT_ALIAS; canon existente con menor redundancia numérica/semántica y cobertura determinista.
EV500029,77;2618,"Pole Archery, Small Birds, Individual, Men (Olympic) | Archery Men's Pole Archery, Small Birds, Individual",archery,archery,1,1,0,0,0,SAFE_EVENT_COMPONENT,77,"Pole Archery, Small Birds, Individual, Men (Olympic)",Todos los pares internos son SAFE_EVENT_ALIAS; canon existente con menor redundancia numérica/semántica y cobertura determinista.
EV500030,78;2619,"Pole Archery, Large Birds, Individual, Men (Olympic) | Archery Men's Pole Archery, Large Birds, Individual",archery,archery,1,1,0,0,0,SAFE_EVENT_COMPONENT,78,"Pole Archery, Large Birds, Individual, Men (Olympic)",Todos los pares internos son SAFE_EVENT_ALIAS; canon existente con menor redundancia numérica/semántica y cobertura determinista.
EV500031,79;2620,"Pole Archery, Small Birds, Team, Men (Olympic) | Archery Men's Pole Archery, Small Birds, Team",archery,archery,1,1,0,0,0,SAFE_EVENT_COMPONENT,79,"Pole Archery, Small Birds, Team, Men (Olympic)",Todos los pares internos son SAFE_EVENT_ALIAS; canon existente con menor redundancia numérica/semántica y cobertura determinista.
EV500032,80;2621,"Pole Archery, Large Birds, Team, Men (Olympic) | Archery Men's Pole Archery, Large Birds, Team",archery,archery,1,1,0,0,0,SAFE_EVENT_COMPONENT,80,"Pole Archery, Large Birds, Team, Men (Olympic)",Todos los pares internos son SAFE_EVENT_ALIAS; canon existente con menor redundancia numérica/semántica y cobertura determinista.
EV500033,87;2663,"Target Archery, 28 metres, Individual, Men (Olympic) | Archery Men's Target Archery, 28 metres, Individual",archery,archery,1,1,0,0,0,SAFE_EVENT_COMPONENT,87,"Target Archery, 28 metres, Individual, Men (Olympic)",Todos los pares internos son SAFE_EVENT_ALIAS; canon existente con menor redundancia numérica/semántica y cobertura determinista.
EV500034,88;2595,"Target Archery, 33 metres, Individual, Men (Olympic) | Archery Men's Target Archery, 33 metres, Individual",archery,archery,1,1,0,0,0,SAFE_EVENT_COMPONENT,88,"Target Archery, 33 metres, Individual, Men (Olympic)",Todos los pares internos son SAFE_EVENT_ALIAS; canon existente con menor redundancia numérica/semántica y cobertura determinista.
EV500035,89;2596,"Target Archery, 50 metres, Individual, Men (Olympic) | Archery Men's Target Archery, 50 metres, Individual",archery,archery,1,1,0,0,0,SAFE_EVENT_COMPONENT,89,"Target Archery, 50 metres, Individual, Men (Olympic)",Todos los pares internos son SAFE_EVENT_ALIAS; canon existente con menor redundancia numérica/semántica y cobertura determinista.
EV500036,96;2041;2700,"Marathon, Men (Olympic) | Athletics Men's Marathon | Men's Marathon",athletics,athletics,3,2,0,0,1,REVIEW_EVENT_COMPONENT,,,Componente en revisión: contiene REVIEW/CONFLICT/MISSING_PAIR interno.
EV500037,113;2033,"Softball, Women (Olympic) | Softball Women's Softball",baseball softball,softball,1,1,0,0,0,SAFE_EVENT_COMPONENT,113,"Softball, Women (Olympic)",Todos los pares internos son SAFE_EVENT_ALIAS; canon existente con menor redundancia numérica/semántica y cobertura determinista.
EV500038,114;115;2106,"Baseball, Men (Olympic) | Baseball, Men (Olympic (non-medal)) | Baseball Men's Baseball",baseball softball,baseball,3,2,0,0,1,REVIEW_EVENT_COMPONENT,,,Componente en revisión: contiene REVIEW/CONFLICT/MISSING_PAIR interno.
EV500039,116;2753,"Team, Mixed (Olympic) | Mixed Team",archery,archery,1,1,0,0,0,SAFE_EVENT_COMPONENT,116,"Team, Mixed (Olympic)",Todos los pares internos son SAFE_EVENT_ALIAS; canon existente con menor redundancia numérica/semántica y cobertura determinista.
EV500040,150;1900,"Basketball, Men (Olympic) | Basketball Men's Basketball",basketball,basketball,1,1,0,0,0,SAFE_EVENT_COMPONENT,150,"Basketball, Men (Olympic)",Todos los pares internos son SAFE_EVENT_ALIAS; canon existente con menor redundancia numérica/semántica y cobertura determinista.
EV500041,152;1982,"Basketball, Women (Olympic) | Basketball Women's Basketball",basketball,basketball,1,1,0,0,0,SAFE_EVENT_COMPONENT,152,"Basketball, Women (Olympic)",Todos los pares internos son SAFE_EVENT_ALIAS; canon existente con menor redundancia numérica/semántica y cobertura determinista.
EV500042,153;2370;2999,"Triple Jump, Women (Olympic) | Athletics Women's Triple Jump | Women's Triple Jump",athletics,athletics,3,2,0,0,1,REVIEW_EVENT_COMPONENT,,,Componente en revisión: contiene REVIEW/CONFLICT/MISSING_PAIR interno.
EV500043,154;1935,"Handball, Women (Olympic) | Handball Women's Handball",handball,handball,1,1,0,0,0,SAFE_EVENT_COMPONENT,154,"Handball, Women (Olympic)",Todos los pares internos son SAFE_EVENT_ALIAS; canon existente con menor redundancia numérica/semántica y cobertura determinista.
EV500044,157;2123;2959,"Decathlon, Men (Olympic) | Athletics Men's Decathlon | Men's Decathlon",athletics,athletics,3,2,0,0,1,REVIEW_EVENT_COMPONENT,,,Componente en revisión: contiene REVIEW/CONFLICT/MISSING_PAIR interno.
EV500045,198;2021;2739,"Single Sculls, Women (Olympic) | Rowing Women's Single Sculls | Women's Single Sculls",rowing,rowing,3,2,0,0,1,REVIEW_EVENT_COMPONENT,,,Componente en revisión: contiene REVIEW/CONFLICT/MISSING_PAIR interno.
EV500046,202;2396,"Polo, Men (Olympic) | Polo Men's Polo",polo,polo,1,1,0,0,0,SAFE_EVENT_COMPONENT,202,"Polo, Men (Olympic)",Todos los pares internos son SAFE_EVENT_ALIAS; canon existente con menor redundancia numérica/semántica y cobertura determinista.
EV500047,203;2332,"Rugby, Men (Olympic) | Rugby Men's Rugby",rugby,rugby,1,1,0,0,0,SAFE_EVENT_COMPONENT,203,"Rugby, Men (Olympic)",Todos los pares internos son SAFE_EVENT_ALIAS; canon existente con menor redundancia numérica/semántica y cobertura determinista.
EV500048,211;1903,"Tug-Of-War, Men (Olympic) | Tug-Of-War Men's Tug-Of-War",tug of war,tug of war,1,1,0,0,0,SAFE_EVENT_COMPONENT,211,"Tug-Of-War, Men (Olympic)",Todos los pares internos son SAFE_EVENT_ALIAS; canon existente con menor redundancia numérica/semántica y cobertura determinista.
EV500049,212;405;2379,"Lacrosse, Men (Olympic) | Lacrosse, Men (Olympic (non-medal)) | Lacrosse Men's Lacrosse",lacrosse,lacrosse,3,2,0,0,1,REVIEW_EVENT_COMPONENT,,,Componente en revisión: contiene REVIEW/CONFLICT/MISSING_PAIR interno.
EV500050,228;2005;2722,"Sabre, Team, Men (Olympic) | Fencing Men's Sabre, Team | Men's Sabre Team",fencing,fencing,3,2,0,0,1,REVIEW_EVENT_COMPONENT,,,Componente en revisión: contiene REVIEW/CONFLICT/MISSING_PAIR interno.
EV500051,241;2052;2721,"Sabre, Individual, Men (Olympic) | Fencing Men's Sabre, Individual | Men's Sabre Individual",fencing,fencing,3,2,0,0,1,REVIEW_EVENT_COMPONENT,,,Componente en revisión: contiene REVIEW/CONFLICT/MISSING_PAIR interno.
EV500052,244;2101;2940,"Sprint, Men (Olympic) | Cycling Men's Sprint | Men's Sprint",cycling,cycling track,3,2,0,0,1,REVIEW_EVENT_COMPONENT,,,Componente en revisión: contiene REVIEW/CONFLICT/MISSING_PAIR interno.
EV500053,252;2961,"Cross-Country, Women (Olympic) | Women's Cross-country",cycling,mountain bike,1,1,0,0,0,SAFE_EVENT_COMPONENT,252,"Cross-Country, Women (Olympic)",Todos los pares internos son SAFE_EVENT_ALIAS; canon existente con menor redundancia numérica/semántica y cobertura determinista.
EV500054,255;2473;2666,"Individual Time Trial, Women (Olympic) | Cycling Women's Individual Time Trial | Women's Individual Time Trial",cycling,cycling road,3,2,0,0,1,REVIEW_EVENT_COMPONENT,,,Componente en revisión: contiene REVIEW/CONFLICT/MISSING_PAIR interno.
EV500055,259;1998;2893,"Sprint, Women (Olympic) | Cycling Women's Sprint | Women's Sprint",cycling,cycling track,3,2,0,0,1,REVIEW_EVENT_COMPONENT,,,Componente en revisión: contiene REVIEW/CONFLICT/MISSING_PAIR interno.
EV500056,266;2538;2894,"Keirin, Women (Olympic) | Cycling Women's Keirin | Women's Keirin",cycling,cycling track,3,2,0,0,1,REVIEW_EVENT_COMPONENT,,,Componente en revisión: contiene REVIEW/CONFLICT/MISSING_PAIR interno.
EV500057,267;2603;3080,"Team Sprint, Women (Olympic) | Cycling Women's Team Sprint | Women's Team Sprint",cycling,cycling track,3,2,0,0,1,REVIEW_EVENT_COMPONENT,,,Componente en revisión: contiene REVIEW/CONFLICT/MISSING_PAIR interno.
EV500058,272;2330;3090,"Madison, Men (Olympic) | Cycling Men's Madison | Men's Madison",cycling,cycling track,3,2,0,0,1,REVIEW_EVENT_COMPONENT,,,Componente en revisión: contiene REVIEW/CONFLICT/MISSING_PAIR interno.
EV500059,279;2336;2851,"Individual Time Trial, Men (Olympic) | Cycling Men's Individual Time Trial | Men's Individual Time Trial",cycling,cycling road,3,2,0,0,1,REVIEW_EVENT_COMPONENT,,,Componente en revisión: contiene REVIEW/CONFLICT/MISSING_PAIR interno.
EV500060,285;2938,"Cross-Country, Men (Olympic) | Men's Cross-country",cycling,mountain bike,1,1,0,0,0,SAFE_EVENT_COMPONENT,285,"Cross-Country, Men (Olympic)",Todos los pares internos son SAFE_EVENT_ALIAS; canon existente con menor redundancia numérica/semántica y cobertura determinista.
EV500061,288;2485;3102,"Team Sprint, Men (Olympic) | Cycling Men's Team Sprint | Men's Team Sprint",cycling,cycling track,3,2,0,0,1,REVIEW_EVENT_COMPONENT,,,Componente en revisión: contiene REVIEW/CONFLICT/MISSING_PAIR interno.
EV500062,299;2484;2941,"Keirin, Men (Olympic) | Cycling Men's Keirin | Men's Keirin",cycling,cycling track,3,2,0,0,1,REVIEW_EVENT_COMPONENT,,,Componente en revisión: contiene REVIEW/CONFLICT/MISSING_PAIR interno.
EV500063,301;2477;2996,"Omnium, Men (Olympic) | Cycling Men's Omnium | Men's Omnium",cycling,cycling track,3,2,0,0,1,REVIEW_EVENT_COMPONENT,,,Componente en revisión: contiene REVIEW/CONFLICT/MISSING_PAIR interno.
EV500064,303;1902,"Football, Men (Olympic) | Football Men's Football",football,football,1,1,0,0,0,SAFE_EVENT_COMPONENT,303,"Football, Men (Olympic)",Todos los pares internos son SAFE_EVENT_ALIAS; canon existente con menor redundancia numérica/semántica y cobertura determinista.
EV500065,338;1944,"Hockey, Women (Olympic) | Hockey Women's Hockey",hockey,hockey,1,1,0,0,0,SAFE_EVENT_COMPONENT,338,"Hockey, Women (Olympic)",Todos los pares internos son SAFE_EVENT_ALIAS; canon existente con menor redundancia numérica/semántica y cobertura determinista.
EV500066,344;2449,"Cricket, Men (Olympic) | Cricket Men's Cricket",cricket,cricket,1,1,0,0,0,SAFE_EVENT_COMPONENT,344,"Cricket, Men (Olympic)",Todos los pares internos son SAFE_EVENT_ALIAS; canon existente con menor redundancia numérica/semántica y cobertura determinista.
EV500067,358;1955;2731,"Foil, Individual, Men (Olympic) | Fencing Men's Foil, Individual | Men's Foil Individual",fencing,fencing,3,2,0,0,1,REVIEW_EVENT_COMPONENT,,,Componente en revisión: contiene REVIEW/CONFLICT/MISSING_PAIR interno.
EV500068,383;1928;2736,"Shot Put, Men (Olympic) | Athletics Men's Shot Put | Men's Shot Put",athletics,athletics,3,2,0,0,1,REVIEW_EVENT_COMPONENT,,,Componente en revisión: contiene REVIEW/CONFLICT/MISSING_PAIR interno.
EV500069,393;2097;2951,"Discus Throw, Men (Olympic) | Athletics Men's Discus Throw | Men's Discus Throw",athletics,athletics,3,2,0,0,1,REVIEW_EVENT_COMPONENT,,,Componente en revisión: contiene REVIEW/CONFLICT/MISSING_PAIR interno.
EV500070,395;2016;2869,"Hammer Throw, Men (Olympic) | Athletics Men's Hammer Throw | Men's Hammer Throw",athletics,athletics,3,2,0,0,1,REVIEW_EVENT_COMPONENT,,,Componente en revisión: contiene REVIEW/CONFLICT/MISSING_PAIR interno.
EV500071,398;2062;2696,"Javelin Throw, Men (Olympic) | Athletics Men's Javelin Throw | Men's Javelin Throw",athletics,athletics,3,2,0,0,1,REVIEW_EVENT_COMPONENT,,,Componente en revisión: contiene REVIEW/CONFLICT/MISSING_PAIR interno.
EV500072,406;2242;2945,"Foil, Individual, Women (Olympic) | Fencing Women's Foil, Individual | Women's Foil Individual",fencing,fencing,3,2,0,0,1,REVIEW_EVENT_COMPONENT,,,Componente en revisión: contiene REVIEW/CONFLICT/MISSING_PAIR interno.
EV500073,407;2212;2946,"Foil, Team, Women (Olympic) | Fencing Women's Foil, Team | Women's Foil Team",fencing,fencing,3,2,0,0,1,REVIEW_EVENT_COMPONENT,,,Componente en revisión: contiene REVIEW/CONFLICT/MISSING_PAIR interno.
EV500074,408;2083;2706,"Épée, Individual, Women (Olympic) | Fencing Women's epee, Individual | Women's Épée Individual",fencing,fencing,3,2,0,0,1,REVIEW_EVENT_COMPONENT,,,Componente en revisión: contiene REVIEW/CONFLICT/MISSING_PAIR interno.
EV500075,409;2432;2968,"Épée, Team, Women (Olympic) | Fencing Women's epee, Team | Women's Épée Team",fencing,fencing,3,2,0,0,1,REVIEW_EVENT_COMPONENT,,,Componente en revisión: contiene REVIEW/CONFLICT/MISSING_PAIR interno.
EV500076,410;2004;2732,"Foil, Team, Men (Olympic) | Fencing Men's Foil, Team | Men's Foil Team",fencing,fencing,3,2,0,0,1,REVIEW_EVENT_COMPONENT,,,Componente en revisión: contiene REVIEW/CONFLICT/MISSING_PAIR interno.
EV500077,411;1957;2956,"Épée, Team, Men (Olympic) | Fencing Men's epee, Team | Men's Épée Team",fencing,fencing,3,2,0,0,1,REVIEW_EVENT_COMPONENT,,,Componente en revisión: contiene REVIEW/CONFLICT/MISSING_PAIR interno.
EV500078,425;1913,"Ice Hockey, Men (Olympic) | Ice Hockey Men's Ice Hockey",ice hockey,ice hockey,1,1,0,0,0,SAFE_EVENT_COMPONENT,425,"Ice Hockey, Men (Olympic)",Todos los pares internos son SAFE_EVENT_ALIAS; canon existente con menor redundancia numérica/semántica y cobertura determinista.
EV500079,428;2505,"Épée, Masters and Amateurs, Individual, Men (Olympic) | Fencing Men's epee, Masters and Amateurs, Individual",fencing,fencing,1,1,0,0,0,SAFE_EVENT_COMPONENT,428,"Épée, Masters and Amateurs, Individual, Men (Olympic)",Todos los pares internos son SAFE_EVENT_ALIAS; canon existente con menor redundancia numérica/semántica y cobertura determinista.
EV500080,432;2420,"Small-Bore Rifle, 50 and 100 yards, Team, Men (Olympic) | Shooting Men's Small-Bore Rifle, 50 and 100 yards, Team",shooting,shooting,1,1,0,0,0,SAFE_EVENT_COMPONENT,432,"Small-Bore Rifle, 50 and 100 yards, Team, Men (Olympic)",Todos los pares internos son SAFE_EVENT_ALIAS; canon existente con menor redundancia numérica/semántica y cobertura determinista.
EV500081,468;1954,"Football, Women (Olympic) | Football Women's Football",football,football,1,1,0,0,0,SAFE_EVENT_COMPONENT,468,"Football, Women (Olympic)",Todos los pares internos son SAFE_EVENT_ALIAS; canon existente con menor redundancia numérica/semántica y cobertura determinista.
EV500082,480;2114;2705,"Floor Exercise, Women (Olympic) | Gymnastics Women's Floor Exercise | Women's Floor Exercise",gymnastics,artistic gymnastics,3,2,0,0,1,REVIEW_EVENT_COMPONENT,,,Componente en revisión: contiene REVIEW/CONFLICT/MISSING_PAIR interno.
EV500083,482;2116;2703,"Uneven Bars, Women (Olympic) | Gymnastics Women's Uneven Bars | Women's Uneven Bars",gymnastics,artistic gymnastics,3,2,0,0,1,REVIEW_EVENT_COMPONENT,,,Componente en revisión: contiene REVIEW/CONFLICT/MISSING_PAIR interno.
EV500084,483;2117;2704,"Balance Beam, Women (Olympic) | Gymnastics Women's Balance Beam | Women's Balance Beam",gymnastics,artistic gymnastics,3,2,0,0,1,REVIEW_EVENT_COMPONENT,,,Componente en revisión: contiene REVIEW/CONFLICT/MISSING_PAIR interno.
EV500085,490;1922;2668,"Floor Exercise, Men (Olympic) | Gymnastics Men's Floor Exercise | Men's Floor Exercise",gymnastics,artistic gymnastics,3,2,0,0,1,REVIEW_EVENT_COMPONENT,,,Componente en revisión: contiene REVIEW/CONFLICT/MISSING_PAIR interno.
EV500086,492;1924;2672,"Parallel Bars, Men (Olympic) | Gymnastics Men's Parallel Bars | Men's Parallel Bars",gymnastics,artistic gymnastics,3,2,0,0,1,REVIEW_EVENT_COMPONENT,,,Componente en revisión: contiene REVIEW/CONFLICT/MISSING_PAIR interno.
EV500087,493;1925;2673,"Horizontal Bar, Men (Olympic) | Gymnastics Men's Horizontal Bar | Men's Horizontal Bar",gymnastics,artistic gymnastics,3,2,0,0,1,REVIEW_EVENT_COMPONENT,,,Componente en revisión: contiene REVIEW/CONFLICT/MISSING_PAIR interno.
EV500088,494;2670,"Rings, Men (Olympic) | Men's Rings",gymnastics,artistic gymnastics,1,1,0,0,0,SAFE_EVENT_COMPONENT,494,"Rings, Men (Olympic)",Todos los pares internos son SAFE_EVENT_ALIAS; canon existente con menor redundancia numérica/semántica y cobertura determinista.
EV500089,496;2139;2971,"Pole Vault, Women (Olympic) | Athletics Women's Pole Vault | Women's Pole Vault",athletics,athletics,3,2,0,0,1,REVIEW_EVENT_COMPONENT,,,Componente en revisión: contiene REVIEW/CONFLICT/MISSING_PAIR interno.
EV500090,503;933,"Rope Climbing, Men (Olympic) | Rope Climbing, Men ()",gymnastics,artistic gymnastics,1,1,0,0,0,SAFE_EVENT_COMPONENT,503,"Rope Climbing, Men (Olympic)",Todos los pares internos son SAFE_EVENT_ALIAS; canon existente con menor redundancia numérica/semántica y cobertura determinista.
EV500091,509;2224,"Free Rifle, Three Positions, 300 metres, Men (Olympic) | Shooting Men's Free Rifle, Three Positions, 300 metres",shooting,shooting,1,1,0,0,0,SAFE_EVENT_COMPONENT,509,"Free Rifle, Three Positions, 300 metres, Men (Olympic)",Todos los pares internos son SAFE_EVENT_ALIAS; canon existente con menor redundancia numérica/semántica y cobertura determinista.
EV500092,510;2271,"Free Rifle, Three Positions, 300 metres, Team, Men (Olympic) | Shooting Men's Free Rifle, Three Positions, 300 metres, Team",shooting,shooting,1,1,0,0,0,SAFE_EVENT_COMPONENT,510,"Free Rifle, Three Positions, 300 metres, Team, Men (Olympic)",Todos los pares internos son SAFE_EVENT_ALIAS; canon existente con menor redundancia numérica/semántica y cobertura determinista.
EV500093,511;2272,"Military Rifle, Prone, 300 metres, Team, Men (Olympic) | Shooting Men's Military Rifle, Prone, 300 metres, Team",shooting,shooting,1,1,0,0,0,SAFE_EVENT_COMPONENT,511,"Military Rifle, Prone, 300 metres, Team, Men (Olympic)",Todos los pares internos son SAFE_EVENT_ALIAS; canon existente con menor redundancia numérica/semántica y cobertura determinista.
EV500094,513;2273,"Military Rifle, Prone, 600 metres, Team, Men (Olympic) | Shooting Men's Military Rifle, Prone, 600 metres, Team",shooting,shooting,1,1,0,0,0,SAFE_EVENT_COMPONENT,513,"Military Rifle, Prone, 600 metres, Team, Men (Olympic)",Todos los pares internos son SAFE_EVENT_ALIAS; canon existente con menor redundancia numérica/semántica y cobertura determinista.
EV500095,515;2274,"Military Rifle, Standing, 300 metres, Team, Men (Olympic) | Shooting Men's Military Rifle, Standing, 300 metres, Team",shooting,shooting,1,1,0,0,0,SAFE_EVENT_COMPONENT,515,"Military Rifle, Standing, 300 metres, Team, Men (Olympic)",Todos los pares internos son SAFE_EVENT_ALIAS; canon existente con menor redundancia numérica/semántica y cobertura determinista.
EV500096,583;1987,"Handball, Men (Olympic) | Handball Men's Handball",handball,handball,1,1,0,0,0,SAFE_EVENT_COMPONENT,583,"Handball, Men (Olympic)",Todos los pares internos son SAFE_EVENT_ALIAS; canon existente con menor redundancia numérica/semántica y cobertura determinista.
EV500097,588;596,"Half-Middleweight, Women (Olympic) | Half-Middleweight, Women (Olympic (non-medal))",judo,judo,1,1,0,0,0,SAFE_EVENT_COMPONENT,588,"Half-Middleweight, Women (Olympic)",Todos los pares internos son SAFE_EVENT_ALIAS; canon existente con menor redundancia numérica/semántica y cobertura determinista.
EV500098,591;592,"Half-Heavyweight, Women (Olympic (non-medal)) | Half-Heavyweight, Women (Olympic)",judo,judo,1,1,0,0,0,SAFE_EVENT_COMPONENT,592,"Half-Heavyweight, Women (Olympic)",Todos los pares internos son SAFE_EVENT_ALIAS; canon existente con menor redundancia numérica/semántica y cobertura determinista.
EV500099,594;599,"Extra-Lightweight, Women (Olympic) | Extra-Lightweight, Women (Olympic (non-medal))",judo,judo,1,1,0,0,0,SAFE_EVENT_COMPONENT,594,"Extra-Lightweight, Women (Olympic)",Todos los pares internos son SAFE_EVENT_ALIAS; canon existente con menor redundancia numérica/semántica y cobertura determinista.
EV500100,597;598,"Half-Lightweight, Women (Olympic) | Half-Lightweight, Women (Olympic (non-medal))",judo,judo,1,1,0,0,0,SAFE_EVENT_COMPONENT,597,"Half-Lightweight, Women (Olympic)",Todos los pares internos son SAFE_EVENT_ALIAS; canon existente con menor redundancia numérica/semántica y cobertura determinista.
EV500101,615;737,"Military Ski Patrol, Men (Olympic) | Military Ski Patrol, Men (Olympic (non-medal))",skiing,military ski patrol,1,1,0,0,0,SAFE_EVENT_COMPONENT,737,"Military Ski Patrol, Men (Olympic (non-medal))",Todos los pares internos son SAFE_EVENT_ALIAS; canon existente con menor redundancia numérica/semántica y cobertura determinista.
EV500102,626;2232;3063,"Double Sculls, Women (Olympic) | Rowing Women's Double Sculls | Women's Double Sculls",rowing,rowing,3,2,0,0,1,REVIEW_EVENT_COMPONENT,,,Componente en revisión: contiene REVIEW/CONFLICT/MISSING_PAIR interno.
EV500103,628;3035,"Lightweight Double Sculls, Women (Olympic) | Lightweight Women's Double Sculls",rowing,rowing,1,1,0,0,0,SAFE_EVENT_COMPONENT,628,"Lightweight Double Sculls, Women (Olympic)",Todos los pares internos son SAFE_EVENT_ALIAS; canon existente con menor redundancia numérica/semántica y cobertura determinista.
EV500104,633;2011;3069,"Quadruple Sculls, Men (Olympic) | Rowing Men's Quadruple Sculls | Men's Quadruple Sculls",rowing,rowing,3,2,0,0,1,REVIEW_EVENT_COMPONENT,,,Componente en revisión: contiene REVIEW/CONFLICT/MISSING_PAIR interno.
EV500105,634;2277;2820,"Single Sculls, Men (Olympic) | Rowing Men's Single Sculls | Men's Single Sculls",rowing,rowing,3,2,0,0,1,REVIEW_EVENT_COMPONENT,,,Componente en revisión: contiene REVIEW/CONFLICT/MISSING_PAIR interno.
EV500106,635;2012;3061,"Double Sculls, Men (Olympic) | Rowing Men's Double Sculls | Men's Double Sculls",rowing,rowing,3,2,0,0,1,REVIEW_EVENT_COMPONENT,,,Componente en revisión: contiene REVIEW/CONFLICT/MISSING_PAIR interno.
EV500107,637;1945;3011,"Lightweight Double Sculls, Men (Olympic) | Rowing Men's Lightweight Double Sculls | Lightweight Men's Double Sculls",rowing,rowing,3,2,0,0,1,REVIEW_EVENT_COMPONENT,,,Componente en revisión: contiene REVIEW/CONFLICT/MISSING_PAIR interno.
EV500108,641;2184;3078,"Quadruple Sculls, Women (Olympic) | Rowing Women's Quadruple Sculls | Women's Quadruple Sculls",rowing,rowing,3,2,0,0,1,REVIEW_EVENT_COMPONENT,,,Componente en revisión: contiene REVIEW/CONFLICT/MISSING_PAIR interno.
EV500109,670;2819,"Trap, Men (Olympic) | Trap Men",shooting,shooting,1,1,0,0,0,SAFE_EVENT_COMPONENT,670,"Trap, Men (Olympic)",Todos los pares internos son SAFE_EVENT_ALIAS; canon existente con menor redundancia numérica/semántica y cobertura determinista.
EV500110,675;2313,"Small-Bore Rifle, Three Positions, 50 metres, Women (Olympic) | Shooting Women's Small-Bore Rifle, Three Positions, 50 metres",shooting,shooting,1,1,0,0,0,SAFE_EVENT_COMPONENT,675,"Small-Bore Rifle, Three Positions, 50 metres, Women (Olympic)",Todos los pares internos son SAFE_EVENT_ALIAS; canon existente con menor redundancia numérica/semántica y cobertura determinista.
EV500111,678;2079,"Small-Bore Rifle, Three Positions, 50 metres, Men (Olympic) | Shooting Men's Small-Bore Rifle, Three Positions, 50 metres",shooting,shooting,1,1,0,0,0,SAFE_EVENT_COMPONENT,678,"Small-Bore Rifle, Three Positions, 50 metres, Men (Olympic)",Todos los pares internos son SAFE_EVENT_ALIAS; canon existente con menor redundancia numérica/semántica y cobertura determinista.
EV500112,681;2747,"Skeet, Men (Olympic) | Skeet Men",shooting,shooting,1,1,0,0,0,SAFE_EVENT_COMPONENT,681,"Skeet, Men (Olympic)",Todos los pares internos son SAFE_EVENT_ALIAS; canon existente con menor redundancia numérica/semántica y cobertura determinista.
EV500113,687;2840,"Trap, Women (Olympic) | Trap Women",shooting,shooting,1,1,0,0,0,SAFE_EVENT_COMPONENT,687,"Trap, Women (Olympic)",Todos los pares internos son SAFE_EVENT_ALIAS; canon existente con menor redundancia numérica/semántica y cobertura determinista.
EV500114,688;2437,"Running Target, Single and Double Shot, Men (Olympic) | Shooting Men's Running Target, Single And Double Shot",shooting,shooting,1,1,0,0,0,SAFE_EVENT_COMPONENT,688,"Running Target, Single and Double Shot, Men (Olympic)",Todos los pares internos son SAFE_EVENT_ALIAS; canon existente con menor redundancia numérica/semántica y cobertura determinista.
EV500115,689;2419,"Small-Bore Rifle, Prone, 50 and 100 yards, Men (Olympic) | Shooting Men's Small-Bore Rifle, Prone, 50 and 100 yards",shooting,shooting,1,1,0,0,0,SAFE_EVENT_COMPONENT,689,"Small-Bore Rifle, Prone, 50 and 100 yards, Men (Olympic)",Todos los pares internos son SAFE_EVENT_ALIAS; canon existente con menor redundancia numérica/semántica y cobertura determinista.
EV500116,690;2421,"Small-Bore Rifle, Disappearing Target, 25 yards, Men (Olympic) | Shooting Men's Small-Bore Rifle, Disappearing Target, 25 yards",shooting,shooting,1,1,0,0,0,SAFE_EVENT_COMPONENT,690,"Small-Bore Rifle, Disappearing Target, 25 yards, Men (Olympic)",Todos los pares internos son SAFE_EVENT_ALIAS; canon existente con menor redundancia numérica/semántica y cobertura determinista.
EV500117,691;2422,"Small-Bore Rifle, Moving Target, 25 yards, Men (Olympic) | Shooting Men's Small-Bore Rifle, Moving Target, 25 yards",shooting,shooting,1,1,0,0,0,SAFE_EVENT_COMPONENT,691,"Small-Bore Rifle, Moving Target, 25 yards, Men (Olympic)",Todos los pares internos son SAFE_EVENT_ALIAS; canon existente con menor redundancia numérica/semántica y cobertura determinista.
EV500118,700;2225,"Military Rifle, Three Positions, 300 metres, Men (Olympic) | Shooting Men's Military Rifle, Three Positions, 300 metres",shooting,shooting,1,1,0,0,0,SAFE_EVENT_COMPONENT,700,"Military Rifle, Three Positions, 300 metres, Men (Olympic)",Todos los pares internos son SAFE_EVENT_ALIAS; canon existente con menor redundancia numérica/semántica y cobertura determinista.
EV500119,701;2226,"Military Rifle, Any Position, 600 metres, Men (Olympic) | Shooting Men's Military Rifle, Any Position, 600 metres",shooting,shooting,1,1,0,0,0,SAFE_EVENT_COMPONENT,701,"Military Rifle, Any Position, 600 metres, Men (Olympic)",Todos los pares internos son SAFE_EVENT_ALIAS; canon existente con menor redundancia numérica/semántica y cobertura determinista.
EV500120,713;2276,"Free Rifle, 400, 600 and 800 metres, Team, Men (Olympic) | Shooting Men's Free Rifle, 400, 600 and 800 metres, Team",shooting,shooting,1,1,0,0,0,SAFE_EVENT_COMPONENT,713,"Free Rifle, 400, 600 and 800 metres, Team, Men (Olympic)",Todos los pares internos son SAFE_EVENT_ALIAS; canon existente con menor redundancia numérica/semántica y cobertura determinista.
EV500121,714;2463,"Small-Bore Rifle, Standing, 50 metres, Men (Olympic) | Shooting Men's Small-Bore Rifle, Standing, 50 metres",shooting,shooting,1,1,0,0,0,SAFE_EVENT_COMPONENT,714,"Small-Bore Rifle, Standing, 50 metres, Men (Olympic)",Todos los pares internos son SAFE_EVENT_ALIAS; canon existente con menor redundancia numérica/semántica y cobertura determinista.
EV500122,723;2436,"Military Rifle, 200/500/600/800/900/1,000 yards, Team, Men (Olympic) | Shooting Men's Military Rifle, 200/500/600/800/900/1,000 Yards, Team",shooting,shooting,1,1,0,0,0,SAFE_EVENT_COMPONENT,723,"Military Rifle, 200/500/600/800/900/1,000 yards, Team, Men (Olympic)",Todos los pares internos son SAFE_EVENT_ALIAS; canon existente con menor redundancia numérica/semántica y cobertura determinista.
EV500123,724;2870,"Skeet, Women (Olympic) | Skeet Women",shooting,shooting,1,1,0,0,0,SAFE_EVENT_COMPONENT,724,"Skeet, Women (Olympic)",Todos los pares internos son SAFE_EVENT_ALIAS; canon existente con menor redundancia numérica/semántica y cobertura determinista.
EV500124,727;2227,"Military Rifle, 200, 400, 500 and 600 metres, Team, Men (Olympic) | Shooting Men's Military Rifle, 200, 400, 500 and 600 metres, Team",shooting,shooting,1,1,0,0,0,SAFE_EVENT_COMPONENT,727,"Military Rifle, 200, 400, 500 and 600 metres, Team, Men (Olympic)",Todos los pares internos son SAFE_EVENT_ALIAS; canon existente con menor redundancia numérica/semántica y cobertura determinista.
EV500125,728;2610,"Small-Bore Rifle, Prone, 50 metres, Team, Men (Olympic) | Shooting Men's Small-Bore Rifle, Prone, 50 metres, Team",shooting,shooting,1,1,0,0,0,SAFE_EVENT_COMPONENT,728,"Small-Bore Rifle, Prone, 50 metres, Team, Men (Olympic)",Todos los pares internos son SAFE_EVENT_ALIAS; canon existente con menor redundancia numérica/semántica y cobertura determinista.
EV500126,729;2438,"Small-Bore Rifle, Any Position, 50 metres, Men (Olympic) | Shooting Men's Small-Bore Rifle, Any Position, 50 metres",shooting,shooting,1,1,0,0,0,SAFE_EVENT_COMPONENT,729,"Small-Bore Rifle, Any Position, 50 metres, Men (Olympic)",Todos los pares internos son SAFE_EVENT_ALIAS; canon existente con menor redundancia numérica/semántica y cobertura determinista.
EV500127,730;2439,"Small-Bore Rifle, Disappearing Target, 25 metres, Men (Olympic) | Shooting Men's Small-Bore Rifle, Disappearing Target, 25 metres",shooting,shooting,1,1,0,0,0,SAFE_EVENT_COMPONENT,730,"Small-Bore Rifle, Disappearing Target, 25 metres, Men (Olympic)",Todos los pares internos son SAFE_EVENT_ALIAS; canon existente con menor redundancia numérica/semántica y cobertura determinista.
EV500128,752;2576,"Small-Bore Rifle, Disappearing Target, 25 metres, Team, Men (Olympic) | Shooting Men's Small-Bore Rifle, Disappearing Target, 25 metres, Team",shooting,shooting,1,1,0,0,0,SAFE_EVENT_COMPONENT,752,"Small-Bore Rifle, Disappearing Target, 25 metres, Team, Men (Olympic)",Todos los pares internos son SAFE_EVENT_ALIAS; canon existente con menor redundancia numérica/semántica y cobertura determinista.
EV500129,888;1410,"Water Polo, Women (Olympic (non-medal)) | Water Polo, Women (Olympic)",aquatics,water polo,1,1,0,0,0,SAFE_EVENT_COMPONENT,1410,"Water Polo, Women (Olympic)",Todos los pares internos son SAFE_EVENT_ALIAS; canon existente con menor redundancia numérica/semántica y cobertura determinista.
EV500130,899;2914,"Individual, Women (Olympic) | Women's Individual",modern pentathlon,modern pentathlon,1,1,0,0,0,SAFE_EVENT_COMPONENT,899,"Individual, Women (Olympic)",Todos los pares internos son SAFE_EVENT_ALIAS; canon existente con menor redundancia numérica/semántica y cobertura determinista.
EV500131,908;2063,"Volleyball, Women (Olympic) | Volleyball Women's Volleyball",volleyball,volleyball,1,1,0,0,0,SAFE_EVENT_COMPONENT,908,"Volleyball, Women (Olympic)",Todos los pares internos son SAFE_EVENT_ALIAS; canon existente con menor redundancia numérica/semántica y cobertura determinista.
EV500132,909;2036,"Volleyball, Men (Olympic) | Volleyball Men's Volleyball",volleyball,volleyball,1,1,0,0,0,SAFE_EVENT_COMPONENT,909,"Volleyball, Men (Olympic)",Todos los pares internos son SAFE_EVENT_ALIAS; canon existente con menor redundancia numérica/semántica y cobertura determinista.
EV500133,927;2082;2912,"Long Jump, Women (Olympic) | Athletics Women's Long Jump | Women's Long Jump",athletics,athletics,3,2,0,0,1,REVIEW_EVENT_COMPONENT,,,Componente en revisión: contiene REVIEW/CONFLICT/MISSING_PAIR interno.
EV500134,981;1385,"Windsurfer, Women (Olympic) | Windsurfer, Women (Olympic (non-medal))",sailing,sailing,1,1,0,0,0,SAFE_EVENT_COMPONENT,981,"Windsurfer, Women (Olympic)",Todos los pares internos son SAFE_EVENT_ALIAS; canon existente con menor redundancia numérica/semántica y cobertura determinista.
EV500135,1012;2362;3029,"Multihull, Mixed (Olympic) | Sailing Mixed Multihull | Mixed Multihull",sailing,sailing,3,2,0,0,1,REVIEW_EVENT_COMPONENT,,,Componente en revisión: contiene REVIEW/CONFLICT/MISSING_PAIR interno.
EV500136,1017;1969;2888,"Javelin Throw, Women (Olympic) | Athletics Women's Javelin Throw | Women's Javelin Throw",athletics,athletics,3,2,0,0,1,REVIEW_EVENT_COMPONENT,,,Componente en revisión: contiene REVIEW/CONFLICT/MISSING_PAIR interno.
EV500137,1018;2280;2787,"Heptathlon, Women (Olympic) | Athletics Women's Heptathlon | Women's Heptathlon",athletics,athletics,3,2,0,0,1,REVIEW_EVENT_COMPONENT,,,Componente en revisión: contiene REVIEW/CONFLICT/MISSING_PAIR interno.
EV500138,1024;2199;2986,"High Jump, Women (Olympic) | Athletics Women's High Jump | Women's High Jump",athletics,athletics,3,2,0,0,1,REVIEW_EVENT_COMPONENT,,,Componente en revisión: contiene REVIEW/CONFLICT/MISSING_PAIR interno.
EV500139,1026;2129;2847,"Discus Throw, Women (Olympic) | Athletics Women's Discus Throw | Women's Discus Throw",athletics,athletics,3,2,0,0,1,REVIEW_EVENT_COMPONENT,,,Componente en revisión: contiene REVIEW/CONFLICT/MISSING_PAIR interno.
EV500140,1029;2002;2866,"Marathon, Women (Olympic) | Athletics Women's Marathon | Women's Marathon",athletics,athletics,3,2,0,0,1,REVIEW_EVENT_COMPONENT,,,Componente en revisión: contiene REVIEW/CONFLICT/MISSING_PAIR interno.
EV500141,1030;1996;2762,"Shot Put, Women (Olympic) | Athletics Women's Shot Put | Women's Shot Put",athletics,athletics,3,2,0,0,1,REVIEW_EVENT_COMPONENT,,,Componente en revisión: contiene REVIEW/CONFLICT/MISSING_PAIR interno.
EV500142,1032;2514;2872,"Hammer Throw, Women (Olympic) | Athletics Women's Hammer Throw | Women's Hammer Throw",athletics,athletics,3,2,0,0,1,REVIEW_EVENT_COMPONENT,,,Componente en revisión: contiene REVIEW/CONFLICT/MISSING_PAIR interno.
EV500143,1237;1257,"3,000 metres Relay, Women (Olympic) | 3,000 metres Relay, Women (Olympic (non-medal))",skating,short track speed skating,1,1,0,0,0,SAFE_EVENT_COMPONENT,1237,"3,000 metres Relay, Women (Olympic)",Todos los pares internos son SAFE_EVENT_ALIAS; canon existente con menor redundancia numérica/semántica y cobertura determinista.
EV500144,1240;1267,"Ice Dancing, Mixed (Olympic) | Ice Dancing, Mixed (Olympic (non-medal))",skating,figure skating,1,1,0,0,0,SAFE_EVENT_COMPONENT,1240,"Ice Dancing, Mixed (Olympic)",Todos los pares internos son SAFE_EVENT_ALIAS; canon existente con menor redundancia numérica/semántica y cobertura determinista.
EV500145,1251;1265,"Moguls, Women (Olympic) | Moguls, Women (Olympic (non-medal))",skiing,freestyle skiing,1,1,0,0,0,SAFE_EVENT_COMPONENT,1251,"Moguls, Women (Olympic)",Todos los pares internos son SAFE_EVENT_ALIAS; canon existente con menor redundancia numérica/semántica y cobertura determinista.
EV500146,1255;1256,"Aerials, Women (Olympic (non-medal)) | Aerials, Women (Olympic)",skiing,freestyle skiing,1,1,0,0,0,SAFE_EVENT_COMPONENT,1256,"Aerials, Women (Olympic)",Todos los pares internos son SAFE_EVENT_ALIAS; canon existente con menor redundancia numérica/semántica y cobertura determinista.
EV500147,1289;1291,"5,000 metres Relay, Men (Olympic (non-medal)) | 5,000 metres Relay, Men (Olympic)",skating,short track speed skating,1,1,0,0,0,SAFE_EVENT_COMPONENT,1291,"5,000 metres Relay, Men (Olympic)",Todos los pares internos son SAFE_EVENT_ALIAS; canon existente con menor redundancia numérica/semántica y cobertura determinista.
EV500148,1296;1326,"Moguls, Men (Olympic) | Moguls, Men (Olympic (non-medal))",skiing,freestyle skiing,1,1,0,0,0,SAFE_EVENT_COMPONENT,1296,"Moguls, Men (Olympic)",Todos los pares internos son SAFE_EVENT_ALIAS; canon existente con menor redundancia numérica/semántica y cobertura determinista.
EV500149,1313;1365,"Military Ski Patrol, Men (Olympic) | Military Ski Patrol, Men (Olympic (non-medal))",skiing,cross country skiing,1,1,0,0,0,SAFE_EVENT_COMPONENT,1365,"Military Ski Patrol, Men (Olympic (non-medal))",Todos los pares internos son SAFE_EVENT_ALIAS; canon existente con menor redundancia numérica/semántica y cobertura determinista.
EV500150,1314;1315,"Aerials, Men (Olympic (non-medal)) | Aerials, Men (Olympic)",skiing,freestyle skiing,1,1,0,0,0,SAFE_EVENT_COMPONENT,1315,"Aerials, Men (Olympic)",Todos los pares internos son SAFE_EVENT_ALIAS; canon existente con menor redundancia numérica/semántica y cobertura determinista.
EV500151,1335;2159,"2 × 6 kilometres and 2 × 7.5 kilometres Relay, Mixed (Olympic) | Biathlon Mixed 2 x 6 kilometres and 2 x 7.5 kilometres Relay",biathlon,biathlon,1,1,0,0,0,SAFE_EVENT_COMPONENT,1335,"2 × 6 kilometres and 2 × 7.5 kilometres Relay, Mixed (Olympic)",Todos los pares internos son SAFE_EVENT_ALIAS; canon existente con menor redundancia numérica/semántica y cobertura determinista.
EV500152,1379;2549;2915,"Omnium, Women (Olympic) | Cycling Women's Omnium | Women's Omnium",cycling,cycling track,3,2,0,0,1,REVIEW_EVENT_COMPONENT,,,Componente en revisión: contiene REVIEW/CONFLICT/MISSING_PAIR interno.
EV500153,1386;2841,"Trap, Team, Mixed (Olympic) | Trap Mixed Team",shooting,shooting,1,1,0,0,0,SAFE_EVENT_COMPONENT,1386,"Trap, Team, Mixed (Olympic)",Todos los pares internos son SAFE_EVENT_ALIAS; canon existente con menor redundancia numérica/semántica y cobertura determinista.
EV500154,1399;1403,"Welterweight, Women (Olympic) | Welterweight, Women (Olympic (non-medal))",taekwondo,taekwondo,1,1,0,0,0,SAFE_EVENT_COMPONENT,1399,"Welterweight, Women (Olympic)",Todos los pares internos son SAFE_EVENT_ALIAS; canon existente con menor redundancia numérica/semántica y cobertura determinista.
EV500155,1441;1442;2238,"Curling, Women (Olympic) | Curling, Women (Olympic (non-medal)) | Curling Women's Curling",curling,curling,3,2,0,0,1,REVIEW_EVENT_COMPONENT,,,Componente en revisión: contiene REVIEW/CONFLICT/MISSING_PAIR interno.
EV500156,1443;1444;2205,"Curling, Men (Olympic) | Curling, Men (Olympic (non-medal)) | Curling Men's Curling",curling,curling,3,2,0,0,1,REVIEW_EVENT_COMPONENT,,,Componente en revisión: contiene REVIEW/CONFLICT/MISSING_PAIR interno.
EV500157,1445;2202,"Ice Hockey, Women (Olympic) | Ice Hockey Women's Ice Hockey",ice hockey,ice hockey,1,1,0,0,0,SAFE_EVENT_COMPONENT,1445,"Ice Hockey, Women (Olympic)",Todos los pares internos son SAFE_EVENT_ALIAS; canon existente con menor redundancia numérica/semántica y cobertura determinista.
EV500158,1466;2289;3087,"Skiff, Women (Olympic) | Sailing Women's Skiff | Women's Skiff",sailing,sailing,3,2,0,0,1,REVIEW_EVENT_COMPONENT,,,Componente en revisión: contiene REVIEW/CONFLICT/MISSING_PAIR interno.
EV500159,1467;2453;3060,"Skiff, Men (Olympic) | Sailing Men's Skiff | Men's Skiff",sailing,sailing,3,2,0,0,1,REVIEW_EVENT_COMPONENT,,,Componente en revisión: contiene REVIEW/CONFLICT/MISSING_PAIR interno.
EV500160,1470;2474;2905,"Sabre, Individual, Women (Olympic) | Fencing Women's Sabre, Individual | Women's Sabre Individual",fencing,fencing,3,2,0,0,1,REVIEW_EVENT_COMPONENT,,,Componente en revisión: contiene REVIEW/CONFLICT/MISSING_PAIR interno.
EV500161,1471;2344;2906,"Sabre, Team, Women (Olympic) | Fencing Women's Sabre, Team | Women's Sabre Team",fencing,fencing,3,2,0,0,1,REVIEW_EVENT_COMPONENT,,,Componente en revisión: contiene REVIEW/CONFLICT/MISSING_PAIR interno.
EV500162,1472;3106,"Relay, Mixed (Olympic) | Mixed Relay",triathlon,triathlon,1,1,0,0,0,SAFE_EVENT_COMPONENT,1472,"Relay, Mixed (Olympic)",Todos los pares internos son SAFE_EVENT_ALIAS; canon existente con menor redundancia numérica/semántica y cobertura determinista.
EV500163,1473;2467;3044,"Team Pursuit, Women (Olympic) | Cycling Women's Team Pursuit | Women's Team Pursuit",cycling,cycling track,3,2,0,0,1,REVIEW_EVENT_COMPONENT,,,Componente en revisión: contiene REVIEW/CONFLICT/MISSING_PAIR interno.
EV500164,1475;3052,"Doubles, Mixed (Olympic) | Mixed Doubles",table tennis,table tennis,1,1,0,0,0,SAFE_EVENT_COMPONENT,1475,"Doubles, Mixed (Olympic)",Todos los pares internos son SAFE_EVENT_ALIAS; canon existente con menor redundancia numérica/semántica y cobertura determinista.
EV500165,1494;2717,"Team, Mixed (Olympic) | Mixed Team",judo,judo,1,1,0,0,0,SAFE_EVENT_COMPONENT,1494,"Team, Mixed (Olympic)",Todos los pares internos son SAFE_EVENT_ALIAS; canon existente con menor redundancia numérica/semántica y cobertura determinista.
EV500166,1600;2957,"Madison, Women (Olympic) | Women's Madison",cycling,cycling track,1,1,0,0,0,SAFE_EVENT_COMPONENT,1600,"Madison, Women (Olympic)",Todos los pares internos son SAFE_EVENT_ALIAS; canon existente con menor redundancia numérica/semántica y cobertura determinista.
EV500167,1677;2873,"Park, Men (Olympic) | Men's Park",roller sports,skateboarding,1,1,0,0,0,SAFE_EVENT_COMPONENT,1677,"Park, Men (Olympic)",Todos los pares internos son SAFE_EVENT_ALIAS; canon existente con menor redundancia numérica/semántica y cobertura determinista.
EV500168,1878;2970,"Park, Women (Olympic) | Women's Park",cycling,bmx freestyle,1,1,0,0,0,SAFE_EVENT_COMPONENT,1878,"Park, Women (Olympic)",Todos los pares internos son SAFE_EVENT_ALIAS; canon existente con menor redundancia numérica/semántica y cobertura determinista.
EV500169,1881;2992,"Combined, Women (Olympic) | Women's Combined",sport climbing,sport climbing,1,1,0,0,0,SAFE_EVENT_COMPONENT,1881,"Combined, Women (Olympic)",Todos los pares internos son SAFE_EVENT_ALIAS; canon existente con menor redundancia numérica/semántica y cobertura determinista.
EV500170,1882;2972,"Street, Women (Olympic) | Women's Street",roller sports,skateboarding,1,1,0,0,0,SAFE_EVENT_COMPONENT,1882,"Street, Women (Olympic)",Todos los pares internos son SAFE_EVENT_ALIAS; canon existente con menor redundancia numérica/semántica y cobertura determinista.
EV500171,1883;2923,"Park, Women (Olympic) | Women's Park",roller sports,skateboarding,1,1,0,0,0,SAFE_EVENT_COMPONENT,1883,"Park, Women (Olympic)",Todos los pares internos son SAFE_EVENT_ALIAS; canon existente con menor redundancia numérica/semántica y cobertura determinista.
EV500172,1885;2989,"Park, Men (Olympic) | Men's Park",cycling,bmx freestyle,1,1,0,0,0,SAFE_EVENT_COMPONENT,1885,"Park, Men (Olympic)",Todos los pares internos son SAFE_EVENT_ALIAS; canon existente con menor redundancia numérica/semántica y cobertura determinista.
EV500173,1886;2994,"Combined, Men (Olympic) | Men's Combined",sport climbing,sport climbing,1,1,0,0,0,SAFE_EVENT_COMPONENT,1886,"Combined, Men (Olympic)",Todos los pares internos son SAFE_EVENT_ALIAS; canon existente con menor redundancia numérica/semántica y cobertura determinista.
EV500174,1888;2907,"Street, Men (Olympic) | Men's Street",roller sports,skateboarding,1,1,0,0,0,SAFE_EVENT_COMPONENT,1888,"Street, Men (Olympic)",Todos los pares internos son SAFE_EVENT_ALIAS; canon existente con menor redundancia numérica/semántica y cobertura determinista.
EV500175,1894;2853,"Kata, Men (Olympic) | Men's Kata",karate,karate,1,1,0,0,0,SAFE_EVENT_COMPONENT,1894,"Kata, Men (Olympic)",Todos los pares internos son SAFE_EVENT_ALIAS; canon existente con menor redundancia numérica/semántica y cobertura determinista.
EV500176,1895;2867,"Kata, Women (Olympic) | Women's Kata",karate,karate,1,1,0,0,0,SAFE_EVENT_COMPONENT,1895,"Kata, Women (Olympic)",Todos los pares internos son SAFE_EVENT_ALIAS; canon existente con menor redundancia numérica/semántica y cobertura determinista.
