muestra,componente_atleta,miembros,nombres,tamano,fuentes,pares_evaluados,pares_safe,pares_review_conflict,pares_same_source_review,transitividad_insegura,attribute_conflict,clasificacion,id_atleta_canonico_propuesto,nombre_canonico_propuesto,puntuacion_completitud_canonico,razon,campos_a_rellenar,campos_attribute_conflict,id_atleta_origen_a,nombre_a,id_atleta_origen_b,nombre_b,fuentes_atleta_a,fuentes_atleta_b,ids_originales_a,ids_originales_b,contextos_compartidos,biografia_estado,senales_altura_peso,same_source,event_aliases_used,componente_evento,deportes,disciplinas,generos,pares_conflict_review,pares_faltantes,coexistencia,id_evento_canonico_propuesto
SAFE_ATHLETE_COMPONENT,AT000007,49;157348,Alison Gordon | Alison Helen Gordon,2.0,fuente1 | fuente2 | fuente3,1.0,1.0,0.0,0.0,NO,NO,SAFE_ATHLETE_COMPONENT,49,Alison Gordon,12/4,"Componente clique con todos los pares SAFE; canon por completitud biográfica, luego ID estable.",,,,,,,,,,,,,,,,,,,,,,,
SAFE_ATHLETE_COMPONENT,AT000010,55;160544,Monique Javer | Monique Alicia Javer,2.0,fuente1 | fuente2 | fuente3,1.0,1.0,0.0,0.0,NO,NO,SAFE_ATHLETE_COMPONENT,55,Monique Javer,12/4,"Componente clique con todos los pares SAFE; canon por completitud biográfica, luego ID estable.",,,,,,,,,,,,,,,,,,,,,,,
SAFE_ATHLETE_COMPONENT,AT000011,66;175372,Sara Sankey | Sara Louise Sankey,2.0,fuente1 | fuente2 | fuente3,1.0,1.0,0.0,0.0,NO,NO,SAFE_ATHLETE_COMPONENT,66,Sara Sankey,13/4,"Componente clique con todos los pares SAFE; canon por completitud biográfica, luego ID estable.",,,,,,,,,,,,,,,,,,,,,,,
SAFE_ATHLETE_COMPONENT,AT000013,70;180075,Helen Troke | Helen Suzanne Troke,2.0,fuente1 | fuente2 | fuente3,1.0,1.0,0.0,0.0,NO,NO,SAFE_ATHLETE_COMPONENT,70,Helen Troke,13/4,"Componente clique con todos los pares SAFE; canon por completitud biográfica, luego ID estable.",,,,,,,,,,,,,,,,,,,,,,,
SAFE_ATHLETE_COMPONENT,AT000018,96;157318,Andy Goode | Andy Brian Goode,2.0,fuente1 | fuente2 | fuente3,1.0,1.0,0.0,0.0,NO,NO,SAFE_ATHLETE_COMPONENT,96,Andy Goode,12/4,"Componente clique con todos los pares SAFE; canon por completitud biográfica, luego ID estable.",,,,,,,,,,,,,,,,,,,,,,,
SAFE_ATHLETE_COMPONENT,AT000045,259;166427,Tonny Maringgi | Tonny Z. Maringgi,2.0,fuente1 | fuente2 | fuente3,1.0,1.0,0.0,0.0,NO,NO,SAFE_ATHLETE_COMPONENT,259,Tonny Maringgi,16/4,"Componente clique con todos los pares SAFE; canon por completitud biográfica, luego ID estable.",,,,,,,,,,,,,,,,,,,,,,,
SAFE_ATHLETE_COMPONENT,AT000079,407;155153,Luis González | Luis Alberto de Jesus Fernndez Gonzalez,2.0,fuente1 | fuente2 | fuente3,1.0,1.0,0.0,0.0,NO,YES,SAFE_ATHLETE_COMPONENT,407,Luis González,12/4,"Componente clique con todos los pares SAFE; canon por completitud biográfica, luego ID estable.",,altura_cm;peso_kg,,,,,,,,,,,,,,,,,,,,,
SAFE_ATHLETE_COMPONENT,AT000094,487;165763,Arthur Mabillon | Franois Arthur Mabillon,2.0,fuente1 | fuente2,1.0,1.0,0.0,0.0,NO,NO,SAFE_ATHLETE_COMPONENT,487,Arthur Mabillon,15/4,"Componente clique con todos los pares SAFE; canon por completitud biográfica, luego ID estable.",,,,,,,,,,,,,,,,,,,,,,,
SAFE_ATHLETE_COMPONENT,AT000218,1153;153165,Frederick Desrosiers | Frederick C. Desrosiers,2.0,fuente1 | fuente2 | fuente3,1.0,1.0,0.0,0.0,NO,NO,SAFE_ATHLETE_COMPONENT,1153,Frederick Desrosiers,16/4,"Componente clique con todos los pares SAFE; canon por completitud biográfica, luego ID estable.",,,,,,,,,,,,,,,,,,,,,,,
SAFE_ATHLETE_COMPONENT,AT000219,1193;164211,Louis Lavoie | Louis A. Lavoie,2.0,fuente1 | fuente2 | fuente3,1.0,1.0,0.0,0.0,NO,NO,SAFE_ATHLETE_COMPONENT,1193,Louis Lavoie,15/4,"Componente clique con todos los pares SAFE; canon por completitud biográfica, luego ID estable.",,,,,,,,,,,,,,,,,,,,,,,
SAFE_ATHLETE_COMPONENT,AT000269,1722;162780,Poul Kops | Poul Brge Kops,2.0,fuente1 | fuente2 | fuente3,1.0,1.0,0.0,0.0,NO,NO,SAFE_ATHLETE_COMPONENT,1722,Poul Kops,15/4,"Componente clique con todos los pares SAFE; canon por completitud biográfica, luego ID estable.",,,,,,,,,,,,,,,,,,,,,,,
SAFE_ATHLETE_COMPONENT,AT000270,1737;167737,Achton Mikkelsen | Achton Kjr Mikkelsen,2.0,fuente1 | fuente2 | fuente3,1.0,1.0,0.0,0.0,NO,NO,SAFE_ATHLETE_COMPONENT,1737,Achton Mikkelsen,14/4,"Componente clique con todos los pares SAFE; canon por completitud biográfica, luego ID estable.",,,,,,,,,,,,,,,,,,,,,,,
SAFE_ATHLETE_COMPONENT,AT000271,1770;152307,Victoriano Sosa | Victoriano Damin Sosa,2.0,fuente1 | fuente2 | fuente3,1.0,1.0,0.0,0.0,NO,NO,SAFE_ATHLETE_COMPONENT,1770,Victoriano Sosa,11/4,"Componente clique con todos los pares SAFE; canon por completitud biográfica, luego ID estable.",,,,,,,,,,,,,,,,,,,,,,,
SAFE_ATHLETE_COMPONENT,AT000272,1813;210773,Talaat Dahshan | Talaat El-dahshan,2.0,fuente1 | fuente2 | fuente3,1.0,1.0,0.0,0.0,NO,NO,SAFE_ATHLETE_COMPONENT,1813,Talaat Dahshan,14/4,"Componente clique con todos los pares SAFE; canon por completitud biográfica, luego ID estable.",,,,,,,,,,,,,,,,,,,,,,,
SAFE_ATHLETE_COMPONENT,AT000274,1819;233439,Mohi Hamaky | Mohi El-hamaky,2.0,fuente1 | fuente2 | fuente3,1.0,1.0,0.0,0.0,NO,NO,SAFE_ATHLETE_COMPONENT,1819,Mohi Hamaky,16/4,"Componente clique con todos los pares SAFE; canon por completitud biográfica, luego ID estable.",,,,,,,,,,,,,,,,,,,,,,,
SAFE_ATHLETE_COMPONENT,AT000334,2061;172557,Jan Popowicz | Jan Zdzisaw Popowicz,2.0,fuente1 | fuente2 | fuente3,1.0,1.0,0.0,0.0,NO,NO,SAFE_ATHLETE_COMPONENT,2061,Jan Popowicz,13/4,"Componente clique con todos los pares SAFE; canon por completitud biográfica, luego ID estable.",,,,,,,,,,,,,,,,,,,,,,,
SAFE_ATHLETE_COMPONENT,AT000338,2083;148171,Edgardo Berdeguer | Edgardo R. Berdeguer,2.0,fuente1 | fuente2 | fuente3,1.0,1.0,0.0,0.0,NO,NO,SAFE_ATHLETE_COMPONENT,2083,Edgardo Berdeguer,9/4,"Componente clique con todos los pares SAFE; canon por completitud biográfica, luego ID estable.",,,,,,,,,,,,,,,,,,,,,,,
SAFE_ATHLETE_COMPONENT,AT000370,2273;166189,Alberto Mancini | Alberto Csar Mancini,2.0,fuente1 | fuente2 | fuente3,1.0,1.0,0.0,0.0,NO,NO,SAFE_ATHLETE_COMPONENT,2273,Alberto Mancini,12/4,"Componente clique con todos los pares SAFE; canon por completitud biográfica, luego ID estable.",,,,,,,,,,,,,,,,,,,,,,,
SAFE_ATHLETE_COMPONENT,AT000412,2484;148904,Maria Bogoslov | Maria Lenua Bogoslov,2.0,fuente1 | fuente2 | fuente3,1.0,1.0,0.0,0.0,NO,NO,SAFE_ATHLETE_COMPONENT,2484,Maria Bogoslov,10/4,"Componente clique con todos los pares SAFE; canon por completitud biográfica, luego ID estable.",,,,,,,,,,,,,,,,,,,,,,,
SAFE_ATHLETE_COMPONENT,AT000476,2826;152683,Felipe de la Pozas | Felipe de la Pozas y Piad,2.0,fuente1 | fuente2,1.0,1.0,0.0,0.0,NO,NO,SAFE_ATHLETE_COMPONENT,2826,Felipe de la Pozas,8/4,"Componente clique con todos los pares SAFE; canon por completitud biográfica, luego ID estable.",,,,,,,,,,,,,,,,,,,,,,,
SAFE_ATHLETE_COMPONENT,AT000477,2835;158131,Emanuil Gyaurov | Emanuil Mikhaylov Gyaurov,2.0,fuente1 | fuente2 | fuente3,1.0,1.0,0.0,0.0,NO,NO,SAFE_ATHLETE_COMPONENT,2835,Emanuil Gyaurov,14/4,"Componente clique con todos los pares SAFE; canon por completitud biográfica, luego ID estable.",,,,,,,,,,,,,,,,,,,,,,,
SAFE_ATHLETE_COMPONENT,AT000491,3013;153669,Jean Dortet | Jean Andr Dortet,2.0,fuente1 | fuente2 | fuente3,1.0,1.0,0.0,0.0,NO,NO,SAFE_ATHLETE_COMPONENT,3013,Jean Dortet,15/4,"Componente clique con todos los pares SAFE; canon por completitud biográfica, luego ID estable.",,,,,,,,,,,,,,,,,,,,,,,
SAFE_ATHLETE_COMPONENT,AT000493,3023;155786,Paul Fritsch | Paul Franois Nicolas Fritsch,2.0,fuente1 | fuente2 | fuente3,1.0,1.0,0.0,0.0,NO,NO,SAFE_ATHLETE_COMPONENT,3023,Paul Fritsch,17/4,"Componente clique con todos los pares SAFE; canon por completitud biográfica, luego ID estable.",,,,,,,,,,,,,,,,,,,,,,,
SAFE_ATHLETE_COMPONENT,AT000494,3031;157113,Joseph Gonzales | Joseph Franois Gonzales,2.0,fuente1 | fuente2 | fuente3,1.0,1.0,0.0,0.0,NO,NO,SAFE_ATHLETE_COMPONENT,3031,Joseph Gonzales,12/4,"Componente clique con todos los pares SAFE; canon por completitud biográfica, luego ID estable.",,,,,,,,,,,,,,,,,,,,,,,
SAFE_ATHLETE_COMPONENT,AT000495,3036;160976,Jean Josselin | Jean Pierre Andr Josselin,2.0,fuente1 | fuente2 | fuente3,1.0,1.0,0.0,0.0,NO,NO,SAFE_ATHLETE_COMPONENT,3036,Jean Josselin,16/4,"Componente clique con todos los pares SAFE; canon por completitud biográfica, luego ID estable.",,,,,,,,,,,,,,,,,,,,,,,
SAFE_ATHLETE_COMPONENT,AT000497,3079;174506,Joseph Roude | Joseph E. Roude,2.0,fuente1 | fuente2 | fuente3,1.0,1.0,0.0,0.0,NO,NO,SAFE_ATHLETE_COMPONENT,3079,Joseph Roude,14/4,"Componente clique con todos los pares SAFE; canon por completitud biográfica, luego ID estable.",,,,,,,,,,,,,,,,,,,,,,,
SAFE_ATHLETE_COMPONENT,AT000502,3132;148955,Eduardo Bojorge | Eduardo Martn Bojorge,2.0,fuente1 | fuente2 | fuente3,1.0,1.0,0.0,0.0,NO,NO,SAFE_ATHLETE_COMPONENT,3132,Eduardo Bojorge,7/4,"Componente clique con todos los pares SAFE; canon por completitud biográfica, luego ID estable.",,,,,,,,,,,,,,,,,,,,,,,
SAFE_ATHLETE_COMPONENT,AT000512,3250;159072,Ruperto Herrera | Ruperto Herrera Tabio,2.0,fuente1 | fuente2,1.0,1.0,0.0,0.0,NO,NO,SAFE_ATHLETE_COMPONENT,3250,Ruperto Herrera,11/4,"Componente clique con todos los pares SAFE; canon por completitud biográfica, luego ID estable.",,,,,,,,,,,,,,,,,,,,,,,
SAFE_ATHLETE_COMPONENT,AT000518,3274;164201,Frank Lavernia | Frank Manuel Lavernia Hernndez,2.0,fuente1 | fuente2,1.0,1.0,0.0,0.0,NO,NO,SAFE_ATHLETE_COMPONENT,3274,Frank Lavernia,14/4,"Componente clique con todos los pares SAFE; canon por completitud biográfica, luego ID estable.",,,,,,,,,,,,,,,,,,,,,,,
SAFE_ATHLETE_COMPONENT,AT000523,3289;168200,Francisco Moniz | Francisco Andr Moniz,2.0,fuente1 | fuente2 | fuente3,1.0,1.0,0.0,0.0,NO,NO,SAFE_ATHLETE_COMPONENT,3289,Francisco Moniz,13/4,"Componente clique con todos los pares SAFE; canon por completitud biográfica, luego ID estable.",,,,,,,,,,,,,,,,,,,,,,,
REVIEW_ATHLETE_COMPONENT,AT000001,2;197394,Arnaud Boetsch | Arnaud Boetsch,2.0,fuente1 | fuente2 | fuente3,1.0,0.0,1.0,1.0,NO,NO,REVIEW_ATHLETE_COMPONENT,2,Arnaud Boetsch,13/4,contiene pares no SAFE_ATHLETE_PAIR; contiene SAME_SOURCE_REVIEW,,,,,,,,,,,,,,,,,,,,,,,
REVIEW_ATHLETE_COMPONENT,AT000002,6;205589,Nicolas Chatelain | Nicolas Chatelain,2.0,fuente1 | fuente2 | fuente3,1.0,0.0,1.0,1.0,NO,NO,REVIEW_ATHLETE_COMPONENT,6,Nicolas Chatelain,13/4,contiene pares no SAFE_ATHLETE_PAIR; contiene SAME_SOURCE_REVIEW,,,,,,,,,,,,,,,,,,,,,,,
REVIEW_ATHLETE_COMPONENT,AT000003,8;207610,Henri Cochet | Henri Cochet,2.0,fuente1 | fuente2 | fuente3,1.0,0.0,1.0,1.0,NO,NO,REVIEW_ATHLETE_COMPONENT,8,Henri Cochet,15/4,contiene pares no SAFE_ATHLETE_PAIR; contiene SAME_SOURCE_REVIEW,,,,,,,,,,,,,,,,,,,,,,,
REVIEW_ATHLETE_COMPONENT,AT000004,25;256063,Paul Lecaron | Paul Lecaron,2.0,fuente1 | fuente2 | fuente3,1.0,0.0,1.0,1.0,NO,NO,REVIEW_ATHLETE_COMPONENT,25,Paul Lecaron,15/4,contiene pares no SAFE_ATHLETE_PAIR; contiene SAME_SOURCE_REVIEW,,,,,,,,,,,,,,,,,,,,,,,
REVIEW_ATHLETE_COMPONENT,AT000005,32;289990,Guillaume Raoux | Guillaume Raoux,2.0,fuente1 | fuente2 | fuente3,1.0,0.0,1.0,1.0,NO,NO,REVIEW_ATHLETE_COMPONENT,32,Guillaume Raoux,13/4,contiene pares no SAFE_ATHLETE_PAIR; contiene SAME_SOURCE_REVIEW,,,,,,,,,,,,,,,,,,,,,,,
REVIEW_ATHLETE_COMPONENT,AT000006,34;296583,Jean-Pierre Samazeuilh | Jean-Pierre Samazeuilh,2.0,fuente1 | fuente2 | fuente3,1.0,0.0,1.0,1.0,NO,NO,REVIEW_ATHLETE_COMPONENT,34,Jean-Pierre Samazeuilh,14/4,contiene pares no SAFE_ATHLETE_PAIR; contiene SAME_SOURCE_REVIEW,,,,,,,,,,,,,,,,,,,,,,,
REVIEW_ATHLETE_COMPONENT,AT000008,51;230779,Alice Greene | Alice Greene,2.0,fuente1 | fuente2 | fuente3,1.0,0.0,1.0,1.0,NO,NO,REVIEW_ATHLETE_COMPONENT,51,Alice Greene,13/4,contiene pares no SAFE_ATHLETE_PAIR; contiene SAME_SOURCE_REVIEW,,,,,,,,,,,,,,,,,,,,,,,
REVIEW_ATHLETE_COMPONENT,AT000009,54;238011,Andrea Holt | Andrea Holt,2.0,fuente1 | fuente2 | fuente3,1.0,0.0,1.0,1.0,NO,NO,REVIEW_ATHLETE_COMPONENT,54,Andrea Holt,13/4,contiene pares no SAFE_ATHLETE_PAIR; contiene SAME_SOURCE_REVIEW,,,,,,,,,,,,,,,,,,,,,,,
REVIEW_ATHLETE_COMPONENT,AT000012,68;301195,Dorothy Shepherd-Barron | Dorothy Shepherd-barron,2.0,fuente1 | fuente2 | fuente3,1.0,0.0,1.0,1.0,NO,NO,REVIEW_ATHLETE_COMPONENT,68,Dorothy Shepherd-Barron,14/4,contiene pares no SAFE_ATHLETE_PAIR; contiene SAME_SOURCE_REVIEW,,,,,,,,,,,,,,,,,,,,,,,
REVIEW_ATHLETE_COMPONENT,AT000014,86;209423,Walter Crawley | Walter Crawley,2.0,fuente1 | fuente2 | fuente3,1.0,0.0,1.0,1.0,NO,NO,REVIEW_ATHLETE_COMPONENT,86,Walter Crawley,14/4,contiene pares no SAFE_ATHLETE_PAIR; contiene SAME_SOURCE_REVIEW,,,,,,,,,,,,,,,,,,,,,,,
REVIEW_ATHLETE_COMPONENT,AT000015,90;216732,Desmond Douglas | Desmond Douglas,2.0,fuente1 | fuente2 | fuente3,1.0,0.0,1.0,1.0,NO,NO,REVIEW_ATHLETE_COMPONENT,90,Desmond Douglas,13/4,contiene pares no SAFE_ATHLETE_PAIR; contiene SAME_SOURCE_REVIEW,,,,,,,,,,,,,,,,,,,,,,,
REVIEW_ATHLETE_COMPONENT,AT000016,92;220245,Lionel Escombe | Lionel Escombe,2.0,fuente1 | fuente2 | fuente3,1.0,0.0,1.0,1.0,NO,NO,REVIEW_ATHLETE_COMPONENT,92,Lionel Escombe,14/4,contiene pares no SAFE_ATHLETE_PAIR; contiene SAME_SOURCE_REVIEW,,,,,,,,,,,,,,,,,,,,,,,
REVIEW_ATHLETE_COMPONENT,AT000017,95;228918,Leslie Godfree | Leslie Godfree,2.0,fuente1 | fuente2 | fuente3,1.0,0.0,1.0,1.0,NO,NO,REVIEW_ATHLETE_COMPONENT,95,Leslie Godfree,14/4,contiene pares no SAFE_ATHLETE_PAIR; contiene SAME_SOURCE_REVIEW,,,,,,,,,,,,,,,,,,,,,,,
REVIEW_ATHLETE_COMPONENT,AT000019,100;237091,George Hillyard | George Hillyard,2.0,fuente1 | fuente2 | fuente3,1.0,0.0,1.0,1.0,NO,NO,REVIEW_ATHLETE_COMPONENT,100,George Hillyard,14/4,contiene pares no SAFE_ATHLETE_PAIR; contiene SAME_SOURCE_REVIEW,,,,,,,,,,,,,,,,,,,,,,,
REVIEW_ATHLETE_COMPONENT,AT000020,102;248735,Algernon Kingscote | Algernon Kingscote,2.0,fuente1 | fuente2 | fuente3,1.0,0.0,1.0,1.0,NO,NO,REVIEW_ATHLETE_COMPONENT,102,Algernon Kingscote,15/4,contiene pares no SAFE_ATHLETE_PAIR; contiene SAME_SOURCE_REVIEW,,,,,,,,,,,,,,,,,,,,,,,
REVIEW_ATHLETE_COMPONENT,AT000021,104;260892,Arthur Lowe | Arthur Lowe,2.0,fuente1 | fuente2 | fuente3,1.0,0.0,1.0,1.0,NO,NO,REVIEW_ATHLETE_COMPONENT,104,Arthur Lowe,14/4,contiene pares no SAFE_ATHLETE_PAIR; contiene SAME_SOURCE_REVIEW,,,,,,,,,,,,,,,,,,,,,,,
REVIEW_ATHLETE_COMPONENT,AT000022,109;277251,Arthur Norris | Arthur Norris,2.0,fuente1 | fuente2 | fuente3,1.0,0.0,1.0,1.0,NO,NO,REVIEW_ATHLETE_COMPONENT,109,Arthur Norris,7/3,contiene pares no SAFE_ATHLETE_PAIR; contiene SAME_SOURCE_REVIEW,,,,,,,,,,,,,,,,,,,,,,,
REVIEW_ATHLETE_COMPONENT,AT000023,110;282008,James Parke | James Parke,2.0,fuente1 | fuente2 | fuente3,1.0,0.0,1.0,1.0,NO,NO,REVIEW_ATHLETE_COMPONENT,110,James Parke,15/5,contiene pares no SAFE_ATHLETE_PAIR; contiene SAME_SOURCE_REVIEW,,,,,,,,,,,,,,,,,,,,,,,
REVIEW_ATHLETE_COMPONENT,AT000024,117;309273,Matthew Syed | Matthew Syed,2.0,fuente1 | fuente2 | fuente3,1.0,0.0,1.0,1.0,NO,NO,REVIEW_ATHLETE_COMPONENT,117,Matthew Syed,12/4,contiene pares no SAFE_ATHLETE_PAIR; contiene SAME_SOURCE_REVIEW,,,,,,,,,,,,,,,,,,,,,,,
REVIEW_ATHLETE_COMPONENT,AT000025,130;277071,Katja Nolten | Katja Nolten,2.0,fuente1 | fuente2 | fuente3,1.0,0.0,1.0,1.0,NO,NO,REVIEW_ATHLETE_COMPONENT,130,Katja Nolten,13/4,contiene pares no SAFE_ATHLETE_PAIR; contiene SAME_SOURCE_REVIEW,,,,,,,,,,,,,,,,,,,,,,,
REVIEW_ATHLETE_COMPONENT,AT000026,138;193644,Boris Becker | Boris Becker,2.0,fuente1 | fuente2 | fuente3,1.0,0.0,1.0,1.0,NO,NO,REVIEW_ATHLETE_COMPONENT,138,Boris Becker,14/4,contiene pares no SAFE_ATHLETE_PAIR; contiene SAME_SOURCE_REVIEW,,,,,,,,,,,,,,,,,,,,,,,
REVIEW_ATHLETE_COMPONENT,AT000027,141;224484,Peter Franz | Peter Franz,2.0,fuente1 | fuente2 | fuente3,1.0,0.0,1.0,1.0,NO,NO,REVIEW_ATHLETE_COMPONENT,141,Peter Franz,13/4,contiene pares no SAFE_ATHLETE_PAIR; contiene SAME_SOURCE_REVIEW,,,,,,,,,,,,,,,,,,,,,,,
REVIEW_ATHLETE_COMPONENT,AT000028,143;225032,Otto Froitzheim | Otto Froitzheim,2.0,fuente1 | fuente2 | fuente3,1.0,0.0,1.0,1.0,NO,NO,REVIEW_ATHLETE_COMPONENT,143,Otto Froitzheim,15/4,contiene pares no SAFE_ATHLETE_PAIR; contiene SAME_SOURCE_REVIEW,,,,,,,,,,,,,,,,,,,,,,,
REVIEW_ATHLETE_COMPONENT,AT000029,144;228964,Marc-Kevin Goellner | Marc-Kevin Goellner,2.0,fuente1 | fuente2 | fuente3,1.0,0.0,1.0,1.0,NO,NO,REVIEW_ATHLETE_COMPONENT,144,Marc-Kevin Goellner,13/4,contiene pares no SAFE_ATHLETE_PAIR; contiene SAME_SOURCE_REVIEW,,,,,,,,,,,,,,,,,,,,,,,
REVIEW_ATHLETE_COMPONENT,AT000030,148;242569,Eric Jelen | Eric Jelen,2.0,fuente1 | fuente2 | fuente3,1.0,0.0,1.0,1.0,NO,NO,REVIEW_ATHLETE_COMPONENT,148,Eric Jelen,13/4,contiene pares no SAFE_ATHLETE_PAIR; contiene SAME_SOURCE_REVIEW,,,,,,,,,,,,,,,,,,,,,,,
REVIEW_ATHLETE_COMPONENT,AT000031,151;252980,Stephan Kuhl | Stephan Kuhl,2.0,fuente1 | fuente2 | fuente3,1.0,0.0,1.0,1.0,NO,NO,REVIEW_ATHLETE_COMPONENT,151,Stephan Kuhl,13/4,contiene pares no SAFE_ATHLETE_PAIR; contiene SAME_SOURCE_REVIEW,,,,,,,,,,,,,,,,,,,,,,,
REVIEW_ATHLETE_COMPONENT,AT000032,161;307109,Michael Stich | Michael Stich,2.0,fuente1 | fuente2 | fuente3,1.0,0.0,1.0,1.0,NO,NO,REVIEW_ATHLETE_COMPONENT,161,Michael Stich,13/4,contiene pares no SAFE_ATHLETE_PAIR; contiene SAME_SOURCE_REVIEW,,,,,,,,,,,,,,,,,,,,,,,
REVIEW_ATHLETE_COMPONENT,AT000033,165;186981,Helen Amankwah | Helen Amankwah,2.0,fuente1 | fuente2 | fuente3,1.0,0.0,1.0,1.0,NO,NO,REVIEW_ATHLETE_COMPONENT,165,Helen Amankwah,7/4,contiene pares no SAFE_ATHLETE_PAIR; contiene SAME_SOURCE_REVIEW,,,,,,,,,,,,,,,,,,,,,,,
REVIEW_ATHLETE_COMPONENT,AT000034,167;279582,Patience Opokua | Patience Opokua,2.0,fuente1 | fuente2 | fuente3,1.0,0.0,1.0,1.0,NO,NO,REVIEW_ATHLETE_COMPONENT,167,Patience Opokua,7/4,contiene pares no SAFE_ATHLETE_PAIR; contiene SAME_SOURCE_REVIEW,,,,,,,,,,,,,,,,,,,,,,,
REVIEW_ATHLETE_COMPONENT,AT000035,173;185272,Aristidis Akratopoulos | Aristidis Akratopoulos,2.0,fuente1 | fuente2 | fuente3,1.0,0.0,1.0,1.0,NO,NO,REVIEW_ATHLETE_COMPONENT,173,Aristidis Akratopoulos,8/3,contiene pares no SAFE_ATHLETE_PAIR; contiene SAME_SOURCE_REVIEW,,,,,,,,,,,,,,,,,,,,,,,
SAME_SOURCE_REVIEW,,,,,,,,,,,,SAME_SOURCE_REVIEW,,,,SAME_SOURCE_REVIEW: fuente3,,,2,Arnaud Boetsch,197394,Arnaud Boetsch,fuente1 | fuente2 | fuente3,fuente3,fuente1:2 | fuente2:12698 | fuente3:24217,fuente3:24218,"[""1996 Summer | FRA | France | 2 | ""]",UNKNOWN/COMPATIBLE,,fuente3,SAFE_EVENT_COMPONENT_ONLY,,,,,,,,
SAME_SOURCE_REVIEW,,,,,,,,,,,,SAME_SOURCE_REVIEW,,,,SAME_SOURCE_REVIEW: fuente3,,,6,Nicolas Chatelain,205589,Nicolas Chatelain,fuente1 | fuente2 | fuente3,fuente3,fuente1:6 | fuente2:19978 | fuente3:38833,fuente3:38834,"[""1992 Summer | FRA | France-1 | 2245 | ""]",UNKNOWN/COMPATIBLE,,fuente3,SAFE_EVENT_COMPONENT_ONLY,,,,,,,,
SAME_SOURCE_REVIEW,,,,,,,,,,,,SAME_SOURCE_REVIEW,,,,SAME_SOURCE_REVIEW: fuente3,,,8,Henri Cochet,207610,Henri Cochet,fuente1 | fuente2 | fuente3,fuente3,fuente1:8 | fuente2:22149 | fuente3:42945,fuente3:42946,"[""1924 Summer | FRA | France-1 | 2 | Silver""]",UNKNOWN/COMPATIBLE,,fuente3,SAFE_EVENT_COMPONENT_ONLY,,,,,,,,
SAME_SOURCE_REVIEW,,,,,,,,,,,,SAME_SOURCE_REVIEW,,,,SAME_SOURCE_REVIEW: fuente3,,,25,Paul Lecaron,256063,Paul Lecaron,fuente1 | fuente2 | fuente3,fuente3,fuente1:25 | fuente2:67675 | fuente3:134427,fuente3:134428,"[""1900 Summer | FRA | France-3 | 2 | ""]",UNKNOWN/COMPATIBLE,,fuente3,SAFE_EVENT_COMPONENT_ONLY,,,,,,,,
SAME_SOURCE_REVIEW,,,,,,,,,,,,SAME_SOURCE_REVIEW,,,,SAME_SOURCE_REVIEW: fuente3,,,32,Guillaume Raoux,289990,Guillaume Raoux,fuente1 | fuente2 | fuente3,fuente3,fuente1:32 | fuente2:98917 | fuente3:197035,fuente3:197036,"[""1996 Summer | FRA | France | 2 | ""]",UNKNOWN/COMPATIBLE,,fuente3,SAFE_EVENT_COMPONENT_ONLY,,,,,,,,
SAME_SOURCE_REVIEW,,,,,,,,,,,,SAME_SOURCE_REVIEW,,,,SAME_SOURCE_REVIEW: fuente3,,,34,Jean-Pierre Samazeuilh,296583,Jean-Pierre Samazeuilh,fuente1 | fuente2 | fuente3,fuente3,fuente1:34 | fuente2:104955 | fuente3:209055,fuente3:209056,"[""1920 Summer | FRA | France-2 | 2 | ""]",UNKNOWN/COMPATIBLE,,fuente3,SAFE_EVENT_COMPONENT_ONLY,,,,,,,,
SAME_SOURCE_REVIEW,,,,,,,,,,,,SAME_SOURCE_REVIEW,,,,SAME_SOURCE_REVIEW: fuente3,,,51,Alice Greene,230779,Alice Greene,fuente1 | fuente2 | fuente3,fuente3,fuente1:51 | fuente2:42660 | fuente3:83935,fuente3:83936,"[""1908 Summer | GBR | Great Britain | 2263 | Silver""]",UNKNOWN/COMPATIBLE,,fuente3,SAFE_EVENT_COMPONENT_ONLY,,,,,,,,
SAME_SOURCE_REVIEW,,,,,,,,,,,,SAME_SOURCE_REVIEW,,,,SAME_SOURCE_REVIEW: fuente3,,,54,Andrea Holt,238011,Andrea Holt,fuente1 | fuente2 | fuente3,fuente3,fuente1:54 | fuente2:49573 | fuente3:97940,fuente3:97941,"[""1996 Summer | GBR | Great Britain | 2076 | ""]",UNKNOWN/COMPATIBLE,,fuente3,SAFE_EVENT_COMPONENT_ONLY,,,,,,,,
SAME_SOURCE_REVIEW,,,,,,,,,,,,SAME_SOURCE_REVIEW,,,,SAME_SOURCE_REVIEW: fuente3,,,68,Dorothy Shepherd-Barron,301195,Dorothy Shepherd-barron,fuente1 | fuente2 | fuente3,fuente3,fuente1:68 | fuente2:109583 | fuente3:218162,fuente3:218163,"[""1924 Summer | GBR | Great Britain-1 | 27 | Bronze""]",UNKNOWN/COMPATIBLE,,fuente3,SAFE_EVENT_COMPONENT_ONLY,,,,,,,,
SAME_SOURCE_REVIEW,,,,,,,,,,,,SAME_SOURCE_REVIEW,,,,SAME_SOURCE_REVIEW: fuente3,,,86,Walter Crawley,209423,Walter Crawley,fuente1 | fuente2 | fuente3,fuente3,fuente1:86 | fuente2:23727 | fuente3:45986,fuente3:45987,"[""1908 Summer | GBR | Great Britain-4 | 2 | ""]",UNKNOWN/COMPATIBLE,,fuente3,SAFE_EVENT_COMPONENT_ONLY,,,,,,,,
SAME_SOURCE_REVIEW,,,,,,,,,,,,SAME_SOURCE_REVIEW,,,,SAME_SOURCE_REVIEW: fuente3,,,90,Desmond Douglas,216732,Desmond Douglas,fuente1 | fuente2 | fuente3,fuente3,fuente1:90 | fuente2:29680 | fuente3:57999,fuente3:58000,"[""1988 Summer | GBR | Great Britain-2 | 2245 | ""]",UNKNOWN/COMPATIBLE,,fuente3,SAFE_EVENT_COMPONENT_ONLY,,,,,,,,
SAME_SOURCE_REVIEW,,,,,,,,,,,,SAME_SOURCE_REVIEW,,,,SAME_SOURCE_REVIEW: fuente3,,,92,Lionel Escombe,220245,Lionel Escombe,fuente1 | fuente2 | fuente3,fuente3,fuente1:92 | fuente2:33132 | fuente3:64766,fuente3:64767,"[""1908 Summer | GBR | Great Britain-3 | 2528 | ""]",UNKNOWN/COMPATIBLE,,fuente3,SAFE_EVENT_COMPONENT_ONLY,,,,,,,,
SAME_SOURCE_REVIEW,,,,,,,,,,,,SAME_SOURCE_REVIEW,,,,SAME_SOURCE_REVIEW: fuente3,,,95,Leslie Godfree,228918,Leslie Godfree,fuente1 | fuente2 | fuente3,fuente3,fuente1:95 | fuente2:40959 | fuente3:80676,fuente3:80677,"[""1924 Summer | GBR | Great Britain-2 | 2 | ""]",UNKNOWN/COMPATIBLE,,fuente3,SAFE_EVENT_COMPONENT_ONLY,,,,,,,,
SAME_SOURCE_REVIEW,,,,,,,,,,,,SAME_SOURCE_REVIEW,,,,SAME_SOURCE_REVIEW: fuente3,,,100,George Hillyard,237091,George Hillyard,fuente1 | fuente2 | fuente3,fuente3,fuente1:100 | fuente2:48637 | fuente3:96061,fuente3:96062,"[""1908 Summer | GBR | Great Britain-4 | 2528 | ""]",UNKNOWN/COMPATIBLE,,fuente3,SAFE_EVENT_COMPONENT_ONLY,,,,,,,,
SAME_SOURCE_REVIEW,,,,,,,,,,,,SAME_SOURCE_REVIEW,,,,SAME_SOURCE_REVIEW: fuente3,,,102,Algernon Kingscote,248735,Algernon Kingscote,fuente1 | fuente2 | fuente3,fuente3,fuente1:102 | fuente2:60525 | fuente3:119559,fuente3:119560,"[""1924 Summer | GBR | Great Britain-1 | 2 | ""]",UNKNOWN/COMPATIBLE,,fuente3,SAFE_EVENT_COMPONENT_ONLY,,,,,,,,
SAME_SOURCE_REVIEW,,,,,,,,,,,,SAME_SOURCE_REVIEW,,,,SAME_SOURCE_REVIEW: fuente3,,,104,Arthur Lowe,260892,Arthur Lowe,fuente1 | fuente2 | fuente3,fuente3,fuente1:104 | fuente2:71785 | fuente3:143045,fuente3:143046,"[""1912 Summer | GBR | Great Britain-4 | 2528 | ""]",UNKNOWN/COMPATIBLE,,fuente3,SAFE_EVENT_COMPONENT_ONLY,,,,,,,,
SAME_SOURCE_REVIEW,,,,,,,,,,,,SAME_SOURCE_REVIEW,,,,SAME_SOURCE_REVIEW: fuente3,,,109,Arthur Norris,277251,Arthur Norris,fuente1 | fuente2 | fuente3,fuente3,fuente1:109 | fuente2:86975 | fuente3:173062,fuente3:173063,"[""1900 Summer | GBR | Great Britain-2 | 2 | Bronze""]",UNKNOWN/COMPATIBLE,,fuente3,SAFE_EVENT_COMPONENT_ONLY,,,,,,,,
SAME_SOURCE_REVIEW,,,,,,,,,,,,SAME_SOURCE_REVIEW,,,,SAME_SOURCE_REVIEW: fuente3,,,110,James Parke,282008,James Parke,fuente1 | fuente2 | fuente3,fuente3,fuente1:110 | fuente2:91641 | fuente3:182307,fuente3:182308,"[""1908 Summer | GBR | Great Britain-2 | 2 | Silver""]",UNKNOWN/COMPATIBLE,,fuente3,SAFE_EVENT_COMPONENT_ONLY,,,,,,,,
SAME_SOURCE_REVIEW,,,,,,,,,,,,SAME_SOURCE_REVIEW,,,,SAME_SOURCE_REVIEW: fuente3,,,117,Matthew Syed,309273,Matthew Syed,fuente1 | fuente2 | fuente3,fuente3,fuente1:117 | fuente2:117198 | fuente3:233682,fuente3:233683,"[""2000 Summer | GBR | Great Britain | 2180 | ""]",UNKNOWN/COMPATIBLE,,fuente3,SAFE_EVENT_COMPONENT_ONLY,,,,,,,,
SAME_SOURCE_REVIEW,,,,,,,,,,,,SAME_SOURCE_REVIEW,,,,SAME_SOURCE_REVIEW: fuente3,,,130,Katja Nolten,277071,Katja Nolten,fuente1 | fuente2 | fuente3,fuente3,fuente1:130 | fuente2:86793 | fuente3:172749,fuente3:172750,"[""1988 Summer | FRG | West Germany | 2076 | ""]",UNKNOWN/COMPATIBLE,,fuente3,SAFE_EVENT_COMPONENT_ONLY,,,,,,,,
SAME_SOURCE_REVIEW,,,,,,,,,,,,SAME_SOURCE_REVIEW,,,,SAME_SOURCE_REVIEW: fuente3,,,138,Boris Becker,193644,Boris Becker,fuente1 | fuente2 | fuente3,fuente3,fuente1:138 | fuente2:9195 | fuente3:17179,fuente3:17180,"[""1992 Summer | GER | Germany | 2 | Gold""]",UNKNOWN/COMPATIBLE,,fuente3,SAFE_EVENT_COMPONENT_ONLY,,,,,,,,
SAME_SOURCE_REVIEW,,,,,,,,,,,,SAME_SOURCE_REVIEW,,,,SAME_SOURCE_REVIEW: fuente3,,,141,Peter Franz,224484,Peter Franz,fuente1 | fuente2 | fuente3,fuente3,fuente1:141 | fuente2:36816 | fuente3:72367,fuente3:72368,"[""2000 Summer | GER | Germany | 2180 | ""]",UNKNOWN/COMPATIBLE,,fuente3,SAFE_EVENT_COMPONENT_ONLY,,,,,,,,
SAME_SOURCE_REVIEW,,,,,,,,,,,,SAME_SOURCE_REVIEW,,,,SAME_SOURCE_REVIEW: fuente3,,,143,Otto Froitzheim,225032,Otto Froitzheim,fuente1 | fuente2 | fuente3,fuente3,fuente1:143 | fuente2:37299 | fuente3:73391,fuente3:73392,"[""1908 Summer | GER | Germany-1 | 2 | ""]",UNKNOWN/COMPATIBLE,,fuente3,SAFE_EVENT_COMPONENT_ONLY,,,,,,,,
SAME_SOURCE_REVIEW,,,,,,,,,,,,SAME_SOURCE_REVIEW,,,,SAME_SOURCE_REVIEW: fuente3,,,144,Marc-Kevin Goellner,228964,Marc-Kevin Goellner,fuente1 | fuente2 | fuente3,fuente3,fuente1:144 | fuente2:41006 | fuente3:80754,fuente3:80755,"[""1996 Summer | GER | Germany | 2 | Bronze""]",UNKNOWN/COMPATIBLE,,fuente3,SAFE_EVENT_COMPONENT_ONLY,,,,,,,,
SAME_SOURCE_REVIEW,,,,,,,,,,,,SAME_SOURCE_REVIEW,,,,SAME_SOURCE_REVIEW: fuente3,,,148,Eric Jelen,242569,Eric Jelen,fuente1 | fuente2 | fuente3,fuente3,fuente1:148 | fuente2:54213 | fuente3:107267,fuente3:107268,"[""1988 Summer | FRG | West Germany | 2 | ""]",UNKNOWN/COMPATIBLE,,fuente3,SAFE_EVENT_COMPONENT_ONLY,,,,,,,,
SAME_SOURCE_REVIEW,,,,,,,,,,,,SAME_SOURCE_REVIEW,,,,SAME_SOURCE_REVIEW: fuente3,,,151,Stephan Kuhl,252980,Stephan Kuhl,fuente1 | fuente2 | fuente3,fuente3,fuente1:151 | fuente2:64691 | fuente3:128490,fuente3:128491,"[""1992 Summer | GER | Germany | 2321 | ""]",UNKNOWN/COMPATIBLE,,fuente3,SAFE_EVENT_COMPONENT_ONLY,,,,,,,,
SAME_SOURCE_REVIEW,,,,,,,,,,,,SAME_SOURCE_REVIEW,,,,SAME_SOURCE_REVIEW: fuente3,,,161,Michael Stich,307109,Michael Stich,fuente1 | fuente2 | fuente3,fuente3,fuente1:161 | fuente2:115204 | fuente3:229454,fuente3:229455,"[""1992 Summer | GER | Germany | 2 | Gold""]",UNKNOWN/COMPATIBLE,,fuente3,SAFE_EVENT_COMPONENT_ONLY,,,,,,,,
SAME_SOURCE_REVIEW,,,,,,,,,,,,SAME_SOURCE_REVIEW,,,,SAME_SOURCE_REVIEW: fuente3,,,165,Helen Amankwah,186981,Helen Amankwah,fuente1 | fuente2 | fuente3,fuente3,fuente1:165 | fuente2:3286 | fuente3:5839,fuente3:5840,"[""1992 Summer | GHA | Ghana | 2076 | ""]",UNKNOWN/COMPATIBLE,,fuente3,SAFE_EVENT_COMPONENT_ONLY,,,,,,,,
SAME_SOURCE_REVIEW,,,,,,,,,,,,SAME_SOURCE_REVIEW,,,,SAME_SOURCE_REVIEW: fuente3,,,167,Patience Opokua,279582,Patience Opokua,fuente1 | fuente2 | fuente3,fuente3,fuente1:167 | fuente2:89282 | fuente3:177643,fuente3:177644,"[""1992 Summer | GHA | Ghana | 2076 | ""]",UNKNOWN/COMPATIBLE,,fuente3,SAFE_EVENT_COMPONENT_ONLY,,,,,,,,
SAME_SOURCE_REVIEW,,,,,,,,,,,,SAME_SOURCE_REVIEW,,,,SAME_SOURCE_REVIEW: fuente3,,,173,Aristidis Akratopoulos,185272,Aristidis Akratopoulos,fuente1 | fuente2 | fuente3,fuente3,fuente1:173 | fuente2:1724 | fuente3:3079,fuente3:3080,"[""1896 Summer | GRE | Greece-3 | 2 | ""]",UNKNOWN/COMPATIBLE,,fuente3,SAFE_EVENT_COMPONENT_ONLY,,,,,,,,
SAFE_EVENT_COMPONENT,,1;2091;2897,"Men's Singles | Singles, Men (Olympic) | Tennis Men's Singles",3.0,,3.0,2.0,,,,,SAFE_EVENT_COMPONENT,,"Singles, Men (Olympic)",,"Todos los pares internos son SAFE_ALIAS; atributos de dominio homogéneos; canon elegido por información, calidad de fuente, cobertura y desempate por ID.",,,,,,,,,,,,,,,,EV00001,tennis,tennis,men,0.0,0.0,,1
SAFE_EVENT_COMPONENT,,2;1992;2898;3054,"Doubles, Men (Olympic) | Men's Doubles | Men's Doubles Team | Tennis Men's Doubles",4.0,,6.0,3.0,,,,,SAFE_EVENT_COMPONENT,,"Doubles, Men (Olympic)",,"Todos los pares internos son SAFE_ALIAS; atributos de dominio homogéneos; canon elegido por información, calidad de fuente, cobertura y desempate por ID.",,,,,,,,,,,,,,,,EV00002,tennis,tennis,men,0.0,0.0,,2
SAFE_EVENT_COMPONENT,,3;1717;2409;2937;3083,"Doubles, Mixed (Olympic) | Doubles, Mixed Youth (YOG) | Mixed Doubles | Mixed Doubles Team | Tennis Mixed Doubles",5.0,,10.0,4.0,,,,,SAFE_EVENT_COMPONENT,,"Doubles, Mixed Youth (YOG)",,"Todos los pares internos son SAFE_ALIAS; atributos de dominio homogéneos; canon elegido por información, calidad de fuente, cobertura y desempate por ID.",,,,,,,,,,,,,,,,EV00003,tennis,tennis,mixed,0.0,0.0,,1717
SAFE_EVENT_COMPONENT,,4;2745,"Men's Singles | Singles, Men (Olympic)",2.0,,1.0,1.0,,,,,SAFE_EVENT_COMPONENT,,"Singles, Men (Olympic)",,"Todos los pares internos son SAFE_ALIAS; atributos de dominio homogéneos; canon elegido por información, calidad de fuente, cobertura y desempate por ID.",,,,,,,,,,,,,,,,EV00004,table tennis,table tennis,men,0.0,0.0,,4
SAFE_EVENT_COMPONENT,,6;19,"Singles, Handicap, Men (Olympic (non-medal)) | Singles, Men (Olympic (non-medal))",2.0,,1.0,1.0,,,,,SAFE_EVENT_COMPONENT,,"Singles, Handicap, Men (Olympic (non-medal))",,"Todos los pares internos son SAFE_ALIAS; atributos de dominio homogéneos; canon elegido por información, calidad de fuente, cobertura y desempate por ID.",,,,,,,,,,,,,,,,EV00005,tennis,tennis,men,0.0,0.0,,6
SAFE_EVENT_COMPONENT,,7;38,"Doubles, Handicap, Men (Olympic (non-medal)) | Doubles, Men (Olympic (non-medal))",2.0,,1.0,1.0,,,,,SAFE_EVENT_COMPONENT,,"Doubles, Handicap, Men (Olympic (non-medal))",,"Todos los pares internos son SAFE_ALIAS; atributos de dominio homogéneos; canon elegido por información, calidad de fuente, cobertura y desempate por ID.",,,,,,,,,,,,,,,,EV00006,tennis,tennis,men,0.0,0.0,,7
SAFE_EVENT_COMPONENT,,24;1915;2725,"Badminton Men's Singles | Men's Singles | Singles, Men (Olympic)",3.0,,3.0,2.0,,,,,SAFE_EVENT_COMPONENT,,Badminton Men's Singles,,"Todos los pares internos son SAFE_ALIAS; atributos de dominio homogéneos; canon elegido por información, calidad de fuente, cobertura y desempate por ID.",,,,,,,,,,,,,,,,EV00008,badminton,badminton,men,0.0,0.0,,1915
SAFE_EVENT_COMPONENT,,26;2408;2830,"Singles, Women (Olympic) | Tennis Women's Singles | Women's Singles",3.0,,3.0,2.0,,,,,SAFE_EVENT_COMPONENT,,"Singles, Women (Olympic)",,"Todos los pares internos son SAFE_ALIAS; atributos de dominio homogéneos; canon elegido por información, calidad de fuente, cobertura y desempate por ID.",,,,,,,,,,,,,,,,EV00009,tennis,tennis,women,0.0,0.0,,26
SAFE_EVENT_COMPONENT,,27;2410;2908;3075,"Doubles, Women (Olympic) | Tennis Women's Doubles | Women's Doubles | Women's Doubles Team",4.0,,6.0,3.0,,,,,SAFE_EVENT_COMPONENT,,"Doubles, Women (Olympic)",,"Todos los pares internos son SAFE_ALIAS; atributos de dominio homogéneos; canon elegido por información, calidad de fuente, cobertura y desempate por ID.",,,,,,,,,,,,,,,,EV00010,tennis,tennis,women,0.0,0.0,,27
SAFE_EVENT_COMPONENT,,28;2363;2981;3038,"Badminton Women's Doubles | Doubles, Women (Olympic) | Women's Doubles | Women's Doubles Team",4.0,,6.0,3.0,,,,,SAFE_EVENT_COMPONENT,,Badminton Women's Doubles,,"Todos los pares internos son SAFE_ALIAS; atributos de dominio homogéneos; canon elegido por información, calidad de fuente, cobertura y desempate por ID.",,,,,,,,,,,,,,,,EV00011,badminton,badminton,women,0.0,0.0,,2363
SAFE_EVENT_COMPONENT,,29;100;1713;2241;2985;3027,"Badminton Mixed Doubles | Doubles, Mixed (Olympic (non-medal)) | Doubles, Mixed (Olympic) | Doubles, Mixed Youth (YOG) | Mixed Doubles | Mixed Doubles Team",6.0,,15.0,5.0,,,,,SAFE_EVENT_COMPONENT,,"Doubles, Mixed (Olympic (non-medal))",,"Todos los pares internos son SAFE_ALIAS; atributos de dominio homogéneos; canon elegido por información, calidad de fuente, cobertura y desempate por ID.",,,,,,,,,,,,,,,,EV00012,badminton,badminton,mixed,0.0,0.0,,100
SAFE_EVENT_COMPONENT,,30;36,"Singles, Handicap, Women (Olympic (non-medal)) | Singles, Women (Olympic (non-medal))",2.0,,1.0,1.0,,,,,SAFE_EVENT_COMPONENT,,"Singles, Handicap, Women (Olympic (non-medal))",,"Todos los pares internos son SAFE_ALIAS; atributos de dominio homogéneos; canon elegido por información, calidad de fuente, cobertura y desempate por ID.",,,,,,,,,,,,,,,,EV00013,tennis,tennis,women,0.0,0.0,,30
SAFE_EVENT_COMPONENT,,31;2952,"Singles, Women (Olympic) | Women's Singles",2.0,,1.0,1.0,,,,,SAFE_EVENT_COMPONENT,,"Singles, Women (Olympic)",,"Todos los pares internos son SAFE_ALIAS; atributos de dominio homogéneos; canon elegido por información, calidad de fuente, cobertura y desempate por ID.",,,,,,,,,,,,,,,,EV00014,table tennis,table tennis,women,0.0,0.0,,31
SAFE_EVENT_COMPONENT,,33;2089;2707,"Badminton Women's Singles | Singles, Women (Olympic) | Women's Singles",3.0,,3.0,2.0,,,,,SAFE_EVENT_COMPONENT,,Badminton Women's Singles,,"Todos los pares internos son SAFE_ALIAS; atributos de dominio homogéneos; canon elegido por información, calidad de fuente, cobertura y desempate por ID.",,,,,,,,,,,,,,,,EV00015,badminton,badminton,women,0.0,0.0,,2089
SAFE_EVENT_COMPONENT,,34;2321;2796;3037,"Badminton Men's Doubles | Doubles, Men (Olympic) | Men's Doubles | Men's Doubles Team",4.0,,6.0,3.0,,,,,SAFE_EVENT_COMPONENT,,Badminton Men's Doubles,,"Todos los pares internos son SAFE_ALIAS; atributos de dominio homogéneos; canon elegido por información, calidad de fuente, cobertura y desempate por ID.",,,,,,,,,,,,,,,,EV00016,badminton,badminton,men,0.0,0.0,,2321
SAFE_EVENT_COMPONENT,,37;2693,"Team, Women (Olympic) | Women's Team",2.0,,1.0,1.0,,,,,SAFE_EVENT_COMPONENT,,"Team, Women (Olympic)",,"Todos los pares internos son SAFE_ALIAS; atributos de dominio homogéneos; canon elegido por información, calidad de fuente, cobertura y desempate por ID.",,,,,,,,,,,,,,,,EV00017,table tennis,table tennis,women,0.0,0.0,,37
SAFE_EVENT_COMPONENT,,39;2019,"Hockey Men's Hockey | Hockey, Men (Olympic)",2.0,,1.0,1.0,,,,,SAFE_EVENT_COMPONENT,,"Hockey, Men (Olympic)",,"Todos los pares internos son SAFE_ALIAS; atributos de dominio homogéneos; canon elegido por información, calidad de fuente, cobertura y desempate por ID.",,,,,,,,,,,,,,,,EV00018,hockey,hockey,men,0.0,0.0,,39
SAFE_EVENT_COMPONENT,,46;542,"110 metres Hurdles, Men (Intercalated) | 110 metres Hurdles, Men (Olympic)",2.0,,1.0,1.0,,,,,SAFE_EVENT_COMPONENT,,"110 metres Hurdles, Men (Intercalated)",,"Todos los pares internos son SAFE_ALIAS; atributos de dominio homogéneos; canon elegido por información, calidad de fuente, cobertura y desempate por ID.",,,,,,,,,,,,,,,,EV00019,athletics,athletics,men,0.0,0.0,,542
SAFE_EVENT_COMPONENT,,47;1947;2810,"Athletics Men's High Jump | High Jump, Men (Olympic) | Men's High Jump",3.0,,3.0,2.0,,,,,SAFE_EVENT_COMPONENT,,Athletics Men's High Jump,,"Todos los pares internos son SAFE_ALIAS; atributos de dominio homogéneos; canon elegido por información, calidad de fuente, cobertura y desempate por ID.",,,,,,,,,,,,,,,,EV00020,athletics,athletics,men,0.0,0.0,,1947
SAFE_EVENT_COMPONENT,,48;1946;2982,"Athletics Men's Pole Vault | Men's Pole Vault | Pole Vault, Men (Olympic)",3.0,,3.0,2.0,,,,,SAFE_EVENT_COMPONENT,,Athletics Men's Pole Vault,,"Todos los pares internos son SAFE_ALIAS; atributos de dominio homogéneos; canon elegido por información, calidad de fuente, cobertura y desempate por ID.",,,,,,,,,,,,,,,,EV00021,athletics,athletics,men,0.0,0.0,,1946
SAFE_EVENT_COMPONENT,,49;1967;2979,"Athletics Men's Long Jump | Long Jump, Men (Olympic) | Men's Long Jump",3.0,,3.0,2.0,,,,,SAFE_EVENT_COMPONENT,,Athletics Men's Long Jump,,"Todos los pares internos son SAFE_ALIAS; atributos de dominio homogéneos; canon elegido por información, calidad de fuente, cobertura y desempate por ID.",,,,,,,,,,,,,,,,EV00022,athletics,athletics,men,0.0,0.0,,1967
SAFE_EVENT_COMPONENT,,50;2080;2783,"Athletics Men's Triple Jump | Men's Triple Jump | Triple Jump, Men (Olympic)",3.0,,3.0,2.0,,,,,SAFE_EVENT_COMPONENT,,Athletics Men's Triple Jump,,"Todos los pares internos son SAFE_ALIAS; atributos de dominio homogéneos; canon elegido por información, calidad de fuente, cobertura y desempate por ID.",,,,,,,,,,,,,,,,EV00023,athletics,athletics,men,0.0,0.0,,2080
SAFE_EVENT_COMPONENT,,54;2909,"Men's Team | Team, Men (Olympic)",2.0,,1.0,1.0,,,,,SAFE_EVENT_COMPONENT,,"Team, Men (Olympic)",,"Todos los pares internos son SAFE_ALIAS; atributos de dominio homogéneos; canon elegido por información, calidad de fuente, cobertura y desempate por ID.",,,,,,,,,,,,,,,,EV00024,table tennis,table tennis,men,0.0,0.0,,54
SAFE_EVENT_COMPONENT,,68;2967,"Individual, Men (Olympic) | Men's Individual",2.0,,1.0,1.0,,,,,SAFE_EVENT_COMPONENT,,"Individual, Men (Olympic)",,"Todos los pares internos son SAFE_ALIAS; atributos de dominio homogéneos; canon elegido por información, calidad de fuente, cobertura y desempate por ID.",,,,,,,,,,,,,,,,EV00025,modern pentathlon,modern pentathlon,men,0.0,0.0,,68
SAFE_EVENT_COMPONENT,,70;2162;2713,"Archery Men's Individual | Individual, Men (Olympic) | Men's Individual",3.0,,3.0,2.0,,,,,SAFE_EVENT_COMPONENT,,Archery Men's Individual,,"Todos los pares internos son SAFE_ALIAS; atributos de dominio homogéneos; canon elegido por información, calidad de fuente, cobertura y desempate por ID.",,,,,,,,,,,,,,,,EV00026,archery,archery,men,0.0,0.0,,2162
SAFE_EVENT_COMPONENT,,71;2034;2752,"Archery Women's Individual | Individual, Women (Olympic) | Women's Individual",3.0,,3.0,2.0,,,,,SAFE_EVENT_COMPONENT,,Archery Women's Individual,,"Todos los pares internos son SAFE_ALIAS; atributos de dominio homogéneos; canon elegido por información, calidad de fuente, cobertura y desempate por ID.",,,,,,,,,,,,,,,,EV00027,archery,archery,women,0.0,0.0,,2034
SAFE_EVENT_COMPONENT,,72;118;2230;2656;2865,"Archery Women's Team | Archery Women's Team Round | Team Round, Women (Olympic) | Team, Women (Olympic) | Women's Team",5.0,,10.0,4.0,,,,,SAFE_EVENT_COMPONENT,,Archery Women's Team Round,,"Todos los pares internos son SAFE_ALIAS; atributos de dominio homogéneos; canon elegido por información, calidad de fuente, cobertura y desempate por ID.",,,,,,,,,,,,,,,,EV00028,archery,archery,women,0.0,0.0,,2656
SAFE_EVENT_COMPONENT,,73;2714,"Men's Team | Team, Men (Olympic)",2.0,,1.0,1.0,,,,,SAFE_EVENT_COMPONENT,,"Team, Men (Olympic)",,"Todos los pares internos son SAFE_ALIAS; atributos de dominio homogéneos; canon elegido por información, calidad de fuente, cobertura y desempate por ID.",,,,,,,,,,,,,,,,EV00029,archery,archery,men,0.0,0.0,,73
SAFE_EVENT_COMPONENT,,74;2389,"Archery Men's Target Archery, 28 metres, Team | Target Archery, 28 metres, Team, Men (Olympic)",2.0,,1.0,1.0,,,,,SAFE_EVENT_COMPONENT,,"Archery Men's Target Archery, 28 metres, Team",,"Todos los pares internos son SAFE_ALIAS; atributos de dominio homogéneos; canon elegido por información, calidad de fuente, cobertura y desempate por ID.",,,,,,,,,,,,,,,,EV00030,archery,archery,men,0.0,0.0,,2389
SAFE_EVENT_COMPONENT,,75;2390,"Archery Men's Target Archery, 33 metres, Team | Target Archery, 33 metres, Team, Men (Olympic)",2.0,,1.0,1.0,,,,,SAFE_EVENT_COMPONENT,,"Archery Men's Target Archery, 33 metres, Team",,"Todos los pares internos son SAFE_ALIAS; atributos de dominio homogéneos; canon elegido por información, calidad de fuente, cobertura y desempate por ID.",,,,,,,,,,,,,,,,EV00031,archery,archery,men,0.0,0.0,,2390
REVIEW_EVENT_COMPONENT,,8;1956;2428;2955,"Fencing Men's epee, Individual | Fencing Men's epee, Masters, Individual | Men's Épée Individual | Épée, Individual, Men (Olympic)",4.0,,6.0,3.0,,,,,REVIEW_EVENT_COMPONENT,,"Fencing Men's epee, Masters, Individual",,contiene CONFLICT_ALIAS/REVIEW_ALIAS interno; coexistencia en misma fuente/edición,,,,,,,,,,,,,,,,EV00007,fencing,fencing,men,1.0,0.0,"fuente2:[('1900', 'Summer'), ('1906', 'Summer')] | fuente3:[('1900', 'Summer'), ('1906', 'Summer')]",2428
REVIEW_EVENT_COMPONENT,,241;2052;2378;2721,"Fencing Men's Sabre, Individual | Fencing Men's Sabre, Masters, Individual | Men's Sabre Individual | Sabre, Individual, Men (Olympic)",4.0,,6.0,3.0,,,,,REVIEW_EVENT_COMPONENT,,"Fencing Men's Sabre, Masters, Individual",,contiene CONFLICT_ALIAS/REVIEW_ALIAS interno; coexistencia en misma fuente/edición,,,,,,,,,,,,,,,,EV00060,fencing,fencing,men,1.0,0.0,"fuente2:[('1900', 'Summer'), ('1906', 'Summer')] | fuente3:[('1900', 'Summer'), ('1906', 'Summer')]",2378
REVIEW_EVENT_COMPONENT,,267;2603;2903;3080,"Cycling Women's Team Sprint | Team Sprint, Women (Olympic) | Women's Team Sprint | Women's Team Sprint Team",4.0,,6.0,3.0,,,,,REVIEW_EVENT_COMPONENT,,Cycling Women's Team Sprint,,contiene CONFLICT_ALIAS/REVIEW_ALIAS interno,,,,,,,,,,,,,,,,EV00067,cycling,cycling track,women,2.0,0.0,,2603
REVIEW_EVENT_COMPONENT,,288;2485;2980;3102,"Cycling Men's Team Sprint | Men's Team Sprint | Men's Team Sprint Team | Team Sprint, Men (Olympic)",4.0,,6.0,3.0,,,,,REVIEW_EVENT_COMPONENT,,Cycling Men's Team Sprint,,contiene CONFLICT_ALIAS/REVIEW_ALIAS interno,,,,,,,,,,,,,,,,EV00073,cycling,cycling track,men,2.0,0.0,,2485
REVIEW_EVENT_COMPONENT,,358;1955;2427;2731,"Fencing Men's Foil, Individual | Fencing Men's Foil, Masters, Individual | Foil, Individual, Men (Olympic) | Men's Foil Individual",4.0,,6.0,3.0,,,,,REVIEW_EVENT_COMPONENT,,"Fencing Men's Foil, Masters, Individual",,contiene CONFLICT_ALIAS/REVIEW_ALIAS interno; coexistencia en misma fuente/edición,,,,,,,,,,,,,,,,EV00081,fencing,fencing,men,1.0,0.0,"fuente2:[('1896', 'Summer'), ('1900', 'Summer')] | fuente3:[('1896', 'Summer'), ('1900', 'Summer')]",2427
REVIEW_EVENT_COMPONENT,,509;510;740;2224;2271,"Free Rifle, Three Positions, 300 metres, Men (Olympic) | Free Rifle, Three Positions, 300 metres, Team, Men (Intercalated) | Free Rifle, Three Positions, 300 metres, Team, Men (Olympic) | Shooting Men's Free Rifle, Three Positions, 300 metres | Shooting Men's Free Rifle, Three Positions, 300 metres, Team",5.0,,10.0,5.0,,,,,REVIEW_EVENT_COMPONENT,,"Free Rifle, Three Positions, 300 metres, Team, Men (Intercalated)",,contiene CONFLICT_ALIAS/REVIEW_ALIAS interno; coexistencia en misma fuente/edición,,,,,,,,,,,,,,,,EV00113,shooting,shooting,men,2.0,0.0,"fuente1:[('1900', 'Summer'), ('1908', 'Summer'), ('1912', 'Summer'), ('1920', 'Summer')] | fuente2:[('1900', 'Summer'), ('1908', 'Summer'), ('1912', 'Summer'), ('1920', 'Summer')] | fuente3:[('1900', 'Summer'), ('1908', 'Summer'), ('1912', 'Summer'), ('1920', 'Summer')]",740
REVIEW_EVENT_COMPONENT,,514;515;710;2274,"Military Rifle, Kneeling Or Standing, 300 metres, Men (Intercalated) | Military Rifle, Standing, 300 metres, Men (Olympic) | Military Rifle, Standing, 300 metres, Team, Men (Olympic) | Shooting Men's Military Rifle, Standing, 300 metres, Team",4.0,,6.0,3.0,,,,,REVIEW_EVENT_COMPONENT,,"Military Rifle, Kneeling Or Standing, 300 metres, Men (Intercalated)",,contiene CONFLICT_ALIAS/REVIEW_ALIAS interno; coexistencia en misma fuente/edición,,,,,,,,,,,,,,,,EV00116,shooting,shooting,men,1.0,0.0,"fuente1:[('1920', 'Summer')]",710
REVIEW_EVENT_COMPONENT,,588;595;596,"Half-Middleweight, Women (Olympic (non-medal)) | Half-Middleweight, Women (Olympic) | Middleweight, Women (Olympic)",3.0,,3.0,2.0,,,,,REVIEW_EVENT_COMPONENT,,"Half-Middleweight, Women (Olympic (non-medal))",,contiene CONFLICT_ALIAS/REVIEW_ALIAS interno; coexistencia en misma fuente/edición,,,,,,,,,,,,,,,,EV00125,judo,judo,women,1.0,0.0,"fuente1:[('1992', 'Summer'), ('1996', 'Summer'), ('2000', 'Summer'), ('2004', 'Summer'), ('2008', 'Summer'), ('2012', 'Summer'), ('2016', 'Summer'), ('2020', 'Summer')]",596
REVIEW_EVENT_COMPONENT,,589;594;597;598;599,"Extra-Lightweight, Women (Olympic (non-medal)) | Extra-Lightweight, Women (Olympic) | Half-Lightweight, Women (Olympic (non-medal)) | Half-Lightweight, Women (Olympic) | Lightweight, Women (Olympic)",5.0,,10.0,4.0,,,,,REVIEW_EVENT_COMPONENT,,"Extra-Lightweight, Women (Olympic (non-medal))",,contiene CONFLICT_ALIAS/REVIEW_ALIAS interno; coexistencia en misma fuente/edición,,,,,,,,,,,,,,,,EV00126,judo,judo,women,2.0,0.0,"fuente1:[('1992', 'Summer'), ('1996', 'Summer'), ('2000', 'Summer'), ('2004', 'Summer'), ('2008', 'Summer'), ('2012', 'Summer'), ('2016', 'Summer'), ('2020', 'Summer')]",599
REVIEW_EVENT_COMPONENT,,590;591;592,"Half-Heavyweight, Women (Olympic (non-medal)) | Half-Heavyweight, Women (Olympic) | Heavyweight, Women (Olympic)",3.0,,3.0,2.0,,,,,REVIEW_EVENT_COMPONENT,,"Half-Heavyweight, Women (Olympic (non-medal))",,contiene CONFLICT_ALIAS/REVIEW_ALIAS interno; coexistencia en misma fuente/edición,,,,,,,,,,,,,,,,EV00127,judo,judo,women,1.0,0.0,"fuente1:[('1992', 'Summer'), ('1996', 'Summer'), ('2000', 'Summer'), ('2004', 'Summer'), ('2008', 'Summer'), ('2012', 'Summer'), ('2016', 'Summer'), ('2020', 'Summer')]",591
REVIEW_EVENT_COMPONENT,,714;2463;2464,"Shooting Men's Small Bore-Rifle, Standing, 50 metres, Team | Shooting Men's Small-Bore Rifle, Standing, 50 metres | Small-Bore Rifle, Standing, 50 metres, Men (Olympic)",3.0,,3.0,2.0,,,,,REVIEW_EVENT_COMPONENT,,"Shooting Men's Small Bore-Rifle, Standing, 50 metres, Team",,contiene CONFLICT_ALIAS/REVIEW_ALIAS interno; coexistencia en misma fuente/edición,,,,,,,,,,,,,,,,EV00152,shooting,shooting,men,1.0,0.0,"fuente2:[('1920', 'Summer')] | fuente3:[('1920', 'Summer')]",2464
REVIEW_EVENT_COMPONENT,,730;752;2439;2576,"Shooting Men's Small-Bore Rifle, Disappearing Target, 25 metres | Shooting Men's Small-Bore Rifle, Disappearing Target, 25 metres, Team | Small-Bore Rifle, Disappearing Target, 25 metres, Men (Olympic) | Small-Bore Rifle, Disappearing Target, 25 metres, Team, Men (Olympic)",4.0,,6.0,3.0,,,,,REVIEW_EVENT_COMPONENT,,"Shooting Men's Small-Bore Rifle, Disappearing Target, 25 metres, Team",,contiene CONFLICT_ALIAS/REVIEW_ALIAS interno; coexistencia en misma fuente/edición,,,,,,,,,,,,,,,,EV00157,shooting,shooting,men,2.0,0.0,"fuente1:[('1912', 'Summer')] | fuente2:[('1912', 'Summer')] | fuente3:[('1912', 'Summer')]",2576
REVIEW_EVENT_COMPONENT,,1136;1292;1293;1298,"10 kilometres, Men (Olympic) | 10/10 kilometres Pursuit, Men (Olympic) | 10/15 kilometres Pursuit, Men (Olympic) | 15 kilometres, Men (Olympic)",4.0,,6.0,3.0,,,,,REVIEW_EVENT_COMPONENT,,"10/15 kilometres Pursuit, Men (Olympic)",,contiene CONFLICT_ALIAS/REVIEW_ALIAS interno; coexistencia en misma fuente/edición,,,,,,,,,,,,,,,,EV00186,skiing,cross country skiing,men,1.0,0.0,"fuente1:[('1992', 'Winter'), ('1994', 'Winter'), ('1998', 'Winter')]",1293
REVIEW_EVENT_COMPONENT,,1219;1220;1232;1235,"10 kilometres, Women (Olympic) | 5 kilometres, Women (Olympic) | 5/10 kilometres Pursuit, Women (Olympic) | 5/5 kilometres Pursuit, Women (Olympic)",4.0,,6.0,3.0,,,,,REVIEW_EVENT_COMPONENT,,"5/10 kilometres Pursuit, Women (Olympic)",,contiene CONFLICT_ALIAS/REVIEW_ALIAS interno; coexistencia en misma fuente/edición,,,,,,,,,,,,,,,,EV00189,skiing,cross country skiing,women,1.0,0.0,"fuente1:[('1992', 'Winter'), ('1994', 'Winter'), ('1998', 'Winter')]",1232
REVIEW_EVENT_COMPONENT,,1238;1254;1522,"10 kilometres Pursuit, Women (Olympic) | 10 kilometres, Women (Olympic) | 5/10 kilometres Pursuit, Women (Olympic)",3.0,,3.0,2.0,,,,,REVIEW_EVENT_COMPONENT,,"5/10 kilometres Pursuit, Women (Olympic)",,contiene CONFLICT_ALIAS/REVIEW_ALIAS interno; coexistencia en misma fuente/edición,,,,,,,,,,,,,,,,EV00191,biathlon,biathlon,women,1.0,0.0,"fuente1:[('2002', 'Winter'), ('2006', 'Winter'), ('2010', 'Winter'), ('2014', 'Winter'), ('2018', 'Winter'), ('2022', 'Winter')]",1254
REVIEW_EVENT_COMPONENT,,1302;1304;1311;1448,"10 kilometres, Men (Olympic) | 10/10 kilometres Pursuit, Men (Olympic) | 10/15 kilometres Pursuit, Men (Olympic) | 15 kilometres, Men (Olympic)",4.0,,6.0,3.0,,,,,REVIEW_EVENT_COMPONENT,,"10/15 kilometres Pursuit, Men (Olympic)",,contiene CONFLICT_ALIAS/REVIEW_ALIAS interno; coexistencia en misma fuente/edición,,,,,,,,,,,,,,,,EV00198,biathlon,biathlon,men,1.0,0.0,"fuente1:[('1992', 'Winter'), ('1994', 'Winter'), ('1998', 'Winter')]",1304
REVIEW_EVENT_COMPONENT,,1473;2467;2860;3044,"Cycling Women's Team Pursuit | Team Pursuit, Women (Olympic) | Women's Team Pursuit | Women's Team Pursuit Team",4.0,,6.0,3.0,,,,,REVIEW_EVENT_COMPONENT,,Cycling Women's Team Pursuit,,contiene CONFLICT_ALIAS/REVIEW_ALIAS interno,,,,,,,,,,,,,,,,EV00216,cycling,cycling track,women,2.0,0.0,,2467
REVIEW_EVENT_COMPONENT,,1906;1908;1962;2403,Cross Country Skiing Men's 10 kilometres | Cross Country Skiing Men's 10/10 kilometres Pursuit | Cross Country Skiing Men's 10/15 kilometres Pursuit | Cross Country Skiing Men's 15 kilometres,4.0,,6.0,3.0,,,,,REVIEW_EVENT_COMPONENT,,Cross Country Skiing Men's 10/15 kilometres Pursuit,,contiene CONFLICT_ALIAS/REVIEW_ALIAS interno; coexistencia en misma fuente/edición,,,,,,,,,,,,,,,,EV00232,skiing,cross country skiing,men,1.0,0.0,"fuente4:[('1992', 'Winter'), ('1994', 'Winter')] | fuente2:[('1992', 'Winter'), ('1994', 'Winter'), ('1998', 'Winter')]",1908
REVIEW_EVENT_COMPONENT,,2148;2149;2365;2368,Cross Country Skiing Women's 10 kilometres | Cross Country Skiing Women's 5 kilometres | Cross Country Skiing Women's 5/10 kilometres Pursuit | Cross Country Skiing Women's 5/5 kilometres Pursuit,4.0,,6.0,3.0,,,,,REVIEW_EVENT_COMPONENT,,Cross Country Skiing Women's 5/10 kilometres Pursuit,,contiene CONFLICT_ALIAS/REVIEW_ALIAS interno; coexistencia en misma fuente/edición,,,,,,,,,,,,,,,,EV00244,skiing,cross country skiing,women,1.0,0.0,"fuente2:[('1992', 'Winter'), ('1994', 'Winter'), ('1998', 'Winter')]",2365
SAFE_ATHLETE_COMPONENT_LOWEST_CONFIDENCE,AT015360,145700;184316,William T. Adams | William Adams,2.0,fuente2 | fuente3,1.0,1.0,0.0,0.0,NO,NO,SAFE_ATHLETE_COMPONENT,184316,William Adams,1/1,"Componente clique con todos los pares SAFE; canon por completitud biográfica, luego ID estable.",,,,,,,,,,,,,,,,,,,,,,,
SAFE_ATHLETE_COMPONENT_LOWEST_CONFIDENCE,AT015411,146412;187557,Gerald C. Anderson | Gerald Anderson,2.0,fuente2 | fuente3,1.0,1.0,0.0,0.0,NO,NO,SAFE_ATHLETE_COMPONENT,187557,Gerald Anderson,1/1,"Componente clique con todos los pares SAFE; canon por completitud biográfica, luego ID estable.",,,,,,,,,,,,,,,,,,,,,,,
SAFE_ATHLETE_COMPONENT_LOWEST_CONFIDENCE,AT015439,146745;189064,Fernando Arlete | Fernando Arlete,2.0,fuente2 | fuente3,1.0,1.0,0.0,0.0,NO,NO,SAFE_ATHLETE_COMPONENT,189064,Fernando Arlete,1/1,"Componente clique con todos los pares SAFE; canon por completitud biográfica, luego ID estable.",,,,,,,,,,,,,,,,,,,,,,,
SAFE_ATHLETE_COMPONENT_LOWEST_CONFIDENCE,AT015441,146747;189066,Gaston F. M. Arlin | Gaston Arlin,2.0,fuente2 | fuente3,1.0,1.0,0.0,0.0,NO,NO,SAFE_ATHLETE_COMPONENT,189066,Gaston Arlin,1/1,"Componente clique con todos los pares SAFE; canon por completitud biográfica, luego ID estable.",,,,,,,,,,,,,,,,,,,,,,,
SAFE_ATHLETE_COMPONENT_LOWEST_CONFIDENCE,AT015449,146849;189531,Suat F. Aani | Suat Aani,2.0,fuente2 | fuente3,1.0,1.0,0.0,0.0,NO,NO,SAFE_ATHLETE_COMPONENT,189531,Suat Aani,1/1,"Componente clique con todos los pares SAFE; canon por completitud biográfica, luego ID estable.",,,,,,,,,,,,,,,,,,,,,,,
SAFE_ATHLETE_COMPONENT_LOWEST_CONFIDENCE,AT015462,147065;190480,Abdul Aziz | Abdul Aziz,2.0,fuente2 | fuente3,1.0,1.0,0.0,0.0,NO,NO,SAFE_ATHLETE_COMPONENT,190480,Abdul Aziz,1/1,"Componente clique con todos los pares SAFE; canon por completitud biográfica, luego ID estable.",,,,,,,,,,,,,,,,,,,,,,,
SAFE_ATHLETE_COMPONENT_LOWEST_CONFIDENCE,AT015465,147090;190598,John C. Babcock | John Babcock,2.0,fuente2 | fuente3,1.0,1.0,0.0,0.0,NO,NO,SAFE_ATHLETE_COMPONENT,190598,John Babcock,1/1,"Componente clique con todos los pares SAFE; canon por completitud biográfica, luego ID estable.",,,,,,,,,,,,,,,,,,,,,,,
SAFE_ATHLETE_COMPONENT_LOWEST_CONFIDENCE,AT015474,147185;190917,Richard A. Badman | Richard Badman,2.0,fuente2 | fuente3,1.0,1.0,0.0,0.0,NO,NO,SAFE_ATHLETE_COMPONENT,190917,Richard Badman,1/1,"Componente clique con todos los pares SAFE; canon por completitud biográfica, luego ID estable.",,,,,,,,,,,,,,,,,,,,,,,
SAFE_ATHLETE_COMPONENT_LOWEST_CONFIDENCE,AT015481,147231;191069,Arthur B. Bailey | Arthur Bailey,2.0,fuente2 | fuente3,1.0,1.0,0.0,0.0,NO,NO,SAFE_ATHLETE_COMPONENT,191069,Arthur Bailey,1/1,"Componente clique con todos los pares SAFE; canon por completitud biográfica, luego ID estable.",,,,,,,,,,,,,,,,,,,,,,,
SAFE_ATHLETE_COMPONENT_LOWEST_CONFIDENCE,AT015509,147486;192067,douard J. R. Barbazan | douard Barbazan,2.0,fuente2 | fuente3,1.0,1.0,0.0,0.0,NO,NO,SAFE_ATHLETE_COMPONENT,192067,douard Barbazan,1/1,"Componente clique con todos los pares SAFE; canon por completitud biográfica, luego ID estable.",,,,,,,,,,,,,,,,,,,,,,,
SAFE_ATHLETE_COMPONENT_LOWEST_CONFIDENCE,AT015529,147700;192910,Muhammad Bashir | Muhammad Bashir,2.0,fuente2 | fuente3,1.0,1.0,0.0,0.0,NO,NO,SAFE_ATHLETE_COMPONENT,192910,Muhammad Bashir,1/1,"Componente clique con todos los pares SAFE; canon por completitud biográfica, luego ID estable.",,,,,,,,,,,,,,,,,,,,,,,
SAFE_ATHLETE_COMPONENT_LOWEST_CONFIDENCE,AT015599,148486;196002,Alberto C. Biedermann | Alberto Biedermann,2.0,fuente2 | fuente3,1.0,1.0,0.0,0.0,NO,NO,SAFE_ATHLETE_COMPONENT,196002,Alberto Biedermann,1/1,"Componente clique con todos los pares SAFE; canon por completitud biográfica, luego ID estable.",,,,,,,,,,,,,,,,,,,,,,,
SAFE_ATHLETE_COMPONENT_LOWEST_CONFIDENCE,AT015620,148769;197016,Edward J. Blount | Edward Blount,2.0,fuente2 | fuente3,1.0,1.0,0.0,0.0,NO,NO,SAFE_ATHLETE_COMPONENT,197016,Edward Blount,1/1,"Componente clique con todos los pares SAFE; canon por completitud biográfica, luego ID estable.",,,,,,,,,,,,,,,,,,,,,,,
SAFE_ATHLETE_COMPONENT_LOWEST_CONFIDENCE,AT015663,149223;198681,Konstantinos Botasis | Konstantinos Botasis,2.0,fuente2 | fuente3,1.0,1.0,0.0,0.0,NO,NO,SAFE_ATHLETE_COMPONENT,198681,Konstantinos Botasis,1/1,"Componente clique con todos los pares SAFE; canon por completitud biográfica, luego ID estable.",,,,,,,,,,,,,,,,,,,,,,,
SAFE_ATHLETE_COMPONENT_LOWEST_CONFIDENCE,AT015669,149280;198900,Jean A. Boulge | Jean Boulge,2.0,fuente2 | fuente3,1.0,1.0,0.0,0.0,NO,NO,SAFE_ATHLETE_COMPONENT,198900,Jean Boulge,1/1,"Componente clique con todos los pares SAFE; canon por completitud biográfica, luego ID estable.",,,,,,,,,,,,,,,,,,,,,,,
SAFE_ATHLETE_COMPONENT_LOWEST_CONFIDENCE,AT015678,149359;199333,Len A. Bozzi | Len Bozzi,2.0,fuente2 | fuente3,1.0,1.0,0.0,0.0,NO,NO,SAFE_ATHLETE_COMPONENT,199333,Len Bozzi,1/1,"Componente clique con todos los pares SAFE; canon por completitud biográfica, luego ID estable.",,,,,,,,,,,,,,,,,,,,,,,
SAFE_ATHLETE_COMPONENT_LOWEST_CONFIDENCE,AT015681,149397;199452,James S. Brady | James Brady,2.0,fuente2 | fuente3,1.0,1.0,0.0,0.0,NO,NO,SAFE_ATHLETE_COMPONENT,199452,James Brady,1/1,"Componente clique con todos los pares SAFE; canon por completitud biográfica, luego ID estable.",,,,,,,,,,,,,,,,,,,,,,,
SAFE_ATHLETE_COMPONENT_LOWEST_CONFIDENCE,AT015698,149580;200292,Lon P. Broers | Lon Broers,2.0,fuente2 | fuente3,1.0,1.0,0.0,0.0,NO,NO,SAFE_ATHLETE_COMPONENT,200292,Lon Broers,1/1,"Componente clique con todos los pares SAFE; canon por completitud biográfica, luego ID estable.",,,,,,,,,,,,,,,,,,,,,,,
SAFE_ATHLETE_COMPONENT_LOWEST_CONFIDENCE,AT015700,149620;200491,Charles R. Brown | Charles Brown,2.0,fuente2 | fuente3,1.0,1.0,0.0,0.0,NO,NO,SAFE_ATHLETE_COMPONENT,200491,Charles Brown,1/1,"Componente clique con todos los pares SAFE; canon por completitud biográfica, luego ID estable.",,,,,,,,,,,,,,,,,,,,,,,
SAFE_ATHLETE_COMPONENT_LOWEST_CONFIDENCE,AT015718,149767;201131,John Buchanan | John Buchanan,2.0,fuente2 | fuente3,1.0,1.0,0.0,0.0,NO,NO,SAFE_ATHLETE_COMPONENT,201131,John Buchanan,1/1,"Componente clique con todos los pares SAFE; canon por completitud biográfica, luego ID estable.",,,,,,,,,,,,,,,,,,,,,,,
SAFE_ATHLETE_COMPONENT_LOWEST_CONFIDENCE,AT015725,149797;201221,Frank J. Buckley | Frank Buckley,2.0,fuente2 | fuente3,1.0,1.0,0.0,0.0,NO,NO,SAFE_ATHLETE_COMPONENT,201221,Frank Buckley,1/1,"Componente clique con todos los pares SAFE; canon por completitud biográfica, luego ID estable.",,,,,,,,,,,,,,,,,,,,,,,
SAFE_ATHLETE_COMPONENT_LOWEST_CONFIDENCE,AT015748,150056;202181,William F. Byrne | William Byrne,2.0,fuente2 | fuente3,1.0,1.0,0.0,0.0,NO,NO,SAFE_ATHLETE_COMPONENT,202181,William Byrne,1/1,"Componente clique con todos los pares SAFE; canon por completitud biográfica, luego ID estable.",,,,,,,,,,,,,,,,,,,,,,,
SAFE_ATHLETE_COMPONENT_LOWEST_CONFIDENCE,AT015781,150698;204679,Fernando Cavallini | Fernando Cavallini,2.0,fuente2 | fuente3,1.0,1.0,0.0,0.0,NO,NO,SAFE_ATHLETE_COMPONENT,204679,Fernando Cavallini,1/1,"Componente clique con todos los pares SAFE; canon por completitud biográfica, luego ID estable.",,,,,,,,,,,,,,,,,,,,,,,
SAFE_ATHLETE_COMPONENT_LOWEST_CONFIDENCE,AT015800,150870;205192,Anthony P. Chalke | Anthony Chalke,2.0,fuente2 | fuente3,1.0,1.0,0.0,0.0,NO,NO,SAFE_ATHLETE_COMPONENT,205192,Anthony Chalke,1/1,"Componente clique con todos los pares SAFE; canon por completitud biográfica, luego ID estable.",,,,,,,,,,,,,,,,,,,,,,,
SAFE_ATHLETE_COMPONENT_LOWEST_CONFIDENCE,AT015817,151057;206078,Andr L. Cherrier | Andr Cherrier,2.0,fuente2 | fuente3,1.0,1.0,0.0,0.0,NO,NO,SAFE_ATHLETE_COMPONENT,206078,Andr Cherrier,1/1,"Componente clique con todos los pares SAFE; canon por completitud biográfica, luego ID estable.",,,,,,,,,,,,,,,,,,,,,,,
SAFE_ATHLETE_COMPONENT_LOWEST_CONFIDENCE,AT015822,151098;206324,William H. Childs | William Childs,2.0,fuente2 | fuente3,1.0,1.0,0.0,0.0,NO,NO,SAFE_ATHLETE_COMPONENT,206324,William Childs,1/1,"Componente clique con todos los pares SAFE; canon por completitud biográfica, luego ID estable.",,,,,,,,,,,,,,,,,,,,,,,
SAFE_ATHLETE_COMPONENT_LOWEST_CONFIDENCE,AT015830,151171;206496,Choi Eun-Gyeong | Choi Eun-gyeong,2.0,fuente2 | fuente3,1.0,1.0,0.0,0.0,NO,NO,SAFE_ATHLETE_COMPONENT,206496,Choi Eun-gyeong,1/1,"Componente clique con todos los pares SAFE; canon por completitud biográfica, luego ID estable.",,,,,,,,,,,,,,,,,,,,,,,
SAFE_ATHLETE_COMPONENT_LOWEST_CONFIDENCE,AT015845,151215;206672,Andr G. R. E. Chrtien | Andr Chrtien,2.0,fuente2 | fuente3,1.0,1.0,0.0,0.0,NO,NO,SAFE_ATHLETE_COMPONENT,206672,Andr Chrtien,1/1,"Componente clique con todos los pares SAFE; canon por completitud biográfica, luego ID estable.",,,,,,,,,,,,,,,,,,,,,,,
SAFE_ATHLETE_COMPONENT_LOWEST_CONFIDENCE,AT015850,151291;206943,Javier Ciurriz Ciurriz | Javier Ciurriz,2.0,fuente2 | fuente3,1.0,1.0,0.0,0.0,NO,NO,SAFE_ATHLETE_COMPONENT,206943,Javier Ciurriz,1/1,"Componente clique con todos los pares SAFE; canon por completitud biográfica, luego ID estable.",,,,,,,,,,,,,,,,,,,,,,,
SAFE_ATHLETE_COMPONENT_LOWEST_CONFIDENCE,AT015870,151477;207611,Maxim C. Cochin | Maxim Cochin,2.0,fuente2 | fuente3,1.0,1.0,0.0,0.0,NO,NO,SAFE_ATHLETE_COMPONENT,207611,Maxim Cochin,1/1,"Componente clique con todos los pares SAFE; canon por completitud biográfica, luego ID estable.",,,,,,,,,,,,,,,,,,,,,,,
