fuente,archivo_relativo,nombre_archivo,columna,tipo_deteccion,valor_especial_detectado,frecuencia,ejemplos
fuente1,data/raw/fuente1/clean/bios.csv,bios.csv,name,LEADING_OR_TRAILING_SPACE,<LEADING_OR_TRAILING_SPACE>,932,"["" Finarsih"","" Mia Audina"","" Suharyadi"","" Druart, Jr."","" Denet"","" Galinard"","" Lecomte"","" Coroa"",""Ba Nyein "",""Zaw Latt ""]"
fuente1,data/raw/fuente1/clean/bios.csv,bios.csv,name,NON_ASCII,<NON_ASCII>,26261,"[""Jean-François Blanchy"",""Élie, Comte de Lastours"",""Étienne Durand"",""Damien Éloi"",""André Gobert"",""René Lacoste"",""Christophe Legoût"",""Édouard Mény de Marangue"",""André Prévost"",""Stéphane Renault""]"
fuente1,data/raw/fuente1/clean/bios.csv,bios.csv,born_date,EMPTY_STRING,<EMPTY_STRING>,1807,"[""<EMPTY_STRING>""]"
fuente1,data/raw/fuente1/clean/bios.csv,bios.csv,born_city,EMPTY_STRING,<EMPTY_STRING>,34592,"[""<EMPTY_STRING>""]"
fuente1,data/raw/fuente1/clean/bios.csv,bios.csv,born_city,LEADING_OR_TRAILING_SPACE,<LEADING_OR_TRAILING_SPACE>,11,"[""Daraun-Sirubari "",""Grâce-Berleur "",""Maughold "",""Sainte-Marie-Chevigny "",""Munirka "",""Tambacounda "",""Roxborough "",""Báguanos "",""Høje Taastrup "",""Schwalmstadt ""]"
fuente1,data/raw/fuente1/clean/bios.csv,bios.csv,born_city,NON_ASCII,<NON_ASCII>,16333,"[""Nîmes"",""Alès"",""Montbéliard"",""Bagnols-sur-Cèze"",""Montréal"",""Saarbrücken"",""Târgu Mureș"",""Sălacea"",""Eimsbüttel"",""Fürth""]"
fuente1,data/raw/fuente1/clean/bios.csv,bios.csv,born_region,EMPTY_STRING,<EMPTY_STRING>,34592,"[""<EMPTY_STRING>""]"
fuente1,data/raw/fuente1/clean/bios.csv,bios.csv,born_region,NON_ASCII,<NON_ASCII>,20079,"[""Pyrénées-Atlantiques"",""Rhône"",""Îles du Vent"",""Québec"",""Baden-Württemberg"",""Mureș"",""Olomoucký kraj"",""Bistrița-Năsăud"",""Rabat-Salé-Kénitra"",""Hajdú-Bihar""]"
fuente1,data/raw/fuente1/clean/bios.csv,bios.csv,born_country,EMPTY_STRING,<EMPTY_STRING>,34592,"[""<EMPTY_STRING>""]"
fuente1,data/raw/fuente1/clean/bios.csv,bios.csv,NOC,EMPTY_STRING,<EMPTY_STRING>,1,"[""<EMPTY_STRING>""]"
fuente1,data/raw/fuente1/clean/bios.csv,bios.csv,NOC,NON_ASCII,<NON_ASCII>,1060,"[""Côte d'Ivoire"",""Türkiye"",""Georgia Türkiye"",""Russian Federation Türkiye Unified Team"",""Türkiye Ukraine"",""Belarus Türkiye Unified Team"",""Côte d'Ivoire France"",""São Tomé and Príncipe"",""Türkiye Unified Team"",""Belarus Türkiye""]"
fuente1,data/raw/fuente1/clean/bios.csv,bios.csv,height_cm,EMPTY_STRING,<EMPTY_STRING>,38849,"[""<EMPTY_STRING>""]"
fuente1,data/raw/fuente1/clean/bios.csv,bios.csv,height_cm,POTENTIAL_OUTLIER_IQR,<POTENTIAL_OUTLIER_IQR>,1490,"[""146.0"",""150.0"",""150.0"",""208.0"",""150.0"",""204.0"",""203.0"",""206.0"",""205.0"",""204.0""]"
fuente1,data/raw/fuente1/clean/bios.csv,bios.csv,weight_kg,EMPTY_STRING,<EMPTY_STRING>,43430,"[""<EMPTY_STRING>""]"
fuente1,data/raw/fuente1/clean/bios.csv,bios.csv,weight_kg,POTENTIAL_OUTLIER_IQR,<POTENTIAL_OUTLIER_IQR>,1837,"[""125.0"",""133.0"",""110.0"",""127.0"",""110.0"",""128.0"",""110.0"",""130.0"",""110.0"",""108.0""]"
fuente1,data/raw/fuente1/clean/bios.csv,bios.csv,died_date,EMPTY_STRING,<EMPTY_STRING>,111560,"[""<EMPTY_STRING>""]"
fuente1,data/raw/fuente1/clean/bios_locs.csv,bios_locs.csv,name,LEADING_OR_TRAILING_SPACE,<LEADING_OR_TRAILING_SPACE>,932,"["" Finarsih"","" Mia Audina"","" Suharyadi"","" Druart, Jr."","" Denet"","" Galinard"","" Lecomte"","" Coroa"",""Ba Nyein "",""Zaw Latt ""]"
fuente1,data/raw/fuente1/clean/bios_locs.csv,bios_locs.csv,name,NON_ASCII,<NON_ASCII>,26261,"[""Jean-François Blanchy"",""Élie, Comte de Lastours"",""Étienne Durand"",""Damien Éloi"",""André Gobert"",""René Lacoste"",""Christophe Legoût"",""Édouard Mény de Marangue"",""André Prévost"",""Stéphane Renault""]"
fuente1,data/raw/fuente1/clean/bios_locs.csv,bios_locs.csv,born_date,EMPTY_STRING,<EMPTY_STRING>,1807,"[""<EMPTY_STRING>""]"
fuente1,data/raw/fuente1/clean/bios_locs.csv,bios_locs.csv,born_city,EMPTY_STRING,<EMPTY_STRING>,34592,"[""<EMPTY_STRING>""]"
fuente1,data/raw/fuente1/clean/bios_locs.csv,bios_locs.csv,born_city,LEADING_OR_TRAILING_SPACE,<LEADING_OR_TRAILING_SPACE>,11,"[""Daraun-Sirubari "",""Grâce-Berleur "",""Maughold "",""Sainte-Marie-Chevigny "",""Munirka "",""Tambacounda "",""Roxborough "",""Báguanos "",""Høje Taastrup "",""Schwalmstadt ""]"
fuente1,data/raw/fuente1/clean/bios_locs.csv,bios_locs.csv,born_city,NON_ASCII,<NON_ASCII>,16333,"[""Nîmes"",""Alès"",""Montbéliard"",""Bagnols-sur-Cèze"",""Montréal"",""Saarbrücken"",""Târgu Mureș"",""Sălacea"",""Eimsbüttel"",""Fürth""]"
fuente1,data/raw/fuente1/clean/bios_locs.csv,bios_locs.csv,born_region,EMPTY_STRING,<EMPTY_STRING>,34592,"[""<EMPTY_STRING>""]"
fuente1,data/raw/fuente1/clean/bios_locs.csv,bios_locs.csv,born_region,NON_ASCII,<NON_ASCII>,20079,"[""Pyrénées-Atlantiques"",""Rhône"",""Îles du Vent"",""Québec"",""Baden-Württemberg"",""Mureș"",""Olomoucký kraj"",""Bistrița-Năsăud"",""Rabat-Salé-Kénitra"",""Hajdú-Bihar""]"
fuente1,data/raw/fuente1/clean/bios_locs.csv,bios_locs.csv,born_country,EMPTY_STRING,<EMPTY_STRING>,34592,"[""<EMPTY_STRING>""]"
fuente1,data/raw/fuente1/clean/bios_locs.csv,bios_locs.csv,NOC,EMPTY_STRING,<EMPTY_STRING>,1,"[""<EMPTY_STRING>""]"
fuente1,data/raw/fuente1/clean/bios_locs.csv,bios_locs.csv,NOC,NON_ASCII,<NON_ASCII>,1060,"[""Côte d'Ivoire"",""Türkiye"",""Georgia Türkiye"",""Russian Federation Türkiye Unified Team"",""Türkiye Ukraine"",""Belarus Türkiye Unified Team"",""Côte d'Ivoire France"",""São Tomé and Príncipe"",""Türkiye Unified Team"",""Belarus Türkiye""]"
fuente1,data/raw/fuente1/clean/bios_locs.csv,bios_locs.csv,height_cm,EMPTY_STRING,<EMPTY_STRING>,38849,"[""<EMPTY_STRING>""]"
fuente1,data/raw/fuente1/clean/bios_locs.csv,bios_locs.csv,height_cm,POTENTIAL_OUTLIER_IQR,<POTENTIAL_OUTLIER_IQR>,1490,"[""146.0"",""150.0"",""150.0"",""208.0"",""150.0"",""204.0"",""203.0"",""206.0"",""205.0"",""204.0""]"
fuente1,data/raw/fuente1/clean/bios_locs.csv,bios_locs.csv,weight_kg,EMPTY_STRING,<EMPTY_STRING>,43430,"[""<EMPTY_STRING>""]"
fuente1,data/raw/fuente1/clean/bios_locs.csv,bios_locs.csv,weight_kg,POTENTIAL_OUTLIER_IQR,<POTENTIAL_OUTLIER_IQR>,1837,"[""125.0"",""133.0"",""110.0"",""127.0"",""110.0"",""128.0"",""110.0"",""130.0"",""110.0"",""108.0""]"
fuente1,data/raw/fuente1/clean/bios_locs.csv,bios_locs.csv,died_date,EMPTY_STRING,<EMPTY_STRING>,111560,"[""<EMPTY_STRING>""]"
fuente1,data/raw/fuente1/clean/bios_locs.csv,bios_locs.csv,lat,EMPTY_STRING,<EMPTY_STRING>,75955,"[""<EMPTY_STRING>""]"
fuente1,data/raw/fuente1/clean/bios_locs.csv,bios_locs.csv,long,EMPTY_STRING,<EMPTY_STRING>,75955,"[""<EMPTY_STRING>""]"
fuente1,data/raw/fuente1/clean/noc_regions.csv,noc_regions.csv,region,SPECIAL_TOKEN,NA,3,"[""NA""]"
fuente1,data/raw/fuente1/clean/noc_regions.csv,noc_regions.csv,notes,EMPTY_STRING,<EMPTY_STRING>,209,"[""<EMPTY_STRING>""]"
fuente1,data/raw/fuente1/clean/populations.csv,populations.csv,1960,EMPTY_STRING,<EMPTY_STRING>,2,"[""<EMPTY_STRING>""]"
fuente1,data/raw/fuente1/clean/populations.csv,populations.csv,1961,EMPTY_STRING,<EMPTY_STRING>,2,"[""<EMPTY_STRING>""]"
fuente1,data/raw/fuente1/clean/populations.csv,populations.csv,1962,EMPTY_STRING,<EMPTY_STRING>,2,"[""<EMPTY_STRING>""]"
fuente1,data/raw/fuente1/clean/populations.csv,populations.csv,1963,EMPTY_STRING,<EMPTY_STRING>,2,"[""<EMPTY_STRING>""]"
fuente1,data/raw/fuente1/clean/populations.csv,populations.csv,1964,EMPTY_STRING,<EMPTY_STRING>,2,"[""<EMPTY_STRING>""]"
fuente1,data/raw/fuente1/clean/populations.csv,populations.csv,1965,EMPTY_STRING,<EMPTY_STRING>,2,"[""<EMPTY_STRING>""]"
fuente1,data/raw/fuente1/clean/populations.csv,populations.csv,1966,EMPTY_STRING,<EMPTY_STRING>,2,"[""<EMPTY_STRING>""]"
fuente1,data/raw/fuente1/clean/populations.csv,populations.csv,1967,EMPTY_STRING,<EMPTY_STRING>,2,"[""<EMPTY_STRING>""]"
fuente1,data/raw/fuente1/clean/populations.csv,populations.csv,1968,EMPTY_STRING,<EMPTY_STRING>,2,"[""<EMPTY_STRING>""]"
fuente1,data/raw/fuente1/clean/populations.csv,populations.csv,1969,EMPTY_STRING,<EMPTY_STRING>,2,"[""<EMPTY_STRING>""]"
fuente1,data/raw/fuente1/clean/populations.csv,populations.csv,1970,EMPTY_STRING,<EMPTY_STRING>,2,"[""<EMPTY_STRING>""]"
fuente1,data/raw/fuente1/clean/populations.csv,populations.csv,1971,EMPTY_STRING,<EMPTY_STRING>,2,"[""<EMPTY_STRING>""]"
fuente1,data/raw/fuente1/clean/populations.csv,populations.csv,1972,EMPTY_STRING,<EMPTY_STRING>,2,"[""<EMPTY_STRING>""]"
fuente1,data/raw/fuente1/clean/populations.csv,populations.csv,1973,EMPTY_STRING,<EMPTY_STRING>,2,"[""<EMPTY_STRING>""]"
fuente1,data/raw/fuente1/clean/populations.csv,populations.csv,1974,EMPTY_STRING,<EMPTY_STRING>,2,"[""<EMPTY_STRING>""]"
fuente1,data/raw/fuente1/clean/populations.csv,populations.csv,1975,EMPTY_STRING,<EMPTY_STRING>,2,"[""<EMPTY_STRING>""]"
fuente1,data/raw/fuente1/clean/populations.csv,populations.csv,1976,EMPTY_STRING,<EMPTY_STRING>,2,"[""<EMPTY_STRING>""]"
fuente1,data/raw/fuente1/clean/populations.csv,populations.csv,1977,EMPTY_STRING,<EMPTY_STRING>,2,"[""<EMPTY_STRING>""]"
fuente1,data/raw/fuente1/clean/populations.csv,populations.csv,1978,EMPTY_STRING,<EMPTY_STRING>,2,"[""<EMPTY_STRING>""]"
fuente1,data/raw/fuente1/clean/populations.csv,populations.csv,1979,EMPTY_STRING,<EMPTY_STRING>,2,"[""<EMPTY_STRING>""]"
fuente1,data/raw/fuente1/clean/populations.csv,populations.csv,1980,EMPTY_STRING,<EMPTY_STRING>,2,"[""<EMPTY_STRING>""]"
fuente1,data/raw/fuente1/clean/populations.csv,populations.csv,1981,EMPTY_STRING,<EMPTY_STRING>,2,"[""<EMPTY_STRING>""]"
fuente1,data/raw/fuente1/clean/populations.csv,populations.csv,1982,EMPTY_STRING,<EMPTY_STRING>,2,"[""<EMPTY_STRING>""]"
fuente1,data/raw/fuente1/clean/populations.csv,populations.csv,1983,EMPTY_STRING,<EMPTY_STRING>,2,"[""<EMPTY_STRING>""]"
fuente1,data/raw/fuente1/clean/populations.csv,populations.csv,1984,EMPTY_STRING,<EMPTY_STRING>,2,"[""<EMPTY_STRING>""]"
fuente1,data/raw/fuente1/clean/populations.csv,populations.csv,1985,EMPTY_STRING,<EMPTY_STRING>,2,"[""<EMPTY_STRING>""]"
fuente1,data/raw/fuente1/clean/populations.csv,populations.csv,1986,EMPTY_STRING,<EMPTY_STRING>,2,"[""<EMPTY_STRING>""]"
fuente1,data/raw/fuente1/clean/populations.csv,populations.csv,1987,EMPTY_STRING,<EMPTY_STRING>,2,"[""<EMPTY_STRING>""]"
fuente1,data/raw/fuente1/clean/populations.csv,populations.csv,1988,EMPTY_STRING,<EMPTY_STRING>,2,"[""<EMPTY_STRING>""]"
fuente1,data/raw/fuente1/clean/populations.csv,populations.csv,1989,EMPTY_STRING,<EMPTY_STRING>,2,"[""<EMPTY_STRING>""]"
fuente1,data/raw/fuente1/clean/populations.csv,populations.csv,1990,EMPTY_STRING,<EMPTY_STRING>,1,"[""<EMPTY_STRING>""]"
fuente1,data/raw/fuente1/clean/populations.csv,populations.csv,1991,EMPTY_STRING,<EMPTY_STRING>,1,"[""<EMPTY_STRING>""]"
fuente1,data/raw/fuente1/clean/populations.csv,populations.csv,1992,EMPTY_STRING,<EMPTY_STRING>,1,"[""<EMPTY_STRING>""]"
fuente1,data/raw/fuente1/clean/populations.csv,populations.csv,1993,EMPTY_STRING,<EMPTY_STRING>,1,"[""<EMPTY_STRING>""]"
fuente1,data/raw/fuente1/clean/populations.csv,populations.csv,1994,EMPTY_STRING,<EMPTY_STRING>,1,"[""<EMPTY_STRING>""]"
fuente1,data/raw/fuente1/clean/populations.csv,populations.csv,1995,EMPTY_STRING,<EMPTY_STRING>,1,"[""<EMPTY_STRING>""]"
fuente1,data/raw/fuente1/clean/populations.csv,populations.csv,1996,EMPTY_STRING,<EMPTY_STRING>,1,"[""<EMPTY_STRING>""]"
fuente1,data/raw/fuente1/clean/populations.csv,populations.csv,1997,EMPTY_STRING,<EMPTY_STRING>,1,"[""<EMPTY_STRING>""]"
fuente1,data/raw/fuente1/clean/populations.csv,populations.csv,1998,EMPTY_STRING,<EMPTY_STRING>,1,"[""<EMPTY_STRING>""]"
fuente1,data/raw/fuente1/clean/populations.csv,populations.csv,1999,EMPTY_STRING,<EMPTY_STRING>,1,"[""<EMPTY_STRING>""]"
fuente1,data/raw/fuente1/clean/populations.csv,populations.csv,2000,EMPTY_STRING,<EMPTY_STRING>,1,"[""<EMPTY_STRING>""]"
fuente1,data/raw/fuente1/clean/populations.csv,populations.csv,2001,EMPTY_STRING,<EMPTY_STRING>,1,"[""<EMPTY_STRING>""]"
fuente1,data/raw/fuente1/clean/populations.csv,populations.csv,2002,EMPTY_STRING,<EMPTY_STRING>,1,"[""<EMPTY_STRING>""]"
fuente1,data/raw/fuente1/clean/populations.csv,populations.csv,2003,EMPTY_STRING,<EMPTY_STRING>,1,"[""<EMPTY_STRING>""]"
fuente1,data/raw/fuente1/clean/populations.csv,populations.csv,2004,EMPTY_STRING,<EMPTY_STRING>,1,"[""<EMPTY_STRING>""]"
fuente1,data/raw/fuente1/clean/populations.csv,populations.csv,2005,EMPTY_STRING,<EMPTY_STRING>,1,"[""<EMPTY_STRING>""]"
fuente1,data/raw/fuente1/clean/populations.csv,populations.csv,2006,EMPTY_STRING,<EMPTY_STRING>,1,"[""<EMPTY_STRING>""]"
fuente1,data/raw/fuente1/clean/populations.csv,populations.csv,2007,EMPTY_STRING,<EMPTY_STRING>,1,"[""<EMPTY_STRING>""]"
fuente1,data/raw/fuente1/clean/populations.csv,populations.csv,2008,EMPTY_STRING,<EMPTY_STRING>,1,"[""<EMPTY_STRING>""]"
fuente1,data/raw/fuente1/clean/populations.csv,populations.csv,2009,EMPTY_STRING,<EMPTY_STRING>,1,"[""<EMPTY_STRING>""]"
fuente1,data/raw/fuente1/clean/populations.csv,populations.csv,2010,EMPTY_STRING,<EMPTY_STRING>,1,"[""<EMPTY_STRING>""]"
fuente1,data/raw/fuente1/clean/populations.csv,populations.csv,2011,EMPTY_STRING,<EMPTY_STRING>,1,"[""<EMPTY_STRING>""]"
fuente1,data/raw/fuente1/clean/populations.csv,populations.csv,2012,EMPTY_STRING,<EMPTY_STRING>,1,"[""<EMPTY_STRING>""]"
fuente1,data/raw/fuente1/clean/populations.csv,populations.csv,2013,EMPTY_STRING,<EMPTY_STRING>,1,"[""<EMPTY_STRING>""]"
fuente1,data/raw/fuente1/clean/populations.csv,populations.csv,2014,EMPTY_STRING,<EMPTY_STRING>,1,"[""<EMPTY_STRING>""]"
fuente1,data/raw/fuente1/clean/populations.csv,populations.csv,2015,EMPTY_STRING,<EMPTY_STRING>,1,"[""<EMPTY_STRING>""]"
fuente1,data/raw/fuente1/clean/populations.csv,populations.csv,2016,EMPTY_STRING,<EMPTY_STRING>,1,"[""<EMPTY_STRING>""]"
fuente1,data/raw/fuente1/clean/populations.csv,populations.csv,2017,EMPTY_STRING,<EMPTY_STRING>,1,"[""<EMPTY_STRING>""]"
fuente1,data/raw/fuente1/clean/populations.csv,populations.csv,2018,EMPTY_STRING,<EMPTY_STRING>,1,"[""<EMPTY_STRING>""]"
fuente1,data/raw/fuente1/clean/populations.csv,populations.csv,2019,EMPTY_STRING,<EMPTY_STRING>,1,"[""<EMPTY_STRING>""]"
fuente1,data/raw/fuente1/clean/populations.csv,populations.csv,2020,EMPTY_STRING,<EMPTY_STRING>,1,"[""<EMPTY_STRING>""]"
fuente1,data/raw/fuente1/clean/populations.csv,populations.csv,2021,EMPTY_STRING,<EMPTY_STRING>,1,"[""<EMPTY_STRING>""]"
fuente1,data/raw/fuente1/clean/populations.csv,populations.csv,2022,EMPTY_STRING,<EMPTY_STRING>,1,"[""<EMPTY_STRING>""]"
fuente1,data/raw/fuente1/clean/populations.csv,populations.csv,2023,EMPTY_STRING,<EMPTY_STRING>,1,"[""<EMPTY_STRING>""]"
fuente1,data/raw/fuente1/clean/results.csv,results.csv,year,EMPTY_STRING,<EMPTY_STRING>,2601,"[""<EMPTY_STRING>""]"
fuente1,data/raw/fuente1/clean/results.csv,results.csv,type,EMPTY_STRING,<EMPTY_STRING>,2601,"[""<EMPTY_STRING>""]"
fuente1,data/raw/fuente1/clean/results.csv,results.csv,discipline,EMPTY_STRING,<EMPTY_STRING>,1,"[""<EMPTY_STRING>""]"
fuente1,data/raw/fuente1/clean/results.csv,results.csv,discipline,NON_ASCII,<NON_ASCII>,1,"[""Glíma""]"
fuente1,data/raw/fuente1/clean/results.csv,results.csv,event,NON_ASCII,<NON_ASCII>,23668,"[""Épée, Individual, Men (Olympic)"",""Sur La Perche À La Herse, Men (Olympic)"",""Au Cordon Doré, 33 metres, Men (Olympic)"",""Au Cordon Doré, 50 metres, Men (Olympic)"",""Sur La Perche À La Pyramide, Men (Olympic)"",""Kayak Relay, 4 × 500 metres, Men (Olympic)"",""¼ mile, Men (Olympic)"",""½ mile, Men (Olympic)"",""½ mile, Handicap, Men (Olympic (non-medal))"",""333⅓ metres Time Trial, Men (Olympic)""]"
fuente1,data/raw/fuente1/clean/results.csv,results.csv,as,NON_ASCII,<NON_ASCII>,57960,"[""Jean-François Blanchy"",""Élie, Comte de Lastours"",""Étienne Durand"",""Damien Éloi"",""André Gobert"",""René Lacoste"",""Christophe Legoût"",""Édouard Mény de Marangue"",""André Prévost"",""Stéphane Renault""]"
fuente1,data/raw/fuente1/clean/results.csv,results.csv,noc,EMPTY_STRING,<EMPTY_STRING>,1,"[""<EMPTY_STRING>""]"
fuente1,data/raw/fuente1/clean/results.csv,results.csv,team,EMPTY_STRING,<EMPTY_STRING>,186694,"[""<EMPTY_STRING>""]"
fuente1,data/raw/fuente1/clean/results.csv,results.csv,team,NON_ASCII,<NON_ASCII>,3547,"[""René Lacoste"",""Jean-François Blanchy"",""Édouard Mény de Marangue"",""Christophe Legoût"",""André Prévost"",""André Vacherot"",""Étienne Durand"",""Damien Éloi"",""André Gobert"",""Élisabeth d'Ayen""]"
fuente1,data/raw/fuente1/clean/results.csv,results.csv,place,EMPTY_STRING,<EMPTY_STRING>,25215,"[""<EMPTY_STRING>""]"
fuente1,data/raw/fuente1/clean/results.csv,results.csv,place,POSITION_CATEGORY,NUMERIC_POSITION,283193,"[""5.0"",""3.0"",""4.0"",""2.0"",""1.0"",""9.0"",""6.0"",""7.0"",""8.0"",""17.0""]"
fuente1,data/raw/fuente1/clean/results.csv,results.csv,medal,EMPTY_STRING,<EMPTY_STRING>,264269,"[""<EMPTY_STRING>""]"
fuente1,data/raw/fuente1/clean/results.csv,results.csv,medal,MEDAL_VALUE,<EMPTY_STRING>,264269,"[""<EMPTY_STRING>""]"
fuente1,data/raw/fuente1/clean/results.csv,results.csv,medal,MEDAL_VALUE,Bronze,14810,"[""Bronze""]"
fuente1,data/raw/fuente1/clean/results.csv,results.csv,medal,MEDAL_VALUE,Gold,14783,"[""Gold""]"
fuente1,data/raw/fuente1/clean/results.csv,results.csv,medal,MEDAL_VALUE,Silver,14546,"[""Silver""]"
fuente1,data/raw/fuente1/raw/bios.csv,bios.csv,Roles,NON_ASCII,<NON_ASCII>,8374,"[""Competed in Olympic Games • Administrator"",""Competed in Olympic Games • Competed in Intercalated Games • Non-starter"",""Competed in Olympic Games • Competed in Olympic Games (non-medal events)"",""Competed in Olympic Games • Competed in Intercalated Games • Competed in Olympic Games (non-medal events)"",""Competed in Olympic Games • Non-starter"",""Competed in Olympic Games • Competed in Intercalated Games"",""Competed in Olympic Games • Competed in Olympic Games (non-medal events) • Other"",""Competed in Olympic Games • Other"",""Competed in Olympic Games • Referee"",""Competed in Olympic Games • Other • Administrator""]"
fuente1,data/raw/fuente1/raw/bios.csv,bios.csv,Full name,NON_ASCII,<NON_ASCII>,145271,"[""François Joseph Marie Antoine \""Jean-François\""•Blanchy"",""Arnaud Benjamin•Boetsch"",""Jean Laurent Robert•Borotra"",""Jacques Marie Stanislas Jean•Brugnon"",""Henry Albert•Canet"",""Nicolas•Chatelain"",""Patrick•Chila"",""Henri Jean•Cochet"",""Marcel•Cousin"",""Luc Henri Hervé Guy•Gardye de la Chapelle""]"
fuente1,data/raw/fuente1/raw/bios.csv,bios.csv,Used name,NON_ASCII,<NON_ASCII>,145500,"[""Jean-François•Blanchy"",""Arnaud•Boetsch"",""Jean•Borotra"",""Jacques•Brugnon"",""Albert•Canet"",""Nicolas•Chatelain"",""Patrick•Chila"",""Henri•Cochet"",""Marcel•Cousin"",""Guy•de la Chapelle""]"
fuente1,data/raw/fuente1/raw/bios.csv,bios.csv,Born,EMPTY_STRING,<EMPTY_STRING>,1728,"[""<EMPTY_STRING>""]"
fuente1,data/raw/fuente1/raw/bios.csv,bios.csv,Born,NON_ASCII,<NON_ASCII>,28599,"[""13 August 1898 in Biarritz, Pyrénées-Atlantiques (FRA)"",""14 December 1901 in Villeurbanne, Rhône (FRA)"",""4 August 1896 in Nîmes, Gard (FRA)"",""16 October 1968 in Alès, Gard (FRA)"",""6 August 1973 in Montbéliard, Doubs (FRA)"",""14 February 1970 in Bagnols-sur-Cèze, Gard (FRA)"",""9 December 1972 in Tahiti, Îles du Vent (FPN)"",""6 September 1973 in Montréal, Québec (CAN)"",""14 June 1969 in Mannheim, Baden-Württemberg (GER)"",""4 February 1974 in Bruchsal, Baden-Württemberg (GER)""]"
fuente1,data/raw/fuente1/raw/bios.csv,bios.csv,Died,EMPTY_STRING,<EMPTY_STRING>,111458,"[""<EMPTY_STRING>""]"
fuente1,data/raw/fuente1/raw/bios.csv,bios.csv,Died,NON_ASCII,<NON_ASCII>,6065,"[""2 October 1960 in Saint-Jean-de-Luz, Pyrénées-Atlantiques (FRA)"",""17 July 1994 in Arbonne, Pyrénées-Atlantiques (FRA)"",""1 August 1986 in Nîmes, Gard (FRA)"",""19 April 1942 in Oświęcim, Małopolskie (POL)"",""12 October 1996 in Saint-Jean-de-Luz, Pyrénées-Atlantiques (FRA)"",""13 April 1965 in Mérignac, Gironde (FRA)"",""26 October 1956 in Saint Brélade, Jersey (JER)"",""2 April 1976 in Fürstenfeldbruck, Bayern (GER)"",""10 January 1949 in Pula, Istarska županija (CRO)"",""6 October 2020 in Curridabat, San José (CRC)""]"
fuente1,data/raw/fuente1/raw/bios.csv,bios.csv,NOC,EMPTY_STRING,<EMPTY_STRING>,1,"[""<EMPTY_STRING>""]"
fuente1,data/raw/fuente1/raw/bios.csv,bios.csv,NOC,NON_ASCII,<NON_ASCII>,1060,"[""Côte d'Ivoire"",""Türkiye"",""Georgia Türkiye"",""Russian Federation Türkiye Unified Team"",""Türkiye Ukraine"",""Belarus Türkiye Unified Team"",""Côte d'Ivoire France"",""São Tomé and Príncipe"",""Türkiye Unified Team"",""Belarus Türkiye""]"
fuente1,data/raw/fuente1/raw/bios.csv,bios.csv,Measurements,EMPTY_STRING,<EMPTY_STRING>,37667,"[""<EMPTY_STRING>""]"
fuente1,data/raw/fuente1/raw/bios.csv,bios.csv,Affiliations,EMPTY_STRING,<EMPTY_STRING>,49668,"[""<EMPTY_STRING>""]"
fuente1,data/raw/fuente1/raw/bios.csv,bios.csv,Affiliations,NON_ASCII,<NON_ASCII>,18018,"[""AS Pontoise-Cergy TT, Pontoise (FRA) / Royal Villette Charleroi, Charleroi (BEL) / Espérance de Reuilly Tennis de Table, Paris (FRA) / Levallois SCTT, Levall..."",""Saarbrücken, GER"",""TC Brühl, Brühl (GER)"",""Rot-Weiß Berlin, Berlin (GER)"",""TSG Dülmen, Dülmen (GER)"",""TSG Dülmen / Bayer Uerdingen / SV Winterwerb / TV Busenbach"",""Spvg Steinhagen, Steinhagen (GER) / TSG Dülmen, Dülmen (GER) / FSV Kroppach, Kroppach (GER)"",""TK Grün-Weiß Mannheim, Mannheim (GER)"",""TTC Grenzau, Höhr-Grenzhausen (GER)"",""Borussia Düsseldorf, Düsseldorf (GER)""]"
fuente1,data/raw/fuente1/raw/bios.csv,bios.csv,Nick/petnames,EMPTY_STRING,<EMPTY_STRING>,136355,"[""<EMPTY_STRING>""]"
fuente1,data/raw/fuente1/raw/bios.csv,bios.csv,Nick/petnames,SPECIAL_TOKEN,Nan,1,"[""Nan""]"
fuente1,data/raw/fuente1/raw/bios.csv,bios.csv,Nick/petnames,SPECIAL_TOKEN,DQ,1,"[""DQ""]"
fuente1,data/raw/fuente1/raw/bios.csv,bios.csv,Nick/petnames,NON_ASCII,<NON_ASCII>,659,"[""Le vengeur masqué"",""Fräulein Forehand"",""Decskó"",""Kössi"",""Černý"",""Le Kaïd"",""el Volcán"",""El Olímpico"",""El Héroe de Parma"",""El Rascacielos Pinareño, King Kong""]"
fuente1,data/raw/fuente1/raw/bios.csv,bios.csv,Title(s),EMPTY_STRING,<EMPTY_STRING>,145101,"[""<EMPTY_STRING>""]"
fuente1,data/raw/fuente1/raw/bios.csv,bios.csv,Title(s),NON_ASCII,<NON_ASCII>,37,"[""Marqués (Marquis) de los Trujillos"",""2nd Marqués (Marquis) de Guadalmina"",""5ème Marquis d'Orgeix"",""12. Marqués (Marquis) de San Damián"",""Prinz (Prince) von Preußen"",""Conde (Count) de Guaqu, Conde (Count) de Casa Saavedra, Marqués (Marquis) de Artasona, Marqués (Marquis) de Villafuerte"",""Prins (Prince), Hertig (Duke) av Västerbotten"",""Marqués (Marquis) de Alhendin de la Vega de Granada"",""Marquês (Marquis) do Funchal"",""IV Duque (Duke) de Arjona, XIV Conde (Count) de Salvatierra, XVIII Duque (Duke) de Huéscar""]"
fuente1,data/raw/fuente1/raw/bios.csv,bios.csv,Other names,EMPTY_STRING,<EMPTY_STRING>,138333,"[""<EMPTY_STRING>""]"
fuente1,data/raw/fuente1/raw/bios.csv,bios.csv,Other names,NON_ASCII,<NON_ASCII>,3644,"[""陈新华"",""施婕"",""Călin Creangă"",""Ilona Várady"",""Kálmán Kirchmayr"",""Momčilo Tapavica, Момчило Тапавица"",""Leó von Baráth"",""Aurél von Kelemen"",""Béla von Kehrling"",""Jenő von Zsigmondy""]"
fuente1,data/raw/fuente1/raw/bios.csv,bios.csv,Nationality,EMPTY_STRING,<EMPTY_STRING>,137241,"[""<EMPTY_STRING>""]"
fuente1,data/raw/fuente1/raw/bios.csv,bios.csv,Original name,EMPTY_STRING,<EMPTY_STRING>,114761,"[""<EMPTY_STRING>""]"
fuente1,data/raw/fuente1/raw/bios.csv,bios.csv,Original name,NON_ASCII,<NON_ASCII>,30739,"[""Χριστίνα•Παπαδάκη"",""Ολγα•Τσαρμπόπουλος"",""Λενα•Βαλαωρίτου-Σκαραμαγκά"",""Χριστίνα•Ζαχαριάδου"",""Αριστίδης•Ακρατόπουλοσ"",""Κωνσταντίνος \""Κωστας\""•Ακρατόπουλοσ"",""Αναστάσιος \""Τάσος\""•Μπαβελας"",""Κωνσταντίνος•Εφρεμογλου"",""Γεώργιος•Καλοβελωνης"",""Δημήτριος Εμμανουήλ•Κάσδαγλης""]"
fuente1,data/raw/fuente1/raw/bios.csv,bios.csv,Name order,EMPTY_STRING,<EMPTY_STRING>,137656,"[""<EMPTY_STRING>""]"
fuente1,data/raw/fuente1/raw/results.csv,results.csv,Event,NON_ASCII,<NON_ASCII>,23668,"[""Épée, Individual, Men (Olympic)"",""Sur La Perche À La Herse, Men (Olympic)"",""Au Cordon Doré, 33 metres, Men (Olympic)"",""Au Cordon Doré, 50 metres, Men (Olympic)"",""Sur La Perche À La Pyramide, Men (Olympic)"",""Kayak Relay, 4 × 500 metres, Men (Olympic)"",""¼ mile, Men (Olympic)"",""½ mile, Men (Olympic)"",""½ mile, Handicap, Men (Olympic (non-medal))"",""333⅓ metres Time Trial, Men (Olympic)""]"
fuente1,data/raw/fuente1/raw/results.csv,results.csv,Team,EMPTY_STRING,<EMPTY_STRING>,186694,"[""<EMPTY_STRING>""]"
fuente1,data/raw/fuente1/raw/results.csv,results.csv,Team,NON_ASCII,<NON_ASCII>,3547,"[""René Lacoste"",""Jean-François Blanchy"",""Édouard Mény de Marangue"",""Christophe Legoût"",""André Prévost"",""André Vacherot"",""Étienne Durand"",""Damien Éloi"",""André Gobert"",""Élisabeth d'Ayen""]"
fuente1,data/raw/fuente1/raw/results.csv,results.csv,Pos,POSITION_EQUALS_PREFIX,=17,5138,"[""=17""]"
fuente1,data/raw/fuente1/raw/results.csv,results.csv,Pos,SPECIAL_TOKEN,DNS,8837,"[""DNS""]"
fuente1,data/raw/fuente1/raw/results.csv,results.csv,Pos,POSITION_EQUALS_PREFIX,=32,230,"[""=32""]"
fuente1,data/raw/fuente1/raw/results.csv,results.csv,Pos,POSITION_EQUALS_PREFIX,=8,416,"[""=8""]"
fuente1,data/raw/fuente1/raw/results.csv,results.csv,Pos,POSITION_EQUALS_PREFIX,=15,489,"[""=15""]"
fuente1,data/raw/fuente1/raw/results.csv,results.csv,Pos,POSITION_EQUALS_PREFIX,=9,7312,"[""=9""]"
fuente1,data/raw/fuente1/raw/results.csv,results.csv,Pos,POSITION_EQUALS_PREFIX,=33,1534,"[""=33""]"
fuente1,data/raw/fuente1/raw/results.csv,results.csv,Pos,POSITION_EQUALS_PREFIX,=49,310,"[""=49""]"
fuente1,data/raw/fuente1/raw/results.csv,results.csv,Pos,POSITION_EQUALS_PREFIX,=3,1338,"[""=3""]"
fuente1,data/raw/fuente1/raw/results.csv,results.csv,Pos,POSITION_EQUALS_PREFIX,=5,5235,"[""=5""]"
fuente1,data/raw/fuente1/raw/results.csv,results.csv,Pos,EMPTY_STRING,<EMPTY_STRING>,1825,"[""<EMPTY_STRING>""]"
fuente1,data/raw/fuente1/raw/results.csv,results.csv,Pos,POSITION_EQUALS_PREFIX,=31,192,"[""=31""]"
fuente1,data/raw/fuente1/raw/results.csv,results.csv,Pos,POSITION_EQUALS_PREFIX,=14,406,"[""=14""]"
fuente1,data/raw/fuente1/raw/results.csv,results.csv,Pos,POSITION_EQUALS_PREFIX,=16,512,"[""=16""]"
fuente1,data/raw/fuente1/raw/results.csv,results.csv,Pos,POSITION_EQUALS_PREFIX,=7,1387,"[""=7""]"
fuente1,data/raw/fuente1/raw/results.csv,results.csv,Pos,POSITION_EQUALS_PREFIX,=13,1452,"[""=13""]"
fuente1,data/raw/fuente1/raw/results.csv,results.csv,Pos,POSITION_EQUALS_PREFIX,=4,299,"[""=4""]"
fuente1,data/raw/fuente1/raw/results.csv,results.csv,Pos,POSITION_EQUALS_PREFIX,=29,202,"[""=29""]"
fuente1,data/raw/fuente1/raw/results.csv,results.csv,Pos,POSITION_EQUALS_PREFIX,=25,416,"[""=25""]"
fuente1,data/raw/fuente1/raw/results.csv,results.csv,Pos,POSITION_EQUALS_PREFIX,=21,401,"[""=21""]"
fuente1,data/raw/fuente1/raw/results.csv,results.csv,Pos,POSITION_EQUALS_PREFIX,=11,1159,"[""=11""]"
fuente1,data/raw/fuente1/raw/results.csv,results.csv,Pos,POSITION_EQUALS_PREFIX,=48,56,"[""=48""]"
fuente1,data/raw/fuente1/raw/results.csv,results.csv,Pos,POSITION_EQUALS_PREFIX,=26,198,"[""=26""]"
fuente1,data/raw/fuente1/raw/results.csv,results.csv,Pos,POSITION_EQUALS_PREFIX,=41,155,"[""=41""]"
fuente1,data/raw/fuente1/raw/results.csv,results.csv,Pos,POSITION_EQUALS_PREFIX,=61,62,"[""=61""]"
fuente1,data/raw/fuente1/raw/results.csv,results.csv,Pos,SPECIAL_TOKEN,DNF,7943,"[""DNF""]"
fuente1,data/raw/fuente1/raw/results.csv,results.csv,Pos,POSITION_EQUALS_PREFIX,=28,179,"[""=28""]"
fuente1,data/raw/fuente1/raw/results.csv,results.csv,Pos,POSITION_EQUALS_PREFIX,=57,55,"[""=57""]"
fuente1,data/raw/fuente1/raw/results.csv,results.csv,Pos,POSITION_EQUALS_PREFIX,=64,34,"[""=64""]"
fuente1,data/raw/fuente1/raw/results.csv,results.csv,Pos,POSITION_EQUALS_PREFIX,=65,83,"[""=65""]"
fuente1,data/raw/fuente1/raw/results.csv,results.csv,Pos,POSITION_EQUALS_PREFIX,=50,62,"[""=50""]"
fuente1,data/raw/fuente1/raw/results.csv,results.csv,Pos,POSITION_EQUALS_PREFIX,=10,425,"[""=10""]"
fuente1,data/raw/fuente1/raw/results.csv,results.csv,Pos,POSITION_EQUALS_PREFIX,=19,586,"[""=19""]"
fuente1,data/raw/fuente1/raw/results.csv,results.csv,Pos,POSITION_EQUALS_PREFIX,=6,329,"[""=6""]"
fuente1,data/raw/fuente1/raw/results.csv,results.csv,Pos,POSITION_EQUALS_PREFIX,=24,179,"[""=24""]"
fuente1,data/raw/fuente1/raw/results.csv,results.csv,Pos,POSITION_EQUALS_PREFIX,=22,242,"[""=22""]"
fuente1,data/raw/fuente1/raw/results.csv,results.csv,Pos,POSITION_EQUALS_PREFIX,=20,461,"[""=20""]"
fuente1,data/raw/fuente1/raw/results.csv,results.csv,Pos,SPECIAL_TOKEN,DQ,1563,"[""DQ""]"
fuente1,data/raw/fuente1/raw/results.csv,results.csv,Pos,POSITION_EQUALS_PREFIX,=12,401,"[""=12""]"
fuente1,data/raw/fuente1/raw/results.csv,results.csv,Pos,POSITION_EQUALS_PREFIX,=39,110,"[""=39""]"
fuente1,data/raw/fuente1/raw/results.csv,results.csv,Pos,POSITION_EQUALS_PREFIX,=37,104,"[""=37""]"
fuente1,data/raw/fuente1/raw/results.csv,results.csv,Pos,POSITION_EQUALS_PREFIX,=34,157,"[""=34""]"
fuente1,data/raw/fuente1/raw/results.csv,results.csv,Pos,POSITION_EQUALS_PREFIX,=40,90,"[""=40""]"
fuente1,data/raw/fuente1/raw/results.csv,results.csv,Pos,POSITION_EQUALS_PREFIX,=23,256,"[""=23""]"
fuente1,data/raw/fuente1/raw/results.csv,results.csv,Pos,POSITION_EQUALS_PREFIX,=43,70,"[""=43""]"
fuente1,data/raw/fuente1/raw/results.csv,results.csv,Pos,POSITION_EQUALS_PREFIX,=66,12,"[""=66""]"
fuente1,data/raw/fuente1/raw/results.csv,results.csv,Pos,POSITION_EQUALS_PREFIX,=27,138,"[""=27""]"
fuente1,data/raw/fuente1/raw/results.csv,results.csv,Pos,POSITION_EQUALS_PREFIX,=35,143,"[""=35""]"
fuente1,data/raw/fuente1/raw/results.csv,results.csv,Pos,POSITION_EQUALS_PREFIX,=30,143,"[""=30""]"
fuente1,data/raw/fuente1/raw/results.csv,results.csv,Pos,POSITION_EQUALS_PREFIX,=18,345,"[""=18""]"
fuente1,data/raw/fuente1/raw/results.csv,results.csv,Pos,POSITION_EQUALS_PREFIX,=1,97,"[""=1""]"
fuente1,data/raw/fuente1/raw/results.csv,results.csv,Pos,POSITION_EQUALS_PREFIX,=36,120,"[""=36""]"
fuente1,data/raw/fuente1/raw/results.csv,results.csv,Pos,POSITION_EQUALS_PREFIX,=47,75,"[""=47""]"
fuente1,data/raw/fuente1/raw/results.csv,results.csv,Pos,POSITION_EQUALS_PREFIX,=42,82,"[""=42""]"
fuente1,data/raw/fuente1/raw/results.csv,results.csv,Pos,POSITION_EQUALS_PREFIX,=46,58,"[""=46""]"
fuente1,data/raw/fuente1/raw/results.csv,results.csv,Pos,POSITION_EQUALS_PREFIX,=2,153,"[""=2""]"
fuente1,data/raw/fuente1/raw/results.csv,results.csv,Pos,POSITION_EQUALS_PREFIX,=44,89,"[""=44""]"
fuente1,data/raw/fuente1/raw/results.csv,results.csv,Pos,POSITION_EQUALS_PREFIX,=52,36,"[""=52""]"
fuente1,data/raw/fuente1/raw/results.csv,results.csv,Pos,POSITION_EQUALS_PREFIX,=58,38,"[""=58""]"
fuente1,data/raw/fuente1/raw/results.csv,results.csv,Pos,POSITION_EQUALS_PREFIX,=54,41,"[""=54""]"
fuente1,data/raw/fuente1/raw/results.csv,results.csv,Pos,POSITION_EQUALS_PREFIX,=55,48,"[""=55""]"
fuente1,data/raw/fuente1/raw/results.csv,results.csv,Pos,POSITION_EQUALS_PREFIX,=38,104,"[""=38""]"
fuente1,data/raw/fuente1/raw/results.csv,results.csv,Pos,POSITION_EQUALS_PREFIX,=74,21,"[""=74""]"
fuente1,data/raw/fuente1/raw/results.csv,results.csv,Pos,POSITION_EQUALS_PREFIX,=67,29,"[""=67""]"
fuente1,data/raw/fuente1/raw/results.csv,results.csv,Pos,POSITION_EQUALS_PREFIX,=79,32,"[""=79""]"
fuente1,data/raw/fuente1/raw/results.csv,results.csv,Pos,POSITION_EQUALS_PREFIX,=101,13,"[""=101""]"
fuente1,data/raw/fuente1/raw/results.csv,results.csv,Pos,POSITION_EQUALS_PREFIX,=56,42,"[""=56""]"
fuente1,data/raw/fuente1/raw/results.csv,results.csv,Pos,POSITION_EQUALS_PREFIX,=98,15,"[""=98""]"
fuente1,data/raw/fuente1/raw/results.csv,results.csv,Pos,POSITION_EQUALS_PREFIX,=112,8,"[""=112""]"
fuente1,data/raw/fuente1/raw/results.csv,results.csv,Pos,POSITION_EQUALS_PREFIX,=103,14,"[""=103""]"
fuente1,data/raw/fuente1/raw/results.csv,results.csv,Pos,POSITION_EQUALS_PREFIX,=118,12,"[""=118""]"
fuente1,data/raw/fuente1/raw/results.csv,results.csv,Pos,POSITION_EQUALS_PREFIX,=59,23,"[""=59""]"
fuente1,data/raw/fuente1/raw/results.csv,results.csv,Pos,POSITION_EQUALS_PREFIX,=77,31,"[""=77""]"
fuente1,data/raw/fuente1/raw/results.csv,results.csv,Pos,POSITION_EQUALS_PREFIX,=75,15,"[""=75""]"
fuente1,data/raw/fuente1/raw/results.csv,results.csv,Pos,POSITION_EQUALS_PREFIX,=51,64,"[""=51""]"
fuente1,data/raw/fuente1/raw/results.csv,results.csv,Pos,POSITION_EQUALS_PREFIX,=111,11,"[""=111""]"
fuente1,data/raw/fuente1/raw/results.csv,results.csv,Pos,POSITION_EQUALS_PREFIX,=71,25,"[""=71""]"
fuente1,data/raw/fuente1/raw/results.csv,results.csv,Pos,POSITION_EQUALS_PREFIX,=73,34,"[""=73""]"
fuente1,data/raw/fuente1/raw/results.csv,results.csv,Pos,POSITION_EQUALS_PREFIX,=62,27,"[""=62""]"
fuente1,data/raw/fuente1/raw/results.csv,results.csv,Pos,POSITION_EQUALS_PREFIX,=91,12,"[""=91""]"
fuente1,data/raw/fuente1/raw/results.csv,results.csv,Pos,POSITION_EQUALS_PREFIX,=85,8,"[""=85""]"
fuente1,data/raw/fuente1/raw/results.csv,results.csv,Pos,POSITION_EQUALS_PREFIX,=89,14,"[""=89""]"
fuente1,data/raw/fuente1/raw/results.csv,results.csv,Pos,POSITION_EQUALS_PREFIX,=121,9,"[""=121""]"
fuente1,data/raw/fuente1/raw/results.csv,results.csv,Pos,POSITION_EQUALS_PREFIX,=86,13,"[""=86""]"
fuente1,data/raw/fuente1/raw/results.csv,results.csv,Pos,POSITION_EQUALS_PREFIX,=69,26,"[""=69""]"
fuente1,data/raw/fuente1/raw/results.csv,results.csv,Pos,POSITION_EQUALS_PREFIX,=115,2,"[""=115""]"
fuente1,data/raw/fuente1/raw/results.csv,results.csv,Pos,POSITION_EQUALS_PREFIX,=83,13,"[""=83""]"
fuente1,data/raw/fuente1/raw/results.csv,results.csv,Pos,POSITION_EQUALS_PREFIX,=60,30,"[""=60""]"
fuente1,data/raw/fuente1/raw/results.csv,results.csv,Pos,POSITION_EQUALS_PREFIX,=90,6,"[""=90""]"
fuente1,data/raw/fuente1/raw/results.csv,results.csv,Pos,POSITION_EQUALS_PREFIX,=84,23,"[""=84""]"
fuente1,data/raw/fuente1/raw/results.csv,results.csv,Pos,POSITION_EQUALS_PREFIX,=128,11,"[""=128""]"
fuente1,data/raw/fuente1/raw/results.csv,results.csv,Pos,POSITION_EQUALS_PREFIX,=125,7,"[""=125""]"
fuente1,data/raw/fuente1/raw/results.csv,results.csv,Pos,POSITION_EQUALS_PREFIX,=97,10,"[""=97""]"
fuente1,data/raw/fuente1/raw/results.csv,results.csv,Pos,POSITION_EQUALS_PREFIX,=63,31,"[""=63""]"
fuente1,data/raw/fuente1/raw/results.csv,results.csv,Pos,POSITION_EQUALS_PREFIX,=81,13,"[""=81""]"
fuente1,data/raw/fuente1/raw/results.csv,results.csv,Pos,POSITION_EQUALS_PREFIX,=94,16,"[""=94""]"
fuente1,data/raw/fuente1/raw/results.csv,results.csv,Pos,POSITION_EQUALS_PREFIX,=107,10,"[""=107""]"
fuente1,data/raw/fuente1/raw/results.csv,results.csv,Pos,POSITION_EQUALS_PREFIX,=53,43,"[""=53""]"
fuente1,data/raw/fuente1/raw/results.csv,results.csv,Pos,POSITION_EQUALS_PREFIX,=119,8,"[""=119""]"
fuente1,data/raw/fuente1/raw/results.csv,results.csv,Pos,POSITION_EQUALS_PREFIX,=70,14,"[""=70""]"
fuente1,data/raw/fuente1/raw/results.csv,results.csv,Pos,POSITION_EQUALS_PREFIX,=113,7,"[""=113""]"
fuente1,data/raw/fuente1/raw/results.csv,results.csv,Pos,POSITION_EQUALS_PREFIX,=88,11,"[""=88""]"
fuente1,data/raw/fuente1/raw/results.csv,results.csv,Pos,POSITION_EQUALS_PREFIX,=92,15,"[""=92""]"
fuente1,data/raw/fuente1/raw/results.csv,results.csv,Pos,POSITION_EQUALS_PREFIX,=82,6,"[""=82""]"
fuente1,data/raw/fuente1/raw/results.csv,results.csv,Pos,POSITION_EQUALS_PREFIX,=104,13,"[""=104""]"
fuente1,data/raw/fuente1/raw/results.csv,results.csv,Pos,POSITION_EQUALS_PREFIX,=123,9,"[""=123""]"
fuente1,data/raw/fuente1/raw/results.csv,results.csv,Pos,POSITION_EQUALS_PREFIX,=80,6,"[""=80""]"
fuente1,data/raw/fuente1/raw/results.csv,results.csv,Pos,POSITION_EQUALS_PREFIX,=151,6,"[""=151""]"
fuente1,data/raw/fuente1/raw/results.csv,results.csv,Pos,POSITION_EQUALS_PREFIX,=76,2,"[""=76""]"
fuente1,data/raw/fuente1/raw/results.csv,results.csv,Pos,POSITION_EQUALS_PREFIX,=96,8,"[""=96""]"
fuente1,data/raw/fuente1/raw/results.csv,results.csv,Pos,POSITION_EQUALS_PREFIX,=157,8,"[""=157""]"
fuente1,data/raw/fuente1/raw/results.csv,results.csv,Pos,POSITION_EQUALS_PREFIX,=161,3,"[""=161""]"
fuente1,data/raw/fuente1/raw/results.csv,results.csv,Pos,POSITION_EQUALS_PREFIX,=130,2,"[""=130""]"
fuente1,data/raw/fuente1/raw/results.csv,results.csv,Pos,POSITION_EQUALS_PREFIX,=131,7,"[""=131""]"
fuente1,data/raw/fuente1/raw/results.csv,results.csv,Pos,POSITION_EQUALS_PREFIX,=132,4,"[""=132""]"
fuente1,data/raw/fuente1/raw/results.csv,results.csv,Pos,POSITION_EQUALS_PREFIX,=45,70,"[""=45""]"
fuente1,data/raw/fuente1/raw/results.csv,results.csv,Pos,POSITION_EQUALS_PREFIX,=135,2,"[""=135""]"
fuente1,data/raw/fuente1/raw/results.csv,results.csv,Pos,POSITION_EQUALS_PREFIX,=127,7,"[""=127""]"
fuente1,data/raw/fuente1/raw/results.csv,results.csv,Pos,POSITION_EQUALS_PREFIX,=117,6,"[""=117""]"
fuente1,data/raw/fuente1/raw/results.csv,results.csv,Pos,POSITION_EQUALS_PREFIX,=100,21,"[""=100""]"
fuente1,data/raw/fuente1/raw/results.csv,results.csv,Pos,POSITION_EQUALS_PREFIX,=120,5,"[""=120""]"
fuente1,data/raw/fuente1/raw/results.csv,results.csv,Pos,POSITION_EQUALS_PREFIX,=134,3,"[""=134""]"
fuente1,data/raw/fuente1/raw/results.csv,results.csv,Pos,POSITION_EQUALS_PREFIX,=122,7,"[""=122""]"
fuente1,data/raw/fuente1/raw/results.csv,results.csv,Pos,POSITION_EQUALS_PREFIX,=154,5,"[""=154""]"
fuente1,data/raw/fuente1/raw/results.csv,results.csv,Pos,POSITION_EQUALS_PREFIX,=162,4,"[""=162""]"
fuente1,data/raw/fuente1/raw/results.csv,results.csv,Pos,POSITION_EQUALS_PREFIX,=126,10,"[""=126""]"
fuente1,data/raw/fuente1/raw/results.csv,results.csv,Pos,POSITION_EQUALS_PREFIX,=72,8,"[""=72""]"
fuente1,data/raw/fuente1/raw/results.csv,results.csv,Pos,POSITION_EQUALS_PREFIX,=148,8,"[""=148""]"
fuente1,data/raw/fuente1/raw/results.csv,results.csv,Pos,POSITION_EQUALS_PREFIX,=68,26,"[""=68""]"
fuente1,data/raw/fuente1/raw/results.csv,results.csv,Pos,POSITION_EQUALS_PREFIX,=137,11,"[""=137""]"
fuente1,data/raw/fuente1/raw/results.csv,results.csv,Pos,POSITION_EQUALS_PREFIX,=114,10,"[""=114""]"
fuente1,data/raw/fuente1/raw/results.csv,results.csv,Pos,POSITION_EQUALS_PREFIX,=129,9,"[""=129""]"
fuente1,data/raw/fuente1/raw/results.csv,results.csv,Pos,POSITION_EQUALS_PREFIX,=78,12,"[""=78""]"
fuente1,data/raw/fuente1/raw/results.csv,results.csv,Pos,POSITION_EQUALS_PREFIX,=110,6,"[""=110""]"
fuente1,data/raw/fuente1/raw/results.csv,results.csv,Pos,POSITION_EQUALS_PREFIX,=158,5,"[""=158""]"
fuente1,data/raw/fuente1/raw/results.csv,results.csv,Pos,POSITION_EQUALS_PREFIX,=102,9,"[""=102""]"
fuente1,data/raw/fuente1/raw/results.csv,results.csv,Pos,POSITION_EQUALS_PREFIX,=87,21,"[""=87""]"
fuente1,data/raw/fuente1/raw/results.csv,results.csv,Pos,POSITION_EQUALS_PREFIX,=140,4,"[""=140""]"
fuente1,data/raw/fuente1/raw/results.csv,results.csv,Pos,POSITION_EQUALS_PREFIX,=169,2,"[""=169""]"
fuente1,data/raw/fuente1/raw/results.csv,results.csv,Pos,POSITION_EQUALS_PREFIX,=99,2,"[""=99""]"
fuente1,data/raw/fuente1/raw/results.csv,results.csv,Pos,POSITION_EQUALS_PREFIX,=108,9,"[""=108""]"
fuente1,data/raw/fuente1/raw/results.csv,results.csv,Pos,POSITION_EQUALS_PREFIX,=155,2,"[""=155""]"
fuente1,data/raw/fuente1/raw/results.csv,results.csv,Pos,POSITION_EQUALS_PREFIX,=109,9,"[""=109""]"
fuente1,data/raw/fuente1/raw/results.csv,results.csv,Pos,POSITION_EQUALS_PREFIX,=106,5,"[""=106""]"
fuente1,data/raw/fuente1/raw/results.csv,results.csv,Pos,POSITION_EQUALS_PREFIX,=133,3,"[""=133""]"
fuente1,data/raw/fuente1/raw/results.csv,results.csv,Pos,POSITION_EQUALS_PREFIX,=141,2,"[""=141""]"
fuente1,data/raw/fuente1/raw/results.csv,results.csv,Pos,POSITION_EQUALS_PREFIX,=95,8,"[""=95""]"
fuente1,data/raw/fuente1/raw/results.csv,results.csv,Pos,POSITION_EQUALS_PREFIX,=124,4,"[""=124""]"
fuente1,data/raw/fuente1/raw/results.csv,results.csv,Pos,POSITION_EQUALS_PREFIX,=146,3,"[""=146""]"
fuente1,data/raw/fuente1/raw/results.csv,results.csv,Pos,POSITION_EQUALS_PREFIX,=116,2,"[""=116""]"
fuente1,data/raw/fuente1/raw/results.csv,results.csv,Pos,POSITION_EQUALS_PREFIX,=159,2,"[""=159""]"
fuente1,data/raw/fuente1/raw/results.csv,results.csv,Pos,POSITION_EQUALS_PREFIX,=182,2,"[""=182""]"
fuente1,data/raw/fuente1/raw/results.csv,results.csv,Pos,POSITION_EQUALS_PREFIX,=136,2,"[""=136""]"
fuente1,data/raw/fuente1/raw/results.csv,results.csv,Pos,POSITION_EQUALS_PREFIX,=147,5,"[""=147""]"
fuente1,data/raw/fuente1/raw/results.csv,results.csv,Pos,POSITION_EQUALS_PREFIX,=156,2,"[""=156""]"
fuente1,data/raw/fuente1/raw/results.csv,results.csv,Pos,POSITION_EQUALS_PREFIX,=152,3,"[""=152""]"
fuente1,data/raw/fuente1/raw/results.csv,results.csv,Pos,POSITION_EQUALS_PREFIX,=105,2,"[""=105""]"
fuente1,data/raw/fuente1/raw/results.csv,results.csv,Pos,POSITION_EQUALS_PREFIX,=149,3,"[""=149""]"
fuente1,data/raw/fuente1/raw/results.csv,results.csv,Pos,POSITION_EQUALS_PREFIX,=144,5,"[""=144""]"
fuente1,data/raw/fuente1/raw/results.csv,results.csv,Pos,POSITION_EQUALS_PREFIX,=142,8,"[""=142""]"
fuente1,data/raw/fuente1/raw/results.csv,results.csv,Pos,POSITION_EQUALS_PREFIX,=153,3,"[""=153""]"
fuente1,data/raw/fuente1/raw/results.csv,results.csv,Pos,POSITION_EQUALS_PREFIX,=145,5,"[""=145""]"
fuente1,data/raw/fuente1/raw/results.csv,results.csv,Pos,POSITION_EQUALS_PREFIX,=174,2,"[""=174""]"
fuente1,data/raw/fuente1/raw/results.csv,results.csv,Pos,POSITION_EQUALS_PREFIX,=170,2,"[""=170""]"
fuente1,data/raw/fuente1/raw/results.csv,results.csv,Pos,POSITION_EQUALS_PREFIX,=150,4,"[""=150""]"
fuente1,data/raw/fuente1/raw/results.csv,results.csv,Pos,POSITION_EQUALS_PREFIX,=173,2,"[""=173""]"
fuente1,data/raw/fuente1/raw/results.csv,results.csv,Pos,POSITION_EQUALS_PREFIX,=166,2,"[""=166""]"
fuente1,data/raw/fuente1/raw/results.csv,results.csv,Pos,POSITION_EQUALS_PREFIX,=163,2,"[""=163""]"
fuente1,data/raw/fuente1/raw/results.csv,results.csv,Pos,POSITION_EQUALS_PREFIX,=164,2,"[""=164""]"
fuente1,data/raw/fuente1/raw/results.csv,results.csv,Pos,POSITION_EQUALS_PREFIX,=143,2,"[""=143""]"
fuente1,data/raw/fuente1/raw/results.csv,results.csv,Pos,POSITION_EQUALS_PREFIX,=93,4,"[""=93""]"
fuente1,data/raw/fuente1/raw/results.csv,results.csv,Pos,POSITION_CATEGORY,NUMERIC_POSITION,198884,"[""1.0"",""2.0"",""3.0"",""4.0"",""5.0"",""6.0"",""7.0"",""8.0"",""9.0"",""10.0""]"
fuente1,data/raw/fuente1/raw/results.csv,results.csv,Pos,POSITION_CATEGORY,EQUALS_POSITION,35670,"[""=9"",""=5"",""=17"",""=33"",""=13"",""=7"",""=3"",""=11"",""=19"",""=16""]"
fuente1,data/raw/fuente1/raw/results.csv,results.csv,Pos,POSITION_CATEGORY,OTHER_POSITION_VALUE,72029,"[""DNS"",""DNF"",""AC"",""DQ"",""AC r1/2"",""AC r2/2"",""5 h1 r2/3"",""4 h1 r2/3"",""6 h1 r2/3"",""5 h2 r2/3""]"
fuente1,data/raw/fuente1/raw/results.csv,results.csv,Medal,EMPTY_STRING,<EMPTY_STRING>,264269,"[""<EMPTY_STRING>""]"
fuente1,data/raw/fuente1/raw/results.csv,results.csv,Medal,MEDAL_VALUE,<EMPTY_STRING>,264269,"[""<EMPTY_STRING>""]"
fuente1,data/raw/fuente1/raw/results.csv,results.csv,Medal,MEDAL_VALUE,Bronze,14810,"[""Bronze""]"
fuente1,data/raw/fuente1/raw/results.csv,results.csv,Medal,MEDAL_VALUE,Gold,14783,"[""Gold""]"
fuente1,data/raw/fuente1/raw/results.csv,results.csv,Medal,MEDAL_VALUE,Silver,14546,"[""Silver""]"
fuente1,data/raw/fuente1/raw/results.csv,results.csv,As,NON_ASCII,<NON_ASCII>,57960,"[""Jean-François Blanchy"",""Élie, Comte de Lastours"",""Étienne Durand"",""Damien Éloi"",""André Gobert"",""René Lacoste"",""Christophe Legoût"",""Édouard Mény de Marangue"",""André Prévost"",""Stéphane Renault""]"
fuente1,data/raw/fuente1/raw/results.csv,results.csv,NOC,EMPTY_STRING,<EMPTY_STRING>,1,"[""<EMPTY_STRING>""]"
fuente1,data/raw/fuente1/raw/results.csv,results.csv,Discipline,EMPTY_STRING,<EMPTY_STRING>,1,"[""<EMPTY_STRING>""]"
fuente1,data/raw/fuente1/raw/results.csv,results.csv,Discipline,NON_ASCII,<NON_ASCII>,1,"[""Glíma""]"
fuente1,data/raw/fuente1/raw/results.csv,results.csv,Nationality,EMPTY_STRING,<EMPTY_STRING>,308327,"[""<EMPTY_STRING>""]"
fuente1,data/raw/fuente1/raw/results.csv,results.csv,Unnamed: 7,EMPTY_STRING,<EMPTY_STRING>,308408,"[""<EMPTY_STRING>""]"
fuente2,data/raw/fuente2/athlete_events.csv,athlete_events.csv,Name,LEADING_OR_TRAILING_SPACE,<LEADING_OR_TRAILING_SPACE>,81,"[""  Gabrielle Marie \""Gabby\"" Adcock (White-)"",""Mohamed Kayed Al-Mohannadi "",""Jaime Aparicio Rodewalt "",""E. Gladys Baldwin Lopez (-de Seminario-) "",""Maya Blagoeva (-Mitova) "",""Jol Ignacio Calva Vazquez "",""Caroline Lucia Maria \""Caro\"" Dahl (Pater-) "","" Luis ngel Fernando de los Santos Grossi"","" Th Anh"","" Th Ngn Thng""]"
fuente2,data/raw/fuente2/athlete_events.csv,athlete_events.csv,Age,SPECIAL_TOKEN,NA,9474,"[""NA""]"
fuente2,data/raw/fuente2/athlete_events.csv,athlete_events.csv,Age,POTENTIAL_OUTLIER_IQR,<POTENTIAL_OUTLIER_IQR>,10317,"[""54.0"",""43.0"",""47.0"",""41.0"",""45.0"",""49.0"",""53.0"",""57.0"",""42.0"",""46.0""]"
fuente2,data/raw/fuente2/athlete_events.csv,athlete_events.csv,Height,SPECIAL_TOKEN,NA,60171,"[""NA""]"
fuente2,data/raw/fuente2/athlete_events.csv,athlete_events.csv,Height,POTENTIAL_OUTLIER_IQR,<POTENTIAL_OUTLIER_IQR>,1338,"[""207.0"",""210.0"",""208.0"",""208.0"",""140.0"",""140.0"",""213.0"",""213.0"",""140.0"",""132.0""]"
fuente2,data/raw/fuente2/athlete_events.csv,athlete_events.csv,Weight,SPECIAL_TOKEN,NA,62875,"[""NA""]"
fuente2,data/raw/fuente2/athlete_events.csv,athlete_events.csv,Weight,POTENTIAL_OUTLIER_IQR,<POTENTIAL_OUTLIER_IQR>,3237,"[""130.0"",""125.0"",""120.0"",""117.5"",""117.5"",""130.0"",""130.0"",""117.0"",""125.0"",""125.0""]"
fuente2,data/raw/fuente2/athlete_events.csv,athlete_events.csv,Medal,SPECIAL_TOKEN,NA,231333,"[""NA""]"
fuente2,data/raw/fuente2/athlete_events.csv,athlete_events.csv,Medal,MEDAL_VALUE,NA,231333,"[""NA""]"
fuente2,data/raw/fuente2/athlete_events.csv,athlete_events.csv,Medal,MEDAL_VALUE,Gold,13372,"[""Gold""]"
fuente2,data/raw/fuente2/athlete_events.csv,athlete_events.csv,Medal,MEDAL_VALUE,Bronze,13295,"[""Bronze""]"
fuente2,data/raw/fuente2/athlete_events.csv,athlete_events.csv,Medal,MEDAL_VALUE,Silver,13116,"[""Silver""]"
fuente3,data/raw/fuente3/olympics_dataset.csv,olympics_dataset.csv,Team,NON_ASCII,<NON_ASCII>,188,"[""São Tomé and Príncipe"",""Côte d'Ivoire"",""Türkiye""]"
fuente3,data/raw/fuente3/olympics_dataset.csv,olympics_dataset.csv,Event,NON_ASCII,<NON_ASCII>,273,"[""Women's Épée Individual"",""Men's Épée Individual"",""Men's Épée Team"",""Women's Épée Team""]"
fuente3,data/raw/fuente3/olympics_dataset.csv,olympics_dataset.csv,Medal,SPECIAL_TOKEN,No medal,213747,"[""No medal""]"
fuente3,data/raw/fuente3/olympics_dataset.csv,olympics_dataset.csv,Medal,MEDAL_VALUE,No medal,213747,"[""No medal""]"
fuente3,data/raw/fuente3/olympics_dataset.csv,olympics_dataset.csv,Medal,MEDAL_VALUE,Bronze,13070,"[""Bronze""]"
fuente3,data/raw/fuente3/olympics_dataset.csv,olympics_dataset.csv,Medal,MEDAL_VALUE,Gold,13002,"[""Gold""]"
fuente3,data/raw/fuente3/olympics_dataset.csv,olympics_dataset.csv,Medal,MEDAL_VALUE,Silver,12746,"[""Silver""]"
fuente4,data/raw/fuente4/datalab_export.csv,datalab_export.csv,age,POTENTIAL_OUTLIER_IQR,<POTENTIAL_OUTLIER_IQR>,3,"[""54"",""43"",""47""]"
fuente4,data/raw/fuente4/datalab_export.csv,datalab_export.csv,height,EMPTY_STRING,<EMPTY_STRING>,16,"[""<EMPTY_STRING>""]"
fuente4,data/raw/fuente4/datalab_export.csv,datalab_export.csv,height,POTENTIAL_OUTLIER_IQR,<POTENTIAL_OUTLIER_IQR>,2,"[""159.0"",""159.0""]"
fuente4,data/raw/fuente4/datalab_export.csv,datalab_export.csv,weight,EMPTY_STRING,<EMPTY_STRING>,19,"[""<EMPTY_STRING>""]"
fuente4,data/raw/fuente4/datalab_export.csv,datalab_export.csv,weight,POTENTIAL_OUTLIER_IQR,<POTENTIAL_OUTLIER_IQR>,2,"[""130.0"",""125.0""]"
fuente4,data/raw/fuente4/datalab_export.csv,datalab_export.csv,medal,SPECIAL_TOKEN,null,79,"[""null""]"
fuente4,data/raw/fuente4/datalab_export.csv,datalab_export.csv,medal,MEDAL_VALUE,null,79,"[""null""]"
fuente4,data/raw/fuente4/datalab_export.csv,datalab_export.csv,medal,MEDAL_VALUE,Gold,9,"[""Gold""]"
fuente4,data/raw/fuente4/datalab_export.csv,datalab_export.csv,medal,MEDAL_VALUE,Bronze,8,"[""Bronze""]"
fuente4,data/raw/fuente4/datalab_export.csv,datalab_export.csv,medal,MEDAL_VALUE,Silver,4,"[""Silver""]"
