fuente,archivo_relativo,nombre_archivo,columna,posicion_columna,tipo_inferido,filas_total,no_nulos,nulos,porcentaje_nulos,valores_unicos,porcentaje_cardinalidad,longitud_min_texto,longitud_max_texto,minimo_numerico,maximo_numerico,ejemplos_frecuentes,ejemplos_poco_frecuentes
fuente1,data/raw/fuente1/clean/bios.csv,bios.csv,athlete_id,1,int64,145500,145500,0,0.0,145500,100.0,1,6,1,149814,"[{""valor"":""1"",""frecuencia"":1},{""valor"":""2"",""frecuencia"":1},{""valor"":""3"",""frecuencia"":1},{""valor"":""4"",""frecuencia"":1},{""valor"":""5"",""frecuencia"":1}]","[{""valor"":""1"",""frecuencia"":1},{""valor"":""10"",""frecuencia"":1},{""valor"":""100"",""frecuencia"":1},{""valor"":""1000"",""frecuencia"":1},{""valor"":""10000"",""frecuencia"":1}]"
fuente1,data/raw/fuente1/clean/bios.csv,bios.csv,name,2,str,145500,145500,0,0.0,142780,98.1306,3,49,,,"[{""valor"":""Ivan Ivanov"",""frecuencia"":13},{""valor"":""José González"",""frecuencia"":9},{""valor"":""Luis López"",""frecuencia"":9},{""valor"":""José Pérez"",""frecuencia"":8},{""valor"":""Luis González"",""frecuencia"":7}]","[{""valor"":"" Abel Braga"",""frecuencia"":1},{""valor"":"" Abelardo"",""frecuencia"":1},{""valor"":"" Abner"",""frecuencia"":1},{""valor"":"" Acedo"",""frecuencia"":1},{""valor"":"" Adalberto"",""frecuencia"":1}]"
fuente1,data/raw/fuente1/clean/bios.csv,bios.csv,born_date,3,str,145500,143693,1807,1.2419,41279,28.3704,10,10,,,"[{""valor"":""1931-01-01"",""frecuencia"":63},{""valor"":""1932-01-01"",""frecuencia"":52},{""valor"":""1903-01-01"",""frecuencia"":47},{""valor"":""1936-01-01"",""frecuencia"":45},{""valor"":""1934-01-01"",""frecuencia"":43}]","[{""valor"":""1828-10-25"",""frecuencia"":1},{""valor"":""1831-02-14"",""frecuencia"":1},{""valor"":""1831-02-27"",""frecuencia"":1},{""valor"":""1833-01-03"",""frecuencia"":1},{""valor"":""1836-03-11"",""frecuencia"":1}]"
fuente1,data/raw/fuente1/clean/bios.csv,bios.csv,born_city,4,str,145500,110908,34592,23.7746,22368,15.3732,2,45,,,"[{""valor"":""Budapest"",""frecuencia"":1378},{""valor"":""Moskva (Moscow)"",""frecuencia"":883},{""valor"":""Oslo"",""frecuencia"":708},{""valor"":""Stockholm"",""frecuencia"":629},{""valor"":""Praha (Prague)"",""frecuencia"":600}]","[{""valor"":""Aarani"",""frecuencia"":1},{""valor"":""Aarschot"",""frecuencia"":1},{""valor"":""Aartselaar"",""frecuencia"":1},{""valor"":""Abaetetuba"",""frecuencia"":1},{""valor"":""Abang"",""frecuencia"":1}]"
fuente1,data/raw/fuente1/clean/bios.csv,bios.csv,born_region,5,str,145500,110908,34592,23.7746,2554,1.7553,2,36,,,"[{""valor"":""England"",""frecuencia"":4824},{""valor"":""Ontario"",""frecuencia"":1710},{""valor"":""California"",""frecuencia"":1634},{""valor"":""Budapest"",""frecuencia"":1447},{""valor"":""New South Wales"",""frecuencia"":1120}]","[{""valor"":""Acklins"",""frecuencia"":1},{""valor"":""Afar"",""frecuencia"":1},{""valor"":""Ahal"",""frecuencia"":1},{""valor"":""Ajdovščina"",""frecuencia"":1},{""valor"":""Akwa Ibom"",""frecuencia"":1}]"
fuente1,data/raw/fuente1/clean/bios.csv,bios.csv,born_country,6,str,145500,110908,34592,23.7746,236,0.1622,3,9,,,"[{""valor"":""USA"",""frecuencia"":9641},{""valor"":""GER"",""frecuencia"":6891},{""valor"":""GBR"",""frecuencia"":5792},{""valor"":""FRA"",""frecuencia"":5143},{""valor"":""ITA"",""frecuencia"":4709}]","[{""valor"":""Aarhus"",""frecuencia"":1},{""valor"":""Altmark"",""frecuencia"":1},{""valor"":""COK"",""frecuencia"":1},{""valor"":""Corfu"",""frecuencia"":1},{""valor"":""Elster"",""frecuencia"":1}]"
fuente1,data/raw/fuente1/clean/bios.csv,bios.csv,NOC,7,str,145500,145499,1,0.0007,696,0.4784,3,75,,,"[{""valor"":""United States"",""frecuencia"":10114},{""valor"":""Great Britain"",""frecuencia"":6421},{""valor"":""France"",""frecuencia"":6339},{""valor"":""Canada"",""frecuencia"":5276},{""valor"":""Italy"",""frecuencia"":5189}]","[{""valor"":""Albania Australia"",""frecuencia"":1},{""valor"":""Albania Bulgaria"",""frecuencia"":1},{""valor"":""Albania Greece"",""frecuencia"":1},{""valor"":""Albania Kosovo"",""frecuencia"":1},{""valor"":""Albania United States"",""frecuencia"":1}]"
fuente1,data/raw/fuente1/clean/bios.csv,bios.csv,height_cm,8,float64,145500,106651,38849,26.7003,95,0.0653,5,5,127.0,226.0,"[{""valor"":""180.0"",""frecuencia"":6617},{""valor"":""170.0"",""frecuencia"":5944},{""valor"":""178.0"",""frecuencia"":5617},{""valor"":""175.0"",""frecuencia"":5408},{""valor"":""183.0"",""frecuencia"":4490}]","[{""valor"":""128.0"",""frecuencia"":1},{""valor"":""131.0"",""frecuencia"":1},{""valor"":""226.0"",""frecuencia"":1},{""valor"":""127.0"",""frecuencia"":2},{""valor"":""130.0"",""frecuencia"":2}]"
fuente1,data/raw/fuente1/clean/bios.csv,bios.csv,weight_kg,9,float64,145500,102070,43430,29.8488,141,0.0969,4,5,25.0,198.0,"[{""valor"":""70.0"",""frecuencia"":4688},{""valor"":""75.0"",""frecuencia"":4120},{""valor"":""60.0"",""frecuencia"":3728},{""valor"":""68.0"",""frecuencia"":3545},{""valor"":""80.0"",""frecuencia"":3290}]","[{""valor"":""161.0"",""frecuencia"":1},{""valor"":""167.0"",""frecuencia"":1},{""valor"":""175.0"",""frecuencia"":1},{""valor"":""178.0"",""frecuencia"":1},{""valor"":""180.0"",""frecuencia"":1}]"
fuente1,data/raw/fuente1/clean/bios.csv,bios.csv,died_date,10,str,145500,33940,111560,76.6735,20009,13.7519,10,10,,,"[{""valor"":""2002-01-01"",""frecuencia"":47},{""valor"":""2013-01-01"",""frecuencia"":42},{""valor"":""2008-01-01"",""frecuencia"":41},{""valor"":""1997-01-01"",""frecuencia"":41},{""valor"":""1990-01-01"",""frecuencia"":40}]","[{""valor"":""1900-04-23"",""frecuencia"":1},{""valor"":""1900-08-19"",""frecuencia"":1},{""valor"":""1900-12-30"",""frecuencia"":1},{""valor"":""1901-05-02"",""frecuencia"":1},{""valor"":""1901-05-21"",""frecuencia"":1}]"
fuente1,data/raw/fuente1/clean/bios_locs.csv,bios_locs.csv,athlete_id,1,int64,145500,145500,0,0.0,145500,100.0,1,6,1,149814,"[{""valor"":""1"",""frecuencia"":1},{""valor"":""2"",""frecuencia"":1},{""valor"":""3"",""frecuencia"":1},{""valor"":""4"",""frecuencia"":1},{""valor"":""5"",""frecuencia"":1}]","[{""valor"":""1"",""frecuencia"":1},{""valor"":""10"",""frecuencia"":1},{""valor"":""100"",""frecuencia"":1},{""valor"":""1000"",""frecuencia"":1},{""valor"":""10000"",""frecuencia"":1}]"
fuente1,data/raw/fuente1/clean/bios_locs.csv,bios_locs.csv,name,2,str,145500,145500,0,0.0,142780,98.1306,3,49,,,"[{""valor"":""Ivan Ivanov"",""frecuencia"":13},{""valor"":""José González"",""frecuencia"":9},{""valor"":""Luis López"",""frecuencia"":9},{""valor"":""José Pérez"",""frecuencia"":8},{""valor"":""Luis González"",""frecuencia"":7}]","[{""valor"":"" Abel Braga"",""frecuencia"":1},{""valor"":"" Abelardo"",""frecuencia"":1},{""valor"":"" Abner"",""frecuencia"":1},{""valor"":"" Acedo"",""frecuencia"":1},{""valor"":"" Adalberto"",""frecuencia"":1}]"
fuente1,data/raw/fuente1/clean/bios_locs.csv,bios_locs.csv,born_date,3,str,145500,143693,1807,1.2419,41279,28.3704,10,10,,,"[{""valor"":""1931-01-01"",""frecuencia"":63},{""valor"":""1932-01-01"",""frecuencia"":52},{""valor"":""1903-01-01"",""frecuencia"":47},{""valor"":""1936-01-01"",""frecuencia"":45},{""valor"":""1934-01-01"",""frecuencia"":43}]","[{""valor"":""1828-10-25"",""frecuencia"":1},{""valor"":""1831-02-14"",""frecuencia"":1},{""valor"":""1831-02-27"",""frecuencia"":1},{""valor"":""1833-01-03"",""frecuencia"":1},{""valor"":""1836-03-11"",""frecuencia"":1}]"
fuente1,data/raw/fuente1/clean/bios_locs.csv,bios_locs.csv,born_city,4,str,145500,110908,34592,23.7746,22368,15.3732,2,45,,,"[{""valor"":""Budapest"",""frecuencia"":1378},{""valor"":""Moskva (Moscow)"",""frecuencia"":883},{""valor"":""Oslo"",""frecuencia"":708},{""valor"":""Stockholm"",""frecuencia"":629},{""valor"":""Praha (Prague)"",""frecuencia"":600}]","[{""valor"":""Aarani"",""frecuencia"":1},{""valor"":""Aarschot"",""frecuencia"":1},{""valor"":""Aartselaar"",""frecuencia"":1},{""valor"":""Abaetetuba"",""frecuencia"":1},{""valor"":""Abang"",""frecuencia"":1}]"
fuente1,data/raw/fuente1/clean/bios_locs.csv,bios_locs.csv,born_region,5,str,145500,110908,34592,23.7746,2554,1.7553,2,36,,,"[{""valor"":""England"",""frecuencia"":4824},{""valor"":""Ontario"",""frecuencia"":1710},{""valor"":""California"",""frecuencia"":1634},{""valor"":""Budapest"",""frecuencia"":1447},{""valor"":""New South Wales"",""frecuencia"":1120}]","[{""valor"":""Acklins"",""frecuencia"":1},{""valor"":""Afar"",""frecuencia"":1},{""valor"":""Ahal"",""frecuencia"":1},{""valor"":""Ajdovščina"",""frecuencia"":1},{""valor"":""Akwa Ibom"",""frecuencia"":1}]"
fuente1,data/raw/fuente1/clean/bios_locs.csv,bios_locs.csv,born_country,6,str,145500,110908,34592,23.7746,236,0.1622,3,9,,,"[{""valor"":""USA"",""frecuencia"":9641},{""valor"":""GER"",""frecuencia"":6891},{""valor"":""GBR"",""frecuencia"":5792},{""valor"":""FRA"",""frecuencia"":5143},{""valor"":""ITA"",""frecuencia"":4709}]","[{""valor"":""Aarhus"",""frecuencia"":1},{""valor"":""Altmark"",""frecuencia"":1},{""valor"":""COK"",""frecuencia"":1},{""valor"":""Corfu"",""frecuencia"":1},{""valor"":""Elster"",""frecuencia"":1}]"
fuente1,data/raw/fuente1/clean/bios_locs.csv,bios_locs.csv,NOC,7,str,145500,145499,1,0.0007,696,0.4784,3,75,,,"[{""valor"":""United States"",""frecuencia"":10114},{""valor"":""Great Britain"",""frecuencia"":6421},{""valor"":""France"",""frecuencia"":6339},{""valor"":""Canada"",""frecuencia"":5276},{""valor"":""Italy"",""frecuencia"":5189}]","[{""valor"":""Albania Australia"",""frecuencia"":1},{""valor"":""Albania Bulgaria"",""frecuencia"":1},{""valor"":""Albania Greece"",""frecuencia"":1},{""valor"":""Albania Kosovo"",""frecuencia"":1},{""valor"":""Albania United States"",""frecuencia"":1}]"
fuente1,data/raw/fuente1/clean/bios_locs.csv,bios_locs.csv,height_cm,8,float64,145500,106651,38849,26.7003,95,0.0653,5,5,127.0,226.0,"[{""valor"":""180.0"",""frecuencia"":6617},{""valor"":""170.0"",""frecuencia"":5944},{""valor"":""178.0"",""frecuencia"":5617},{""valor"":""175.0"",""frecuencia"":5408},{""valor"":""183.0"",""frecuencia"":4490}]","[{""valor"":""128.0"",""frecuencia"":1},{""valor"":""131.0"",""frecuencia"":1},{""valor"":""226.0"",""frecuencia"":1},{""valor"":""127.0"",""frecuencia"":2},{""valor"":""130.0"",""frecuencia"":2}]"
fuente1,data/raw/fuente1/clean/bios_locs.csv,bios_locs.csv,weight_kg,9,float64,145500,102070,43430,29.8488,141,0.0969,4,5,25.0,198.0,"[{""valor"":""70.0"",""frecuencia"":4688},{""valor"":""75.0"",""frecuencia"":4120},{""valor"":""60.0"",""frecuencia"":3728},{""valor"":""68.0"",""frecuencia"":3545},{""valor"":""80.0"",""frecuencia"":3290}]","[{""valor"":""161.0"",""frecuencia"":1},{""valor"":""167.0"",""frecuencia"":1},{""valor"":""175.0"",""frecuencia"":1},{""valor"":""178.0"",""frecuencia"":1},{""valor"":""180.0"",""frecuencia"":1}]"
fuente1,data/raw/fuente1/clean/bios_locs.csv,bios_locs.csv,died_date,10,str,145500,33940,111560,76.6735,20009,13.7519,10,10,,,"[{""valor"":""2002-01-01"",""frecuencia"":47},{""valor"":""2013-01-01"",""frecuencia"":42},{""valor"":""2008-01-01"",""frecuencia"":41},{""valor"":""1997-01-01"",""frecuencia"":41},{""valor"":""1990-01-01"",""frecuencia"":40}]","[{""valor"":""1900-04-23"",""frecuencia"":1},{""valor"":""1900-08-19"",""frecuencia"":1},{""valor"":""1900-12-30"",""frecuencia"":1},{""valor"":""1901-05-02"",""frecuencia"":1},{""valor"":""1901-05-21"",""frecuencia"":1}]"
fuente1,data/raw/fuente1/clean/bios_locs.csv,bios_locs.csv,lat,11,float64,145500,69545,75955,52.2027,13459,9.2502,4,19,-53.1625688,74.97783765,"[{""valor"":""40.4194843"",""frecuencia"":19375},{""valor"":""47.47844135"",""frecuencia"":943},{""valor"":""55.6867243"",""frecuencia"":459},{""valor"":""44.4833009"",""frecuencia"":373},{""valor"":""50.0596288"",""frecuencia"":352}]","[{""valor"":""-0.0036006"",""frecuencia"":1},{""valor"":""-0.1674419"",""frecuencia"":1},{""valor"":""-0.2122548"",""frecuencia"":1},{""valor"":""-0.3051954"",""frecuencia"":1},{""valor"":""-0.5017804"",""frecuencia"":1}]"
fuente1,data/raw/fuente1/clean/bios_locs.csv,bios_locs.csv,long,12,float64,145500,69545,75955,52.2027,13455,9.2474,3,21,-178.8105369,179.76576,"[{""valor"":""-3.7076302"",""frecuencia"":19375},{""valor"":""19.057715351946257"",""frecuencia"":943},{""valor"":""12.5700724"",""frecuencia"":459},{""valor"":""-92.2621214"",""frecuencia"":373},{""valor"":""14.446459273258009"",""frecuencia"":352}]","[{""valor"":""-0.0112898"",""frecuencia"":1},{""valor"":""-0.0117661"",""frecuencia"":1},{""valor"":""-0.017853078234798803"",""frecuencia"":1},{""valor"":""-0.0223386"",""frecuencia"":1},{""valor"":""-0.0330001"",""frecuencia"":1}]"
fuente1,data/raw/fuente1/clean/noc_regions.csv,noc_regions.csv,NOC,1,str,230,230,0,0.0,230,100.0,3,3,,,"[{""valor"":""AFG"",""frecuencia"":1},{""valor"":""AHO"",""frecuencia"":1},{""valor"":""ALB"",""frecuencia"":1},{""valor"":""ALG"",""frecuencia"":1},{""valor"":""AND"",""frecuencia"":1}]","[{""valor"":""AFG"",""frecuencia"":1},{""valor"":""AHO"",""frecuencia"":1},{""valor"":""ALB"",""frecuencia"":1},{""valor"":""ALG"",""frecuencia"":1},{""valor"":""AND"",""frecuencia"":1}]"
fuente1,data/raw/fuente1/clean/noc_regions.csv,noc_regions.csv,region,2,str,230,227,3,1.3043,206,89.5652,2,32,,,"[{""valor"":""Germany"",""frecuencia"":4},{""valor"":""Czech Republic"",""frecuencia"":3},{""valor"":""Russia"",""frecuencia"":3},{""valor"":""Malaysia"",""frecuencia"":3},{""valor"":""NA"",""frecuencia"":3}]","[{""valor"":""Afghanistan"",""frecuencia"":1},{""valor"":""Albania"",""frecuencia"":1},{""valor"":""Algeria"",""frecuencia"":1},{""valor"":""American Samoa"",""frecuencia"":1},{""valor"":""Andorra"",""frecuencia"":1}]"
fuente1,data/raw/fuente1/clean/noc_regions.csv,noc_regions.csv,notes,3,str,230,21,209,90.8696,21,9.1304,5,27,,,"[{""valor"":""Netherlands Antilles"",""frecuencia"":1},{""valor"":""Antigua and Barbuda"",""frecuencia"":1},{""valor"":""Australasia"",""frecuencia"":1},{""valor"":""Bohemia"",""frecuencia"":1},{""valor"":""Crete"",""frecuencia"":1}]","[{""valor"":""Antigua and Barbuda"",""frecuencia"":1},{""valor"":""Australasia"",""frecuencia"":1},{""valor"":""Bohemia"",""frecuencia"":1},{""valor"":""Crete"",""frecuencia"":1},{""valor"":""Hong Kong"",""frecuencia"":1}]"
fuente1,data/raw/fuente1/clean/populations.csv,populations.csv,Country Name,1,str,266,266,0,0.0,266,100.0,4,52,,,"[{""valor"":""Aruba"",""frecuencia"":1},{""valor"":""Africa Eastern and Southern"",""frecuencia"":1},{""valor"":""Afghanistan"",""frecuencia"":1},{""valor"":""Africa Western and Central"",""frecuencia"":1},{""valor"":""Angola"",""frecuencia"":1}]","[{""valor"":""Afghanistan"",""frecuencia"":1},{""valor"":""Africa Eastern and Southern"",""frecuencia"":1},{""valor"":""Africa Western and Central"",""frecuencia"":1},{""valor"":""Albania"",""frecuencia"":1},{""valor"":""Algeria"",""frecuencia"":1}]"
fuente1,data/raw/fuente1/clean/populations.csv,populations.csv,Country Code,2,str,266,266,0,0.0,266,100.0,3,3,,,"[{""valor"":""ABW"",""frecuencia"":1},{""valor"":""AFE"",""frecuencia"":1},{""valor"":""AFG"",""frecuencia"":1},{""valor"":""AFW"",""frecuencia"":1},{""valor"":""AGO"",""frecuencia"":1}]","[{""valor"":""ABW"",""frecuencia"":1},{""valor"":""AFE"",""frecuencia"":1},{""valor"":""AFG"",""frecuencia"":1},{""valor"":""AFW"",""frecuencia"":1},{""valor"":""AGO"",""frecuencia"":1}]"
fuente1,data/raw/fuente1/clean/populations.csv,populations.csv,1960,3,float64,266,264,2,0.7519,260,97.7444,6,12,2646.0,3031517384.0,"[{""valor"":""32500.0"",""frecuencia"":2},{""valor"":""97179656.0"",""frecuencia"":2},{""valor"":""571192428.0"",""frecuencia"":2},{""valor"":""227948869.0"",""frecuencia"":2},{""valor"":""54608.0"",""frecuencia"":1}]","[{""valor"":""10042458.0"",""frecuencia"":1},{""valor"":""10167941.0"",""frecuencia"":1},{""valor"":""10172207.0"",""frecuencia"":1},{""valor"":""10276477.0"",""frecuencia"":1},{""valor"":""1043333636.0"",""frecuencia"":1}]"
fuente1,data/raw/fuente1/clean/populations.csv,populations.csv,1961,4,float64,266,264,2,0.7519,260,97.7444,6,12,2888.0,3072470012.0,"[{""valor"":""21907.0"",""frecuencia"":2},{""valor"":""99620285.0"",""frecuencia"":2},{""valor"":""584794755.0"",""frecuencia"":2},{""valor"":""233483265.0"",""frecuencia"":2},{""valor"":""55811.0"",""frecuencia"":1}]","[{""valor"":""10022888.0"",""frecuencia"":1},{""valor"":""10029321.0"",""frecuencia"":1},{""valor"":""1004319366.0"",""frecuencia"":1},{""valor"":""1011502.0"",""frecuencia"":1},{""valor"":""1014211.0"",""frecuencia"":1}]"
fuente1,data/raw/fuente1/clean/populations.csv,populations.csv,1962,5,float64,266,264,2,0.7519,260,97.7444,6,12,3171.0,3126894230.0,"[{""valor"":""35000.0"",""frecuencia"":2},{""valor"":""102159899.0"",""frecuencia"":2},{""valor"":""598784274.0"",""frecuencia"":2},{""valor"":""239280622.0"",""frecuencia"":2},{""valor"":""56682.0"",""frecuencia"":1}]","[{""valor"":""10061734.0"",""frecuencia"":1},{""valor"":""101445032.0"",""frecuencia"":1},{""valor"":""10267067.0"",""frecuencia"":1},{""valor"":""1029962253.0"",""frecuencia"":1},{""valor"":""1038618.0"",""frecuencia"":1}]"
fuente1,data/raw/fuente1/clean/populations.csv,populations.csv,1963,6,float64,266,264,2,0.7519,261,98.1203,6,12,3481.0,3193470069.0,"[{""valor"":""104817905.0"",""frecuencia"":2},{""valor"":""613149540.0"",""frecuencia"":2},{""valor"":""245298063.0"",""frecuencia"":2},{""valor"":""57475.0"",""frecuencia"":1},{""valor"":""141630546.0"",""frecuencia"":1}]","[{""valor"":""10076.0"",""frecuencia"":1},{""valor"":""10087947.0"",""frecuencia"":1},{""valor"":""100892507.0"",""frecuencia"":1},{""valor"":""10277790.0"",""frecuencia"":1},{""valor"":""103667517.0"",""frecuencia"":1}]"
fuente1,data/raw/fuente1/clean/populations.csv,populations.csv,1964,7,float64,266,264,2,0.7519,261,98.1203,6,12,3811.0,3260479625.0,"[{""valor"":""107577280.0"",""frecuencia"":2},{""valor"":""627867470.0"",""frecuencia"":2},{""valor"":""251565974.0"",""frecuencia"":2},{""valor"":""58178.0"",""frecuencia"":1},{""valor"":""145605995.0"",""frecuencia"":1}]","[{""valor"":""10119835.0"",""frecuencia"":1},{""valor"":""101241.0"",""frecuencia"":1},{""valor"":""1017629.0"",""frecuencia"":1},{""valor"":""101772.0"",""frecuencia"":1},{""valor"":""102904.0"",""frecuencia"":1}]"
fuente1,data/raw/fuente1/clean/populations.csv,populations.csv,1965,8,float64,266,264,2,0.7519,261,98.1203,6,12,4161.0,3328242834.0,"[{""valor"":""110431969.0"",""frecuencia"":2},{""valor"":""642649029.0"",""frecuencia"":2},{""valor"":""258078554.0"",""frecuencia"":2},{""valor"":""58782.0"",""frecuencia"":1},{""valor"":""149742351.0"",""frecuencia"":1}]","[{""valor"":""101157868.0"",""frecuencia"":1},{""valor"":""10130096.0"",""frecuencia"":1},{""valor"":""10147935.0"",""frecuencia"":1},{""valor"":""10229.0"",""frecuencia"":1},{""valor"":""104566.0"",""frecuencia"":1}]"
fuente1,data/raw/fuente1/clean/populations.csv,populations.csv,1966,9,float64,266,264,2,0.7519,261,98.1203,6,12,4531.0,3398509802.0,"[{""valor"":""113410132.0"",""frecuencia"":2},{""valor"":""657382046.0"",""frecuencia"":2},{""valor"":""264754002.0"",""frecuencia"":2},{""valor"":""59291.0"",""frecuencia"":1},{""valor"":""153955516.0"",""frecuencia"":1}]","[{""valor"":""10010685.0"",""frecuencia"":1},{""valor"":""10014505.0"",""frecuencia"":1},{""valor"":""1004323080.0"",""frecuencia"":1},{""valor"":""10178653.0"",""frecuencia"":1},{""valor"":""102281.0"",""frecuencia"":1}]"
fuente1,data/raw/fuente1/clean/populations.csv,populations.csv,1967,10,float64,266,264,2,0.7519,261,98.1203,6,12,4930.0,3468395137.0,"[{""valor"":""116518346.0"",""frecuencia"":2},{""valor"":""672401853.0"",""frecuencia"":2},{""valor"":""271633185.0"",""frecuencia"":2},{""valor"":""59522.0"",""frecuencia"":1},{""valor"":""158313235.0"",""frecuencia"":1}]","[{""valor"":""10010030.0"",""frecuencia"":1},{""valor"":""1016638561.0"",""frecuencia"":1},{""valor"":""10201068.0"",""frecuencia"":1},{""valor"":""10216604.0"",""frecuencia"":1},{""valor"":""1024992.0"",""frecuencia"":1}]"
fuente1,data/raw/fuente1/clean/populations.csv,populations.csv,1968,11,float64,266,264,2,0.7519,261,98.1203,6,12,5354.0,3540185668.0,"[{""valor"":""119706733.0"",""frecuencia"":2},{""valor"":""688013461.0"",""frecuencia"":2},{""valor"":""278796894.0"",""frecuencia"":2},{""valor"":""59471.0"",""frecuencia"":1},{""valor"":""162875171.0"",""frecuencia"":1}]","[{""valor"":""100400.0"",""frecuencia"":1},{""valor"":""1005182826.0"",""frecuencia"":1},{""valor"":""101011000.0"",""frecuencia"":1},{""valor"":""10247780.0"",""frecuencia"":1},{""valor"":""10255815.0"",""frecuencia"":1}]"
fuente1,data/raw/fuente1/clean/populations.csv,populations.csv,1969,12,float64,266,264,2,0.7519,261,98.1203,6,12,5646.0,3614592846.0,"[{""valor"":""122973346.0"",""frecuencia"":2},{""valor"":""704112818.0"",""frecuencia"":2},{""valor"":""286211901.0"",""frecuencia"":2},{""valor"":""59330.0"",""frecuencia"":1},{""valor"":""167596160.0"",""frecuencia"":1}]","[{""valor"":""10006526.0"",""frecuencia"":1},{""valor"":""1002691282.0"",""frecuencia"":1},{""valor"":""10061684.0"",""frecuencia"":1},{""valor"":""101605.0"",""frecuencia"":1},{""valor"":""10181.0"",""frecuencia"":1}]"
fuente1,data/raw/fuente1/clean/populations.csv,populations.csv,1970,13,float64,266,264,2,0.7519,261,98.1203,6,12,5665.0,3690229198.0,"[{""valor"":""126316235.0"",""frecuencia"":2},{""valor"":""720399195.0"",""frecuencia"":2},{""valor"":""293900563.0"",""frecuencia"":2},{""valor"":""59106.0"",""frecuencia"":1},{""valor"":""172475766.0"",""frecuencia"":1}]","[{""valor"":""1012186875.0"",""frecuencia"":1},{""valor"":""10143.0"",""frecuencia"":1},{""valor"":""1023481.0"",""frecuencia"":1},{""valor"":""10306508.0"",""frecuencia"":1},{""valor"":""103090.0"",""frecuencia"":1}]"
fuente1,data/raw/fuente1/clean/populations.csv,populations.csv,1971,14,float64,266,264,2,0.7519,261,98.1203,6,12,5742.0,3767950635.0,"[{""valor"":""129707914.0"",""frecuencia"":2},{""valor"":""736135444.0"",""frecuencia"":2},{""valor"":""301839225.0"",""frecuencia"":2},{""valor"":""58816.0"",""frecuencia"":1},{""valor"":""177503186.0"",""frecuencia"":1}]","[{""valor"":""1000130.0"",""frecuencia"":1},{""valor"":""10154928.0"",""frecuencia"":1},{""valor"":""1023331593.0"",""frecuencia"":1},{""valor"":""10367537.0"",""frecuencia"":1},{""valor"":""104781.0"",""frecuencia"":1}]"
fuente1,data/raw/fuente1/clean/populations.csv,populations.csv,1972,15,float64,266,264,2,0.7519,261,98.1203,6,12,5891.0,3843630361.0,"[{""valor"":""133164152.0"",""frecuencia"":2},{""valor"":""752397791.0"",""frecuencia"":2},{""valor"":""309963136.0"",""frecuencia"":2},{""valor"":""58855.0"",""frecuencia"":1},{""valor"":""182599092.0"",""frecuencia"":1}]","[{""valor"":""100357161.0"",""frecuencia"":1},{""valor"":""10070625.0"",""frecuencia"":1},{""valor"":""100843.0"",""frecuencia"":1},{""valor"":""101194394.0"",""frecuencia"":1},{""valor"":""1013031.0"",""frecuencia"":1}]"
fuente1,data/raw/fuente1/clean/populations.csv,populations.csv,1973,16,float64,266,264,2,0.7519,261,98.1203,6,12,5934.0,3920044841.0,"[{""valor"":""136734072.0"",""frecuencia"":2},{""valor"":""770083670.0"",""frecuencia"":2},{""valor"":""318464764.0"",""frecuencia"":2},{""valor"":""59365.0"",""frecuencia"":1},{""valor"":""187901657.0"",""frecuencia"":1}]","[{""valor"":""10018.0"",""frecuencia"":1},{""valor"":""101112680.0"",""frecuencia"":1},{""valor"":""101924.0"",""frecuencia"":1},{""valor"":""10233631.0"",""frecuencia"":1},{""valor"":""1026563.0"",""frecuencia"":1}]"
fuente1,data/raw/fuente1/clean/populations.csv,populations.csv,1974,17,float64,266,264,2,0.7519,261,98.1203,6,12,6100.0,3995920225.0,"[{""valor"":""140444545.0"",""frecuencia"":2},{""valor"":""788213169.0"",""frecuencia"":2},{""valor"":""327466848.0"",""frecuencia"":2},{""valor"":""60028.0"",""frecuencia"":1},{""valor"":""193512956.0"",""frecuencia"":1}]","[{""valor"":""10146.0"",""frecuencia"":1},{""valor"":""101939916.0"",""frecuencia"":1},{""valor"":""102951.0"",""frecuencia"":1},{""valor"":""1030426.0"",""frecuencia"":1},{""valor"":""10392684.0"",""frecuencia"":1}]"
fuente1,data/raw/fuente1/clean/populations.csv,populations.csv,1975,18,float64,266,264,2,0.7519,261,98.1203,6,12,6381.0,4070060140.0,"[{""valor"":""144500701.0"",""frecuencia"":2},{""valor"":""806592758.0"",""frecuencia"":2},{""valor"":""336832917.0"",""frecuencia"":2},{""valor"":""60715.0"",""frecuencia"":1},{""valor"":""199284304.0"",""frecuencia"":1}]","[{""valor"":""10058620.0"",""frecuencia"":1},{""valor"":""102010.0"",""frecuencia"":1},{""valor"":""10209848.0"",""frecuencia"":1},{""valor"":""10282.0"",""frecuencia"":1},{""valor"":""102860571.0"",""frecuencia"":1}]"
fuente1,data/raw/fuente1/clean/populations.csv,populations.csv,1976,19,float64,266,264,2,0.7519,261,98.1203,6,12,6668.0,4143135434.0,"[{""valor"":""149188764.0"",""frecuencia"":2},{""valor"":""825140213.0"",""frecuencia"":2},{""valor"":""346461069.0"",""frecuencia"":2},{""valor"":""61193.0"",""frecuencia"":1},{""valor"":""205202669.0"",""frecuencia"":1}]","[{""valor"":""10019210.0"",""frecuencia"":1},{""valor"":""10125939.0"",""frecuencia"":1},{""valor"":""101590.0"",""frecuencia"":1},{""valor"":""103776068.0"",""frecuencia"":1},{""valor"":""10428.0"",""frecuencia"":1}]"
fuente1,data/raw/fuente1/clean/populations.csv,populations.csv,1977,20,float64,266,264,2,0.7519,261,98.1203,6,12,6885.0,4215876682.0,"[{""valor"":""153922894.0"",""frecuencia"":2},{""valor"":""844199483.0"",""frecuencia"":2},{""valor"":""356243762.0"",""frecuencia"":2},{""valor"":""61465.0"",""frecuencia"":1},{""valor"":""211120911.0"",""frecuencia"":1}]","[{""valor"":""10172.0"",""frecuencia"":1},{""valor"":""10186755.0"",""frecuencia"":1},{""valor"":""10363575.0"",""frecuencia"":1},{""valor"":""103676.0"",""frecuencia"":1},{""valor"":""104616884.0"",""frecuencia"":1}]"
fuente1,data/raw/fuente1/clean/populations.csv,populations.csv,1978,21,float64,266,264,2,0.7519,261,98.1203,6,12,7110.0,4289852068.0,"[{""valor"":""158089953.0"",""frecuencia"":2},{""valor"":""863852185.0"",""frecuencia"":2},{""valor"":""366688083.0"",""frecuencia"":2},{""valor"":""61738.0"",""frecuencia"":1},{""valor"":""217481420.0"",""frecuencia"":1}]","[{""valor"":""10242098.0"",""frecuencia"":1},{""valor"":""105329397.0"",""frecuencia"":1},{""valor"":""105710.0"",""frecuencia"":1},{""valor"":""106236.0"",""frecuencia"":1},{""valor"":""10684822.0"",""frecuencia"":1}]"
fuente1,data/raw/fuente1/clean/populations.csv,populations.csv,1979,22,float64,266,264,2,0.7519,261,98.1203,6,12,7332.0,4365802882.0,"[{""valor"":""162482818.0"",""frecuencia"":2},{""valor"":""884031584.0"",""frecuencia"":2},{""valor"":""377775643.0"",""frecuencia"":2},{""valor"":""62006.0"",""frecuencia"":1},{""valor"":""224315978.0"",""frecuencia"":1}]","[{""valor"":""1008706437.0"",""frecuencia"":1},{""valor"":""10292341.0"",""frecuencia"":1},{""valor"":""105948616.0"",""frecuencia"":1},{""valor"":""106882.0"",""frecuencia"":1},{""valor"":""10704152.0"",""frecuencia"":1}]"
fuente1,data/raw/fuente1/clean/populations.csv,populations.csv,1980,23,float64,266,264,2,0.7519,261,98.1203,6,12,7598.0,4442416674.0,"[{""valor"":""167489905.0"",""frecuencia"":2},{""valor"":""904993069.0"",""frecuencia"":2},{""valor"":""388793467.0"",""frecuencia"":2},{""valor"":""62267.0"",""frecuencia"":1},{""valor"":""230967858.0"",""frecuencia"":1}]","[{""valor"":""1014048.0"",""frecuencia"":1},{""valor"":""10171710.0"",""frecuencia"":1},{""valor"":""1017462.0"",""frecuencia"":1},{""valor"":""1018252563.0"",""frecuencia"":1},{""valor"":""10304193.0"",""frecuencia"":1}]"
fuente1,data/raw/fuente1/clean/populations.csv,populations.csv,1981,24,float64,266,264,2,0.7519,261,98.1203,6,12,7691.0,4520993169.0,"[{""valor"":""173266699.0"",""frecuencia"":2},{""valor"":""926216545.0"",""frecuencia"":2},{""valor"":""400260774.0"",""frecuencia"":2},{""valor"":""62614.0"",""frecuencia"":1},{""valor"":""237937461.0"",""frecuencia"":1}]","[{""valor"":""1027442087.0"",""frecuencia"":1},{""valor"":""10300591.0"",""frecuencia"":1},{""valor"":""10678211.0"",""frecuencia"":1},{""valor"":""10711848.0"",""frecuencia"":1},{""valor"":""107129392.0"",""frecuencia"":1}]"
fuente1,data/raw/fuente1/clean/populations.csv,populations.csv,1982,25,float64,266,264,2,0.7519,261,98.1203,6,12,7672.0,4602785312.0,"[{""valor"":""179198278.0"",""frecuencia"":2},{""valor"":""948043890.0"",""frecuencia"":2},{""valor"":""412410102.0"",""frecuencia"":2},{""valor"":""63116.0"",""frecuencia"":1},{""valor"":""245386717.0"",""frecuencia"":1}]","[{""valor"":""100068.0"",""frecuencia"":1},{""valor"":""1005520.0"",""frecuencia"":1},{""valor"":""1008630000.0"",""frecuencia"":1},{""valor"":""10088289.0"",""frecuencia"":1},{""valor"":""100931.0"",""frecuencia"":1}]"
fuente1,data/raw/fuente1/clean/populations.csv,populations.csv,1983,26,float64,266,264,2,0.7519,261,98.1203,6,12,7832.0,4684967631.0,"[{""valor"":""184832095.0"",""frecuencia"":2},{""valor"":""970938323.0"",""frecuencia"":2},{""valor"":""424346370.0"",""frecuencia"":2},{""valor"":""63683.0"",""frecuencia"":1},{""valor"":""252779730.0"",""frecuencia"":1}]","[{""valor"":""1001691.0"",""frecuencia"":1},{""valor"":""100348.0"",""frecuencia"":1},{""valor"":""1023310000.0"",""frecuencia"":1},{""valor"":""10237391.0"",""frecuencia"":1},{""valor"":""102650.0"",""frecuencia"":1}]"
fuente1,data/raw/fuente1/clean/populations.csv,populations.csv,1984,27,float64,266,264,2,0.7519,260,97.7444,6,12,8125.0,4766740755.0,"[{""valor"":""13299.0"",""frecuencia"":2},{""valor"":""190720860.0"",""frecuencia"":2},{""valor"":""994345688.0"",""frecuencia"":2},{""valor"":""436263644.0"",""frecuencia"":2},{""valor"":""64174.0"",""frecuencia"":1}]","[{""valor"":""10015017.0"",""frecuencia"":1},{""valor"":""100600.0"",""frecuencia"":1},{""valor"":""10065539.0"",""frecuencia"":1},{""valor"":""1012221.0"",""frecuencia"":1},{""valor"":""10183138.0"",""frecuencia"":1}]"
fuente1,data/raw/fuente1/clean/populations.csv,populations.csv,1985,28,float64,266,264,2,0.7519,261,98.1203,6,12,8313.0,4850182355.0,"[{""valor"":""196641041.0"",""frecuencia"":2},{""valor"":""1018142776.0"",""frecuencia"":2},{""valor"":""448755435.0"",""frecuencia"":2},{""valor"":""64478.0"",""frecuencia"":1},{""valor"":""267938123.0"",""frecuencia"":1}]","[{""valor"":""10023613.0"",""frecuencia"":1},{""valor"":""100576.0"",""frecuencia"":1},{""valor"":""100760.0"",""frecuencia"":1},{""valor"":""10149044.0"",""frecuencia"":1},{""valor"":""1020528.0"",""frecuencia"":1}]"
fuente1,data/raw/fuente1/clean/populations.csv,populations.csv,1986,29,float64,266,264,2,0.7519,261,98.1203,6,12,8496.0,4936116651.0,"[{""valor"":""202653537.0"",""frecuencia"":2},{""valor"":""1042169001.0"",""frecuencia"":2},{""valor"":""461756164.0"",""frecuencia"":2},{""valor"":""64553.0"",""frecuencia"":1},{""valor"":""276035920.0"",""frecuencia"":1}]","[{""valor"":""10032734.0"",""frecuencia"":1},{""valor"":""10043000.0"",""frecuencia"":1},{""valor"":""100618523.0"",""frecuencia"":1},{""valor"":""100842.0"",""frecuencia"":1},{""valor"":""100893.0"",""frecuencia"":1}]"
fuente1,data/raw/fuente1/clean/populations.csv,populations.csv,1987,30,float64,266,264,2,0.7519,261,98.1203,6,12,8665.0,5024401475.0,"[{""valor"":""208687611.0"",""frecuencia"":2},{""valor"":""1066371857.0"",""frecuencia"":2},{""valor"":""475250346.0"",""frecuencia"":2},{""valor"":""64450.0"",""frecuencia"":1},{""valor"":""284490394.0"",""frecuencia"":1}]","[{""valor"":""10000595.0"",""frecuencia"":1},{""valor"":""10030031.0"",""frecuencia"":1},{""valor"":""100490256.0"",""frecuencia"":1},{""valor"":""100599.0"",""frecuencia"":1},{""valor"":""100901.0"",""frecuencia"":1}]"
fuente1,data/raw/fuente1/clean/populations.csv,populations.csv,1988,31,float64,266,264,2,0.7519,261,98.1203,6,12,8844.0,5113495865.0,"[{""valor"":""214593293.0"",""frecuencia"":2},{""valor"":""1091004504.0"",""frecuencia"":2},{""valor"":""488764908.0"",""frecuencia"":2},{""valor"":""64332.0"",""frecuencia"":1},{""valor"":""292795186.0"",""frecuencia"":1}]","[{""valor"":""10019610.0"",""frecuencia"":1},{""valor"":""10036983.0"",""frecuencia"":1},{""valor"":""100952.0"",""frecuencia"":1},{""valor"":""10140000.0"",""frecuencia"":1},{""valor"":""102688833.0"",""frecuencia"":1}]"
fuente1,data/raw/fuente1/clean/populations.csv,populations.csv,1989,32,float64,266,264,2,0.7519,261,98.1203,6,12,9017.0,5202686551.0,"[{""valor"":""220541237.0"",""frecuencia"":2},{""valor"":""1116147699.0"",""frecuencia"":2},{""valor"":""502517080.0"",""frecuencia"":2},{""valor"":""64596.0"",""frecuencia"":1},{""valor"":""301124880.0"",""frecuencia"":1}]","[{""valor"":""10005000.0"",""frecuencia"":1},{""valor"":""10089498.0"",""frecuencia"":1},{""valor"":""101041.0"",""frecuencia"":1},{""valor"":""10170000.0"",""frecuencia"":1},{""valor"":""10210185.0"",""frecuencia"":1}]"
fuente1,data/raw/fuente1/clean/populations.csv,populations.csv,1990,33,float64,266,265,1,0.3759,263,98.8722,6,12,9182.0,5293498452.0,"[{""valor"":""1141312704.0"",""frecuencia"":2},{""valor"":""516629688.0"",""frecuencia"":2},{""valor"":""65712.0"",""frecuencia"":1},{""valor"":""309890664.0"",""frecuencia"":1},{""valor"":""10694796.0"",""frecuencia"":1}]","[{""valor"":""10113893.0"",""frecuencia"":1},{""valor"":""10189348.0"",""frecuencia"":1},{""valor"":""10196792.0"",""frecuencia"":1},{""valor"":""10333355.0"",""frecuencia"":1},{""valor"":""10373988.0"",""frecuencia"":1}]"
fuente1,data/raw/fuente1/clean/populations.csv,populations.csv,1991,34,float64,266,265,1,0.3759,263,98.8722,6,12,9354.0,5382640911.0,"[{""valor"":""1166480561.0"",""frecuencia"":2},{""valor"":""530716971.0"",""frecuencia"":2},{""valor"":""67864.0"",""frecuencia"":1},{""valor"":""318544083.0"",""frecuencia"":1},{""valor"":""10745167.0"",""frecuencia"":1}]","[{""valor"":""10004486.0"",""frecuencia"":1},{""valor"":""100427.0"",""frecuencia"":1},{""valor"":""1009995.0"",""frecuencia"":1},{""valor"":""10194050.0"",""frecuencia"":1},{""valor"":""10308578.0"",""frecuencia"":1}]"
fuente1,data/raw/fuente1/clean/populations.csv,populations.csv,1992,35,float64,266,265,1,0.3759,263,98.8722,6,12,9466.0,5470271607.0,"[{""valor"":""1192390433.0"",""frecuencia"":2},{""valor"":""544899623.0"",""frecuencia"":2},{""valor"":""70192.0"",""frecuencia"":1},{""valor"":""326933522.0"",""frecuencia"":1},{""valor"":""12057433.0"",""frecuencia"":1}]","[{""valor"":""100182045.0"",""frecuencia"":1},{""valor"":""10045158.0"",""frecuencia"":1},{""valor"":""101040.0"",""frecuencia"":1},{""valor"":""10115420.0"",""frecuencia"":1},{""valor"":""10129.0"",""frecuencia"":1}]"
fuente1,data/raw/fuente1/clean/populations.csv,populations.csv,1993,36,float64,266,265,1,0.3759,263,98.8722,6,12,9517.0,5556732311.0,"[{""valor"":""1219180082.0"",""frecuencia"":2},{""valor"":""559413902.0"",""frecuencia"":2},{""valor"":""72360.0"",""frecuencia"":1},{""valor"":""335625136.0"",""frecuencia"":1},{""valor"":""14003760.0"",""frecuencia"":1}]","[{""valor"":""10084475.0"",""frecuencia"":1},{""valor"":""102173.0"",""frecuencia"":1},{""valor"":""10226.0"",""frecuencia"":1},{""valor"":""10239050.0"",""frecuencia"":1},{""valor"":""10243550.0"",""frecuencia"":1}]"
fuente1,data/raw/fuente1/clean/populations.csv,populations.csv,1994,37,float64,266,265,1,0.3759,263,98.8722,6,12,9559.0,5642156981.0,"[{""valor"":""1246157499.0"",""frecuencia"":2},{""valor"":""574094137.0"",""frecuencia"":2},{""valor"":""74710.0"",""frecuencia"":1},{""valor"":""344418362.0"",""frecuencia"":1},{""valor"":""15455555.0"",""frecuencia"":1}]","[{""valor"":""10037522.0"",""frecuencia"":1},{""valor"":""10091256.0"",""frecuencia"":1},{""valor"":""10115603.0"",""frecuencia"":1},{""valor"":""10131799.0"",""frecuencia"":1},{""valor"":""10226955.0"",""frecuencia"":1}]"
fuente1,data/raw/fuente1/clean/populations.csv,populations.csv,1995,38,float64,266,265,1,0.3759,263,98.8722,6,12,9585.0,5726848893.0,"[{""valor"":""1272877742.0"",""frecuencia"":2},{""valor"":""589328085.0"",""frecuencia"":2},{""valor"":""77050.0"",""frecuencia"":1},{""valor"":""353466601.0"",""frecuencia"":1},{""valor"":""16418912.0"",""frecuencia"":1}]","[{""valor"":""10026176.0"",""frecuencia"":1},{""valor"":""10112816.0"",""frecuencia"":1},{""valor"":""10136811.0"",""frecuencia"":1},{""valor"":""10193831.0"",""frecuencia"":1},{""valor"":""10286786.0"",""frecuencia"":1}]"
fuente1,data/raw/fuente1/clean/populations.csv,populations.csv,1996,39,float64,266,265,1,0.3759,263,98.8722,6,12,9611.0,5811694918.0,"[{""valor"":""1299407301.0"",""frecuencia"":2},{""valor"":""605186062.0"",""frecuencia"":2},{""valor"":""79417.0"",""frecuencia"":1},{""valor"":""362985802.0"",""frecuencia"":1},{""valor"":""17106595.0"",""frecuencia"":1}]","[{""valor"":""1000693857.0"",""frecuencia"":1},{""valor"":""100195.0"",""frecuencia"":1},{""valor"":""10031623.0"",""frecuencia"":1},{""valor"":""10063945.0"",""frecuencia"":1},{""valor"":""1011243210.0"",""frecuencia"":1}]"
fuente1,data/raw/fuente1/clean/populations.csv,populations.csv,1997,40,float64,266,265,1,0.3759,263,98.8722,6,12,9630.0,5896174827.0,"[{""valor"":""1326007987.0"",""frecuencia"":2},{""valor"":""621065325.0"",""frecuencia"":2},{""valor"":""81858.0"",""frecuencia"":1},{""valor"":""372352230.0"",""frecuencia"":1},{""valor"":""17788819.0"",""frecuencia"":1}]","[{""valor"":""1002335230.0"",""frecuencia"":1},{""valor"":""1005936747.0"",""frecuencia"":1},{""valor"":""100658.0"",""frecuencia"":1},{""valor"":""10108977.0"",""frecuencia"":1},{""valor"":""10117433.0"",""frecuencia"":1}]"
fuente1,data/raw/fuente1/clean/populations.csv,populations.csv,1998,41,float64,266,265,1,0.3759,263,98.8722,6,12,9634.0,5979851049.0,"[{""valor"":""1352849350.0"",""frecuencia"":2},{""valor"":""637198518.0"",""frecuencia"":2},{""valor"":""84355.0"",""frecuencia"":1},{""valor"":""381715600.0"",""frecuencia"":1},{""valor"":""18493132.0"",""frecuencia"":1}]","[{""valor"":""1005158.0"",""frecuencia"":1},{""valor"":""10071963.0"",""frecuencia"":1},{""valor"":""1010875500.0"",""frecuencia"":1},{""valor"":""101343.0"",""frecuencia"":1},{""valor"":""10160196.0"",""frecuencia"":1}]"
fuente1,data/raw/fuente1/clean/populations.csv,populations.csv,1999,42,float64,266,265,1,0.3759,263,98.8722,6,12,9640.0,6062415429.0,"[{""valor"":""1379874856.0"",""frecuencia"":2},{""valor"":""653883261.0"",""frecuencia"":2},{""valor"":""86867.0"",""frecuencia"":1},{""valor"":""391486231.0"",""frecuencia"":1},{""valor"":""19262847.0"",""frecuencia"":1}]","[{""valor"":""10026738.0"",""frecuencia"":1},{""valor"":""1015710581.0"",""frecuencia"":1},{""valor"":""1018370.0"",""frecuencia"":1},{""valor"":""101982.0"",""frecuencia"":1},{""valor"":""10217828.0"",""frecuencia"":1}]"
fuente1,data/raw/fuente1/clean/populations.csv,populations.csv,2000,43,float64,266,265,1,0.3759,263,98.8722,6,12,9638.0,6144444748.0,"[{""valor"":""1406945493.0"",""frecuencia"":2},{""valor"":""671212486.0"",""frecuencia"":2},{""valor"":""89101.0"",""frecuencia"":1},{""valor"":""401600588.0"",""frecuencia"":1},{""valor"":""19542982.0"",""frecuencia"":1}]","[{""valor"":""1020793420.0"",""frecuencia"":1},{""valor"":""10210971.0"",""frecuencia"":1},{""valor"":""10251250.0"",""frecuencia"":1},{""valor"":""10255063.0"",""frecuencia"":1},{""valor"":""102603.0"",""frecuencia"":1}]"
fuente1,data/raw/fuente1/clean/populations.csv,populations.csv,2001,44,float64,266,265,1,0.3759,263,98.8722,6,12,9621.0,6226487141.0,"[{""valor"":""1434314654.0"",""frecuencia"":2},{""valor"":""689161982.0"",""frecuencia"":2},{""valor"":""90691.0"",""frecuencia"":1},{""valor"":""412001885.0"",""frecuencia"":1},{""valor"":""19688632.0"",""frecuencia"":1}]","[{""valor"":""10187576.0"",""frecuencia"":1},{""valor"":""10191964.0"",""frecuencia"":1},{""valor"":""10216605.0"",""frecuencia"":1},{""valor"":""1025680356.0"",""frecuencia"":1},{""valor"":""10286570.0"",""frecuencia"":1}]"
fuente1,data/raw/fuente1/clean/populations.csv,populations.csv,2002,45,float64,266,265,1,0.3759,263,98.8722,6,12,9609.0,6308284566.0,"[{""valor"":""1462070145.0"",""frecuencia"":2},{""valor"":""707693440.0"",""frecuencia"":2},{""valor"":""91781.0"",""frecuencia"":1},{""valor"":""422741118.0"",""frecuencia"":1},{""valor"":""21000256.0"",""frecuencia"":1}]","[{""valor"":""100917081.0"",""frecuencia"":1},{""valor"":""10094561.0"",""frecuencia"":1},{""valor"":""10158608.0"",""frecuencia"":1},{""valor"":""10180950.0"",""frecuencia"":1},{""valor"":""10196916.0"",""frecuencia"":1}]"
fuente1,data/raw/fuente1/clean/populations.csv,populations.csv,2003,46,float64,266,265,1,0.3759,263,98.8722,6,12,9668.0,6389592840.0,"[{""valor"":""1489358080.0"",""frecuencia"":2},{""valor"":""726785433.0"",""frecuencia"":2},{""valor"":""92701.0"",""frecuencia"":1},{""valor"":""433807484.0"",""frecuencia"":1},{""valor"":""22645130.0"",""frecuencia"":1}]","[{""valor"":""1000350.0"",""frecuencia"":1},{""valor"":""10129552.0"",""frecuencia"":1},{""valor"":""10193798.0"",""frecuencia"":1},{""valor"":""10193998.0"",""frecuencia"":1},{""valor"":""102429341.0"",""frecuencia"":1}]"
fuente1,data/raw/fuente1/clean/populations.csv,populations.csv,2004,47,float64,266,265,1,0.3759,263,98.8722,6,12,9791.0,6471033757.0,"[{""valor"":""1515703001.0"",""frecuencia"":2},{""valor"":""746546802.0"",""frecuencia"":2},{""valor"":""93540.0"",""frecuencia"":1},{""valor"":""445281555.0"",""frecuencia"":1},{""valor"":""23553551.0"",""frecuencia"":1}]","[{""valor"":""10107146.0"",""frecuencia"":1},{""valor"":""10117354.0"",""frecuencia"":1},{""valor"":""1018684.0"",""frecuencia"":1},{""valor"":""10197101.0"",""frecuencia"":1},{""valor"":""10292225.0"",""frecuencia"":1}]"
fuente1,data/raw/fuente1/clean/populations.csv,populations.csv,2005,48,float64,266,265,1,0.3759,263,98.8722,6,12,9912.0,6552787172.0,"[{""valor"":""1541263909.0"",""frecuencia"":2},{""valor"":""766978666.0"",""frecuencia"":2},{""valor"":""94483.0"",""frecuencia"":1},{""valor"":""457153837.0"",""frecuencia"":1},{""valor"":""24411191.0"",""frecuencia"":1}]","[{""valor"":""10005012.0"",""frecuencia"":1},{""valor"":""10087065.0"",""frecuencia"":1},{""valor"":""10211216.0"",""frecuencia"":1},{""valor"":""10318.0"",""frecuencia"":1},{""valor"":""1037062.0"",""frecuencia"":1}]"
fuente1,data/raw/fuente1/clean/populations.csv,populations.csv,2006,49,float64,266,265,1,0.3759,263,98.8722,7,12,10030.0,6635162568.0,"[{""valor"":""1565892885.0"",""frecuencia"":2},{""valor"":""788110000.0"",""frecuencia"":2},{""valor"":""95606.0"",""frecuencia"":1},{""valor"":""469508516.0"",""frecuencia"":1},{""valor"":""25442944.0"",""frecuencia"":1}]","[{""valor"":""100083.0"",""frecuencia"":1},{""valor"":""10030.0"",""frecuencia"":1},{""valor"":""10071370.0"",""frecuencia"":1},{""valor"":""1015060.0"",""frecuencia"":1},{""valor"":""10238905.0"",""frecuencia"":1}]"
fuente1,data/raw/fuente1/clean/populations.csv,populations.csv,2007,50,float64,266,265,1,0.3759,263,98.8722,7,12,10149.0,6717583637.0,"[{""valor"":""1589454615.0"",""frecuencia"":2},{""valor"":""810019264.0"",""frecuencia"":2},{""valor"":""96787.0"",""frecuencia"":1},{""valor"":""482406426.0"",""frecuencia"":1},{""valor"":""25903301.0"",""frecuencia"":1}]","[{""valor"":""10055780.0"",""frecuencia"":1},{""valor"":""10149.0"",""frecuencia"":1},{""valor"":""1019362.0"",""frecuencia"":1},{""valor"":""101998.0"",""frecuencia"":1},{""valor"":""10267.0"",""frecuencia"":1}]"
fuente1,data/raw/fuente1/clean/populations.csv,populations.csv,2008,51,float64,266,265,1,0.3759,263,98.8722,7,12,10243.0,6801421733.0,"[{""valor"":""1612709085.0"",""frecuencia"":2},{""valor"":""832642735.0"",""frecuencia"":2},{""valor"":""97996.0"",""frecuencia"":1},{""valor"":""495748900.0"",""frecuencia"":1},{""valor"":""26427199.0"",""frecuencia"":1}]","[{""valor"":""10038188.0"",""frecuencia"":1},{""valor"":""10243.0"",""frecuencia"":1},{""valor"":""10272.0"",""frecuencia"":1},{""valor"":""10384603.0"",""frecuencia"":1},{""valor"":""103966.0"",""frecuencia"":1}]"
fuente1,data/raw/fuente1/clean/populations.csv,populations.csv,2009,52,float64,266,265,1,0.3759,263,98.8722,7,12,10233.0,6885608628.0,"[{""valor"":""1636411632.0"",""frecuencia"":2},{""valor"":""855885698.0"",""frecuencia"":2},{""valor"":""99212.0"",""frecuencia"":1},{""valor"":""509410477.0"",""frecuencia"":1},{""valor"":""27385307.0"",""frecuencia"":1}]","[{""valor"":""10021323.0"",""frecuencia"":1},{""valor"":""10022650.0"",""frecuencia"":1},{""valor"":""10043737.0"",""frecuencia"":1},{""valor"":""10051317.0"",""frecuencia"":1},{""valor"":""10233.0"",""frecuencia"":1}]"
fuente1,data/raw/fuente1/clean/populations.csv,populations.csv,2010,53,float64,266,265,1,0.3759,263,98.8722,7,12,10241.0,6969894715.0,"[{""valor"":""1660546144.0"",""frecuencia"":2},{""valor"":""879797419.0"",""frecuencia"":2},{""valor"":""100341.0"",""frecuencia"":1},{""valor"":""523459657.0"",""frecuencia"":1},{""valor"":""28189672.0"",""frecuencia"":1}]","[{""valor"":""10000023.0"",""frecuencia"":1},{""valor"":""100341.0"",""frecuencia"":1},{""valor"":""10223270.0"",""frecuencia"":1},{""valor"":""10241.0"",""frecuencia"":1},{""valor"":""10270728.0"",""frecuencia"":1}]"
fuente1,data/raw/fuente1/clean/populations.csv,populations.csv,2011,54,float64,266,265,1,0.3759,263,98.8722,7,12,10283.0,7053988749.0,"[{""valor"":""1684898004.0"",""frecuencia"":2},{""valor"":""904282154.0"",""frecuencia"":2},{""valor"":""101288.0"",""frecuencia"":1},{""valor"":""537792950.0"",""frecuencia"":1},{""valor"":""29249157.0"",""frecuencia"":1}]","[{""valor"":""101288.0"",""frecuencia"":1},{""valor"":""10243050.0"",""frecuencia"":1},{""valor"":""10283.0"",""frecuencia"":1},{""valor"":""10396246.0"",""frecuencia"":1},{""valor"":""104174038.0"",""frecuencia"":1}]"
fuente1,data/raw/fuente1/clean/populations.csv,populations.csv,2012,55,float64,266,265,1,0.3759,263,98.8722,7,12,10444.0,7141430933.0,"[{""valor"":""1708706729.0"",""frecuencia"":2},{""valor"":""929328653.0"",""frecuencia"":2},{""valor"":""102112.0"",""frecuencia"":1},{""valor"":""552530654.0"",""frecuencia"":1},{""valor"":""30466479.0"",""frecuencia"":1}]","[{""valor"":""10014078.0"",""frecuencia"":1},{""valor"":""10030882.0"",""frecuencia"":1},{""valor"":""10108539.0"",""frecuencia"":1},{""valor"":""102112.0"",""frecuencia"":1},{""valor"":""103935318.0"",""frecuencia"":1}]"
fuente1,data/raw/fuente1/clean/populations.csv,populations.csv,2013,56,float64,266,265,1,0.3759,263,98.8722,7,12,10694.0,7229458453.0,"[{""valor"":""1731683901.0"",""frecuencia"":2},{""valor"":""955096702.0"",""frecuencia"":2},{""valor"":""102880.0"",""frecuencia"":1},{""valor"":""567892149.0"",""frecuencia"":1},{""valor"":""31541209.0"",""frecuencia"":1}]","[{""valor"":""1005080882.0"",""frecuencia"":1},{""valor"":""10149577.0"",""frecuencia"":1},{""valor"":""10157051.0"",""frecuencia"":1},{""valor"":""10261206.0"",""frecuencia"":1},{""valor"":""102880.0"",""frecuencia"":1}]"
fuente1,data/raw/fuente1/clean/populations.csv,populations.csv,2014,57,float64,266,265,1,0.3759,263,98.8722,7,12,10899.0,7317304568.0,"[{""valor"":""1754030304.0"",""frecuencia"":2},{""valor"":""981506608.0"",""frecuencia"":2},{""valor"":""103594.0"",""frecuencia"":1},{""valor"":""583651101.0"",""frecuencia"":1},{""valor"":""32716210.0"",""frecuencia"":1}]","[{""valor"":""101325201.0"",""frecuencia"":1},{""valor"":""1026805224.0"",""frecuencia"":1},{""valor"":""10282115.0"",""frecuencia"":1},{""valor"":""103496179.0"",""frecuencia"":1},{""valor"":""103594.0"",""frecuencia"":1}]"
fuente1,data/raw/fuente1/clean/populations.csv,populations.csv,2015,58,float64,266,265,1,0.3759,263,98.8722,7,12,10877.0,7404251118.0,"[{""valor"":""1775545180.0"",""frecuencia"":2},{""valor"":""1008698799.0"",""frecuencia"":2},{""valor"":""104257.0"",""frecuencia"":1},{""valor"":""600008424.0"",""frecuencia"":1},{""valor"":""33753499.0"",""frecuencia"":1}]","[{""valor"":""1006259.0"",""frecuencia"":1},{""valor"":""1008605380.0"",""frecuencia"":1},{""valor"":""102471895.0"",""frecuencia"":1},{""valor"":""103031365.0"",""frecuencia"":1},{""valor"":""103257886.0"",""frecuencia"":1}]"
fuente1,data/raw/fuente1/clean/populations.csv,populations.csv,2016,59,float64,266,265,1,0.3759,263,98.8722,7,12,10852.0,7490956237.0,"[{""valor"":""1797072648.0"",""frecuencia"":2},{""valor"":""1036155989.0"",""frecuencia"":2},{""valor"":""104874.0"",""frecuencia"":1},{""valor"":""616377605.0"",""frecuencia"":1},{""valor"":""34636207.0"",""frecuencia"":1}]","[{""valor"":""1023261.0"",""frecuencia"":1},{""valor"":""102994278.0"",""frecuencia"":1},{""valor"":""10325452.0"",""frecuencia"":1},{""valor"":""1036061312.0"",""frecuencia"":1},{""valor"":""104874.0"",""frecuencia"":1}]"
fuente1,data/raw/fuente1/clean/populations.csv,populations.csv,2017,60,float64,266,265,1,0.3759,263,98.8722,7,12,10828.0,7577110140.0,"[{""valor"":""1818931519.0"",""frecuencia"":2},{""valor"":""1063885274.0"",""frecuencia"":2},{""valor"":""105439.0"",""frecuencia"":1},{""valor"":""632746570.0"",""frecuencia"":1},{""valor"":""35643418.0"",""frecuencia"":1}]","[{""valor"":""10057698.0"",""frecuencia"":1},{""valor"":""101789386.0"",""frecuencia"":1},{""valor"":""10215381.0"",""frecuencia"":1},{""valor"":""102740078.0"",""frecuencia"":1},{""valor"":""10300300.0"",""frecuencia"":1}]"
fuente1,data/raw/fuente1/clean/populations.csv,populations.csv,2018,61,float64,266,265,1,0.3759,263,98.8722,7,12,10865.0,7661177849.0,"[{""valor"":""1840534093.0"",""frecuencia"":2},{""valor"":""1092403973.0"",""frecuencia"":2},{""valor"":""105962.0"",""frecuencia"":1},{""valor"":""649757148.0"",""frecuencia"":1},{""valor"":""36686784.0"",""frecuencia"":1}]","[{""valor"":""10175214.0"",""frecuencia"":1},{""valor"":""1022731692.0"",""frecuencia"":1},{""valor"":""102538451.0"",""frecuencia"":1},{""valor"":""10283822.0"",""frecuencia"":1},{""valor"":""103740765.0"",""frecuencia"":1}]"
fuente1,data/raw/fuente1/clean/populations.csv,populations.csv,2019,62,float64,266,265,1,0.3759,263,98.8722,7,12,10956.0,7742724795.0,"[{""valor"":""1861598514.0"",""frecuencia"":2},{""valor"":""1121549049.0"",""frecuencia"":2},{""valor"":""106442.0"",""frecuencia"":1},{""valor"":""667242986.0"",""frecuencia"":1},{""valor"":""37769499.0"",""frecuencia"":1}]","[{""valor"":""10024283.0"",""frecuencia"":1},{""valor"":""102398537.0"",""frecuencia"":1},{""valor"":""10278887.0"",""frecuencia"":1},{""valor"":""10286263.0"",""frecuencia"":1},{""valor"":""10447666.0"",""frecuencia"":1}]"
fuente1,data/raw/fuente1/clean/populations.csv,populations.csv,2020,63,float64,266,265,1,0.3759,263,98.8722,7,12,11069.0,7821271846.0,"[{""valor"":""1882531620.0"",""frecuencia"":2},{""valor"":""1151302081.0"",""frecuencia"":2},{""valor"":""106585.0"",""frecuencia"":1},{""valor"":""685112979.0"",""frecuencia"":1},{""valor"":""38972230.0"",""frecuencia"":1}]","[{""valor"":""10093121.0"",""frecuencia"":1},{""valor"":""10121763.0"",""frecuencia"":1},{""valor"":""102180124.0"",""frecuencia"":1},{""valor"":""10297081.0"",""frecuencia"":1},{""valor"":""10353442.0"",""frecuencia"":1}]"
fuente1,data/raw/fuente1/clean/populations.csv,populations.csv,2021,64,float64,266,265,1,0.3759,263,98.8722,7,12,11204.0,7888963821.0,"[{""valor"":""1901911604.0"",""frecuencia"":2},{""valor"":""1181163013.0"",""frecuencia"":2},{""valor"":""106537.0"",""frecuencia"":1},{""valor"":""702977106.0"",""frecuencia"":1},{""valor"":""40099462.0"",""frecuencia"":1}]","[{""valor"":""1001870564.0"",""frecuencia"":1},{""valor"":""1011043183.0"",""frecuencia"":1},{""valor"":""10137750.0"",""frecuencia"":1},{""valor"":""101413157.0"",""frecuencia"":1},{""valor"":""10278345.0"",""frecuencia"":1}]"
fuente1,data/raw/fuente1/clean/populations.csv,populations.csv,2022,65,float64,266,265,1,0.3759,263,98.8722,7,12,11312.0,7951595433.0,"[{""valor"":""1919348000.0"",""frecuencia"":2},{""valor"":""1211190002.0"",""frecuencia"":2},{""valor"":""106445.0"",""frecuencia"":1},{""valor"":""720859132.0"",""frecuencia"":1},{""valor"":""41128771.0"",""frecuencia"":1}]","[{""valor"":""100108262.0"",""frecuencia"":1},{""valor"":""10141756.0"",""frecuencia"":1},{""valor"":""10142619.0"",""frecuencia"":1},{""valor"":""1019145355.0"",""frecuencia"":1},{""valor"":""1038012552.0"",""frecuencia"":1}]"
fuente1,data/raw/fuente1/clean/populations.csv,populations.csv,2023,66,float64,266,265,1,0.3759,263,98.8722,7,12,11396.0,8024997028.0,"[{""valor"":""1938549529.0"",""frecuencia"":2},{""valor"":""1241897817.0"",""frecuencia"":2},{""valor"":""106277.0"",""frecuencia"":1},{""valor"":""739108306.0"",""frecuencia"":1},{""valor"":""42239854.0"",""frecuencia"":1}]","[{""valor"":""100156608.0"",""frecuencia"":1},{""valor"":""10112555.0"",""frecuencia"":1},{""valor"":""10143543.0"",""frecuencia"":1},{""valor"":""102262808.0"",""frecuencia"":1},{""valor"":""10329931.0"",""frecuencia"":1}]"
fuente1,data/raw/fuente1/clean/results.csv,results.csv,year,1,float64,308408,305807,2601,0.8434,37,0.012,6,6,1896.0,2022.0,"[{""valor"":""2020.0"",""frecuencia"":17939},{""valor"":""1992.0"",""frecuencia"":16632},{""valor"":""1988.0"",""frecuencia"":15177},{""valor"":""2016.0"",""frecuencia"":14026},{""valor"":""2000.0"",""frecuencia"":13907}]","[{""valor"":""1896.0"",""frecuencia"":562},{""valor"":""1904.0"",""frecuencia"":1895},{""valor"":""1900.0"",""frecuencia"":2395},{""valor"":""1932.0"",""frecuencia"":2655},{""valor"":""1994.0"",""frecuencia"":3205}]"
fuente1,data/raw/fuente1/clean/results.csv,results.csv,type,2,str,308408,305807,2601,0.8434,2,0.0006,6,6,,,"[{""valor"":""Summer"",""frecuencia"":241298},{""valor"":""Winter"",""frecuencia"":64509}]","[{""valor"":""Winter"",""frecuencia"":64509},{""valor"":""Summer"",""frecuencia"":241298}]"
fuente1,data/raw/fuente1/clean/results.csv,results.csv,discipline,3,str,308408,308407,1,0.0003,93,0.0302,4,35,,,"[{""valor"":""Athletics"",""frecuencia"":45916},{""valor"":""Artistic Gymnastics (Gymnastics)"",""frecuencia"":27721},{""valor"":""Swimming (Aquatics)"",""frecuencia"":26526},{""valor"":""Fencing"",""frecuencia"":12156},{""valor"":""Shooting"",""frecuencia"":12029}]","[{""valor"":""Australian Rules Football"",""frecuencia"":1},{""valor"":""Bandy"",""frecuencia"":1},{""valor"":""Bicycle Polo (Cycling)"",""frecuencia"":1},{""valor"":""Glíma"",""frecuencia"":1},{""valor"":""Roller Skating (Roller Sports)"",""frecuencia"":1}]"
fuente1,data/raw/fuente1/clean/results.csv,results.csv,event,4,str,308408,308408,0,0.0,1191,0.3862,4,157,,,"[{""valor"":""Football, Men (Olympic)"",""frecuencia"":6135},{""valor"":""Ice Hockey, Men (Olympic)"",""frecuencia"":5345},{""valor"":""Hockey, Men (Olympic)"",""frecuencia"":4271},{""valor"":""Individual, Men (Olympic)"",""frecuencia"":3830},{""valor"":""Water Polo, Men (Olympic)"",""frecuencia"":3585}]","[{""valor"":""1 mile, Team, Handicap, Men (Olympic (non-medal))"",""frecuencia"":1},{""valor"":""100 metres, Professionals, Handicap, Men (Olympic (non-medal))"",""frecuencia"":1},{""valor"":""100 metres, Professionals, Men (Olympic (non-medal))"",""frecuencia"":1},{""valor"":""110 metres Hurdles, Professionals, Men (Olympic (non-medal))"",""frecuencia"":1},{""valor"":""120 yards Hurdles, Boys (Olympic (non-medal))"",""frecuencia"":1}]"
fuente1,data/raw/fuente1/clean/results.csv,results.csv,as,5,str,308408,308408,0,0.0,144005,46.693,2,49,,,"[{""valor"":""Heikki Savolainen"",""frecuencia"":39},{""valor"":""Josy Stoffel"",""frecuencia"":38},{""valor"":""Ioannis Theofilakis"",""frecuencia"":37},{""valor"":""Eric Lemming"",""frecuencia"":34},{""valor"":""Takashi Ono"",""frecuencia"":33}]","[{""valor"":""A Lamusi"",""frecuencia"":1},{""valor"":""A'ja Wilson"",""frecuencia"":1},{""valor"":""A. Adam"",""frecuencia"":1},{""valor"":""A. Albert"",""frecuencia"":1},{""valor"":""A. C. Gilbert"",""frecuencia"":1}]"
fuente1,data/raw/fuente1/clean/results.csv,results.csv,athlete_id,6,int64,308408,308408,0,0.0,145262,47.1006,1,6,1,148986,"[{""valor"":""29833"",""frecuencia"":39},{""valor"":""30697"",""frecuencia"":38},{""valor"":""42673"",""frecuencia"":37},{""valor"":""76253"",""frecuencia"":34},{""valor"":""42672"",""frecuencia"":33}]","[{""valor"":""10001"",""frecuencia"":1},{""valor"":""100024"",""frecuencia"":1},{""valor"":""100027"",""frecuencia"":1},{""valor"":""10005"",""frecuencia"":1},{""valor"":""100051"",""frecuencia"":1}]"
fuente1,data/raw/fuente1/clean/results.csv,results.csv,noc,7,str,308408,308407,1,0.0003,230,0.0746,3,3,,,"[{""valor"":""USA"",""frecuencia"":21353},{""valor"":""FRA"",""frecuencia"":14276},{""valor"":""GBR"",""frecuencia"":13170},{""valor"":""ITA"",""frecuencia"":12129},{""valor"":""CAN"",""frecuencia"":11455}]","[{""valor"":""NBO"",""frecuencia"":3},{""valor"":""SSD"",""frecuencia"":5},{""valor"":""YMD"",""frecuencia"":5},{""valor"":""TUV"",""frecuencia"":9},{""valor"":""YAR"",""frecuencia"":12}]"
fuente1,data/raw/fuente1/clean/results.csv,results.csv,team,8,str,308408,121714,186694,60.5347,19413,6.2946,1,56,,,"[{""valor"":""United States"",""frecuencia"":6149},{""valor"":""Italy"",""frecuencia"":4065},{""valor"":""France"",""frecuencia"":3911},{""valor"":""Great Britain"",""frecuencia"":3634},{""valor"":""Canada"",""frecuencia"":3607}]","[{""valor"":""'t Soulaiky"",""frecuencia"":1},{""valor"":""'t Soulaiky / Belgium"",""frecuencia"":1},{""valor"":""3 Magic Beans / United States"",""frecuencia"":1},{""valor"":""5000"",""frecuencia"":1},{""valor"":""A Little Bit"",""frecuencia"":1}]"
fuente1,data/raw/fuente1/clean/results.csv,results.csv,place,9,float64,308408,283193,25215,8.1759,185,0.06,3,5,1.0,185.0,"[{""valor"":""5.0"",""frecuencia"":21693},{""valor"":""3.0"",""frecuencia"":18503},{""valor"":""4.0"",""frecuencia"":17774},{""valor"":""2.0"",""frecuencia"":17718},{""valor"":""1.0"",""frecuencia"":16719}]","[{""valor"":""138.0"",""frecuencia"":5},{""valor"":""139.0"",""frecuencia"":5},{""valor"":""141.0"",""frecuencia"":5},{""valor"":""143.0"",""frecuencia"":5},{""valor"":""149.0"",""frecuencia"":5}]"
fuente1,data/raw/fuente1/clean/results.csv,results.csv,tied,10,bool,308408,308408,0,0.0,2,0.0006,4,5,False,True,"[{""valor"":""False"",""frecuencia"":262468},{""valor"":""True"",""frecuencia"":45940}]","[{""valor"":""True"",""frecuencia"":45940},{""valor"":""False"",""frecuencia"":262468}]"
fuente1,data/raw/fuente1/clean/results.csv,results.csv,medal,11,str,308408,44139,264269,85.6881,3,0.001,4,6,,,"[{""valor"":""Bronze"",""frecuencia"":14810},{""valor"":""Gold"",""frecuencia"":14783},{""valor"":""Silver"",""frecuencia"":14546}]","[{""valor"":""Silver"",""frecuencia"":14546},{""valor"":""Gold"",""frecuencia"":14783},{""valor"":""Bronze"",""frecuencia"":14810}]"
fuente1,data/raw/fuente1/raw/bios.csv,bios.csv,Roles,1,str,145500,145500,0,0.0,70,0.0481,1,119,,,"[{""valor"":""Competed in Olympic Games"",""frecuencia"":134613},{""valor"":""Competed in Olympic Games • Other"",""frecuencia"":3814},{""valor"":""Competed in Youth Olympic Games"",""frecuencia"":1679},{""valor"":""Competed in Olympic Games • Non-starter"",""frecuencia"":1540},{""valor"":""Competed in Olympic Games • Competed in Youth Olympic Games"",""frecuencia"":826}]","[{""valor"":""Competed in Intercalated Games • Non-starter • Administrator"",""frecuencia"":1},{""valor"":""Competed in Intercalated Games • Other"",""frecuencia"":1},{""valor"":""Competed in Intercalated Games • Other • Administrator"",""frecuencia"":1},{""valor"":""Competed in Olympic Games • Coach • Administrator"",""frecuencia"":1},{""valor"":""Competed in Olympic Games • Coach • Referee • Administrator"",""frecuencia"":1}]"
fuente1,data/raw/fuente1/raw/bios.csv,bios.csv,Sex,2,str,145500,145500,0,0.0,2,0.0014,4,6,,,"[{""valor"":""Male"",""frecuencia"":106325},{""valor"":""Female"",""frecuencia"":39175}]","[{""valor"":""Female"",""frecuencia"":39175},{""valor"":""Male"",""frecuencia"":106325}]"
fuente1,data/raw/fuente1/raw/bios.csv,bios.csv,Full name,3,str,145500,145500,0,0.0,144663,99.4247,3,108,,,"[{""valor"":""Wang•Nan"",""frecuencia"":6},{""valor"":""Wang•Ying"",""frecuencia"":5},{""valor"":""Kim•Seong-Eun"",""frecuencia"":5},{""valor"":""László•Szabó"",""frecuencia"":5},{""valor"":""Wolfgang•Müller"",""frecuencia"":5}]","[{""valor"":""A'ja Riyadh•Wilson"",""frecuencia"":1},{""valor"":""A. Aanantha Sambu•Mayavo"",""frecuencia"":1},{""valor"":""A. Charles•Six"",""frecuencia"":1},{""valor"":""A. E.•Page"",""frecuencia"":1},{""valor"":""A. Enrique•Guedes Hernández"",""frecuencia"":1}]"
fuente1,data/raw/fuente1/raw/bios.csv,bios.csv,Used name,4,str,145500,145500,0,0.0,142780,98.1306,3,49,,,"[{""valor"":""Ivan•Ivanov"",""frecuencia"":13},{""valor"":""José•González"",""frecuencia"":9},{""valor"":""Luis•López"",""frecuencia"":9},{""valor"":""José•Pérez"",""frecuencia"":8},{""valor"":""Luis•González"",""frecuencia"":7}]","[{""valor"":""A J•Kitt"",""frecuencia"":1},{""valor"":""A'ja•Wilson"",""frecuencia"":1},{""valor"":""A. C.•Gilbert"",""frecuencia"":1},{""valor"":""A. D.•Franch"",""frecuencia"":1},{""valor"":""A. E.•Page"",""frecuencia"":1}]"
fuente1,data/raw/fuente1/raw/bios.csv,bios.csv,Born,5,str,145500,143772,1728,1.1876,135475,93.11,4,98,,,"[{""valor"":""1931"",""frecuencia"":30},{""valor"":""1898"",""frecuencia"":29},{""valor"":""1903"",""frecuencia"":27},{""valor"":""1902"",""frecuencia"":24},{""valor"":""1900"",""frecuencia"":24}]","[{""valor"":""(1926 or 1927)"",""frecuencia"":1},{""valor"":""(c. 1915)"",""frecuencia"":1},{""valor"":""(c. 1929)"",""frecuencia"":1},{""valor"":""(circa 1897)"",""frecuencia"":1},{""valor"":""(circa 1902)"",""frecuencia"":1}]"
fuente1,data/raw/fuente1/raw/bios.csv,bios.csv,Died,6,str,145500,34042,111458,76.6034,32654,22.4426,4,97,,,"[{""valor"":""(Deceased, details unknown)"",""frecuencia"":42},{""valor"":""1996"",""frecuencia"":21},{""valor"":""2008"",""frecuencia"":20},{""valor"":""2002"",""frecuencia"":19},{""valor"":""1990"",""frecuencia"":19}]","[{""valor"":""(Around 1937)"",""frecuencia"":1},{""valor"":""(Around 1997)"",""frecuencia"":1},{""valor"":""(Around 2006)"",""frecuencia"":1},{""valor"":""(Around 2009)"",""frecuencia"":1},{""valor"":""(At the age of 62)"",""frecuencia"":1}]"
fuente1,data/raw/fuente1/raw/bios.csv,bios.csv,NOC,7,str,145500,145499,1,0.0007,696,0.4784,3,75,,,"[{""valor"":""United States"",""frecuencia"":10114},{""valor"":""Great Britain"",""frecuencia"":6421},{""valor"":""France"",""frecuencia"":6339},{""valor"":""Canada"",""frecuencia"":5276},{""valor"":""Italy"",""frecuencia"":5189}]","[{""valor"":""Albania Australia"",""frecuencia"":1},{""valor"":""Albania Bulgaria"",""frecuencia"":1},{""valor"":""Albania Greece"",""frecuencia"":1},{""valor"":""Albania Kosovo"",""frecuencia"":1},{""valor"":""Albania United States"",""frecuencia"":1}]"
fuente1,data/raw/fuente1/raw/bios.csv,bios.csv,athlete_id,8,int64,145500,145500,0,0.0,145500,100.0,1,6,1,149814,"[{""valor"":""1"",""frecuencia"":1},{""valor"":""2"",""frecuencia"":1},{""valor"":""3"",""frecuencia"":1},{""valor"":""4"",""frecuencia"":1},{""valor"":""5"",""frecuencia"":1}]","[{""valor"":""1"",""frecuencia"":1},{""valor"":""10"",""frecuencia"":1},{""valor"":""100"",""frecuencia"":1},{""valor"":""1000"",""frecuencia"":1},{""valor"":""10000"",""frecuencia"":1}]"
fuente1,data/raw/fuente1/raw/bios.csv,bios.csv,Measurements,9,str,145500,107833,37667,25.888,4658,3.2014,5,20,,,"[{""valor"":""180 cm / 75 kg"",""frecuencia"":556},{""valor"":""180 cm / 70 kg"",""frecuencia"":487},{""valor"":""170 cm / 60 kg"",""frecuencia"":464},{""valor"":""175 cm / 70 kg"",""frecuencia"":462},{""valor"":""178 cm / 70 kg"",""frecuencia"":439}]","[{""valor"":""100, 107 kg"",""frecuencia"":1},{""valor"":""101 kg"",""frecuencia"":1},{""valor"":""102 kg"",""frecuencia"":1},{""valor"":""102, 103 kg"",""frecuencia"":1},{""valor"":""108, 109 kg"",""frecuencia"":1}]"
fuente1,data/raw/fuente1/raw/bios.csv,bios.csv,Affiliations,10,str,145500,95832,49668,34.1361,40559,27.8756,2,174,,,"[{""valor"":""CSKA Moskva, Moskva (RUS)"",""frecuencia"":337},{""valor"":""Dynamo Moskva, Moskva (RUS)"",""frecuencia"":333},{""valor"":""NYAC, New York (USA)"",""frecuencia"":262},{""valor"":""US Army, (USA)"",""frecuencia"":250},{""valor"":""BHSE, Budapest (HUN)"",""frecuencia"":226}]","[{""valor"":""\""Anorthosis\"", Famagusta"",""frecuencia"":1},{""valor"":""\""Leader\"", Kyiv (UKR)"",""frecuencia"":1},{""valor"":""\""SPARS\"", Ventspils (LAT)"",""frecuencia"":1},{""valor"":""'34 Nomads Cycling Club"",""frecuencia"":1},{""valor"":""'t Tolhekke Steenwijkerwold"",""frecuencia"":1}]"
fuente1,data/raw/fuente1/raw/bios.csv,bios.csv,Nick/petnames,11,str,145500,9145,136355,93.7148,7350,5.0515,1,241,,,"[{""valor"":""Pena"",""frecuencia"":15},{""valor"":""Sasha"",""frecuencia"":15},{""valor"":""Jussi"",""frecuencia"":14},{""valor"":""Red"",""frecuencia"":12},{""valor"":""Olli"",""frecuencia"":12}]","[{""valor"":""\""Al Rus ad Celli\"" Il rosso di Cesare"",""frecuencia"":1},{""valor"":""\""Der Blitz von Kitz\"", Tonai"",""frecuencia"":1},{""valor"":""\""Johnny\"""",""frecuencia"":1},{""valor"":""$imoney"",""frecuencia"":1},{""valor"":""10 Speed"",""frecuencia"":1}]"
fuente1,data/raw/fuente1/raw/bios.csv,bios.csv,Title(s),12,str,145500,399,145101,99.7258,168,0.1155,1,1518,,,"[{""valor"":""Sir"",""frecuencia"":49},{""valor"":""Comte (Count)"",""frecuencia"":38},{""valor"":""Baron"",""frecuencia"":35},{""valor"":""Jonkheer"",""frecuencia"":16},{""valor"":""Datuk"",""frecuencia"":15}]","[{""valor"":""11th Earl of Northesk, Baron Rosehill, Baron Inglismaldie"",""frecuencia"":1},{""valor"":""12. Marqués (Marquis) de San Damián"",""frecuencia"":1},{""valor"":""13th Earl of Stair"",""frecuencia"":1},{""valor"":""14º Conde (Count) de São Lourenço, 12º Conde (Count) de Sabugosa"",""frecuencia"":1},{""valor"":""19ème Prince de Caraman-Chimay"",""frecuencia"":1}]"
fuente1,data/raw/fuente1/raw/bios.csv,bios.csv,Other names,13,str,145500,7167,138333,95.0742,7098,4.8784,2,180,,,"[{""valor"":""Kim Mi-Jung"",""frecuencia"":4},{""valor"":""Lee Eun-Kyung"",""frecuencia"":3},{""valor"":""Kim Sung-Eun"",""frecuencia"":3},{""valor"":""Kim Young-Hee"",""frecuencia"":3},{""valor"":""Kim Eun-Hee"",""frecuencia"":3}]","[{""valor"":""\""Irish\"" Tom Collins"",""frecuencia"":1},{""valor"":""Aavo Nikolayevich Pikkuus, Ааво Николаевич Пиккуус"",""frecuencia"":1},{""valor"":""Abdelkader Raïss"",""frecuencia"":1},{""valor"":""Abdelrahman Elgamal"",""frecuencia"":1},{""valor"":""Abdi Fatah"",""frecuencia"":1}]"
fuente1,data/raw/fuente1/raw/bios.csv,bios.csv,Nationality,14,str,145500,8259,137241,94.3237,94,0.0646,4,37,,,"[{""valor"":""Russian Federation"",""frecuencia"":2104},{""valor"":""Czechia"",""frecuencia"":1710},{""valor"":""West Germany"",""frecuencia"":714},{""valor"":""Serbia"",""frecuencia"":471},{""valor"":""Ukraine"",""frecuencia"":468}]","[{""valor"":""Andorra"",""frecuencia"":1},{""valor"":""Brazil"",""frecuencia"":1},{""valor"":""Chad"",""frecuencia"":1},{""valor"":""Chinese Taipei"",""frecuencia"":1},{""valor"":""Colombia"",""frecuencia"":1}]"
fuente1,data/raw/fuente1/raw/bios.csv,bios.csv,Original name,15,str,145500,30739,114761,78.8735,30417,20.9052,2,64,,,"[{""valor"":""김•성은"",""frecuencia"":5},{""valor"":""李•洋"",""frecuencia"":5},{""valor"":""王•楠"",""frecuencia"":5},{""valor"":""김•경애"",""frecuencia"":4},{""valor"":""김•미정"",""frecuencia"":4}]","[{""valor"":""\""محمد علي \""فهمي•\""عبدالكريم \""الجهيني"",""frecuencia"":1},{""valor"":""Aлександар•Aтанацковић"",""frecuencia"":1},{""valor"":""Aлександар•Козлина"",""frecuencia"":1},{""valor"":""Aнна Викторовна•Кулькина"",""frecuencia"":1},{""valor"":""Iван Аляксандравіч•Іванкоў"",""frecuencia"":1}]"
fuente1,data/raw/fuente1/raw/bios.csv,bios.csv,Name order,16,str,145500,7844,137656,94.6089,1,0.0007,8,8,,,"[{""valor"":""Oriental"",""frecuencia"":7844}]","[{""valor"":""Oriental"",""frecuencia"":7844}]"
fuente1,data/raw/fuente1/raw/results.csv,results.csv,Games,1,str,308408,308408,0,0.0,62,0.0201,20,28,,,"[{""valor"":""2020 Summer Olympics"",""frecuencia"":13951},{""valor"":""2000 Summer Olympics"",""frecuencia"":13907},{""valor"":""1996 Summer Olympics"",""frecuencia"":13880},{""valor"":""2016 Summer Olympics"",""frecuencia"":13742},{""valor"":""2008 Summer Olympics"",""frecuencia"":13708}]","[{""valor"":""1888-89 Zappas Olympic Games"",""frecuencia"":1},{""valor"":""2018 Summer Youth Olympics"",""frecuencia"":47},{""valor"":""2016 Winter Youth Olympics"",""frecuencia"":284},{""valor"":""1956 Equestrian Olympics"",""frecuencia"":300},{""valor"":""2012 Winter Youth Olympics"",""frecuencia"":412}]"
fuente1,data/raw/fuente1/raw/results.csv,results.csv,Event,2,str,308408,308408,0,0.0,1191,0.3862,4,157,,,"[{""valor"":""Football, Men (Olympic)"",""frecuencia"":6135},{""valor"":""Ice Hockey, Men (Olympic)"",""frecuencia"":5345},{""valor"":""Hockey, Men (Olympic)"",""frecuencia"":4271},{""valor"":""Individual, Men (Olympic)"",""frecuencia"":3830},{""valor"":""Water Polo, Men (Olympic)"",""frecuencia"":3585}]","[{""valor"":""1 mile, Team, Handicap, Men (Olympic (non-medal))"",""frecuencia"":1},{""valor"":""100 metres, Professionals, Handicap, Men (Olympic (non-medal))"",""frecuencia"":1},{""valor"":""100 metres, Professionals, Men (Olympic (non-medal))"",""frecuencia"":1},{""valor"":""110 metres Hurdles, Professionals, Men (Olympic (non-medal))"",""frecuencia"":1},{""valor"":""120 yards Hurdles, Boys (Olympic (non-medal))"",""frecuencia"":1}]"
fuente1,data/raw/fuente1/raw/results.csv,results.csv,Team,3,str,308408,121714,186694,60.5347,19413,6.2946,1,56,,,"[{""valor"":""United States"",""frecuencia"":6149},{""valor"":""Italy"",""frecuencia"":4065},{""valor"":""France"",""frecuencia"":3911},{""valor"":""Great Britain"",""frecuencia"":3634},{""valor"":""Canada"",""frecuencia"":3607}]","[{""valor"":""'t Soulaiky"",""frecuencia"":1},{""valor"":""'t Soulaiky / Belgium"",""frecuencia"":1},{""valor"":""3 Magic Beans / United States"",""frecuencia"":1},{""valor"":""5000"",""frecuencia"":1},{""valor"":""A Little Bit"",""frecuencia"":1}]"
fuente1,data/raw/fuente1/raw/results.csv,results.csv,Pos,4,str,308408,306583,1825,0.5917,2568,0.8327,1,11,,,"[{""valor"":""1.0"",""frecuencia"":11166},{""valor"":""2.0"",""frecuencia"":10648},{""valor"":""3.0"",""frecuencia"":9733},{""valor"":""4.0"",""frecuencia"":9341},{""valor"":""DNS"",""frecuencia"":8837}]","[{""valor"":""1 h1 r2/3"",""frecuencia"":1},{""valor"":""1 h11 r1/3"",""frecuencia"":1},{""valor"":""1 h12 r1/4"",""frecuencia"":1},{""valor"":""1 h6 r1/3"",""frecuencia"":1},{""valor"":""1 h7 r1/3"",""frecuencia"":1}]"
fuente1,data/raw/fuente1/raw/results.csv,results.csv,Medal,5,str,308408,44139,264269,85.6881,3,0.001,4,6,,,"[{""valor"":""Bronze"",""frecuencia"":14810},{""valor"":""Gold"",""frecuencia"":14783},{""valor"":""Silver"",""frecuencia"":14546}]","[{""valor"":""Silver"",""frecuencia"":14546},{""valor"":""Gold"",""frecuencia"":14783},{""valor"":""Bronze"",""frecuencia"":14810}]"
fuente1,data/raw/fuente1/raw/results.csv,results.csv,As,6,str,308408,308408,0,0.0,144005,46.693,2,49,,,"[{""valor"":""Heikki Savolainen"",""frecuencia"":39},{""valor"":""Josy Stoffel"",""frecuencia"":38},{""valor"":""Ioannis Theofilakis"",""frecuencia"":37},{""valor"":""Eric Lemming"",""frecuencia"":34},{""valor"":""Takashi Ono"",""frecuencia"":33}]","[{""valor"":""A Lamusi"",""frecuencia"":1},{""valor"":""A'ja Wilson"",""frecuencia"":1},{""valor"":""A. Adam"",""frecuencia"":1},{""valor"":""A. Albert"",""frecuencia"":1},{""valor"":""A. C. Gilbert"",""frecuencia"":1}]"
fuente1,data/raw/fuente1/raw/results.csv,results.csv,athlete_id,7,int64,308408,308408,0,0.0,145262,47.1006,1,6,1,148986,"[{""valor"":""29833"",""frecuencia"":39},{""valor"":""30697"",""frecuencia"":38},{""valor"":""42673"",""frecuencia"":37},{""valor"":""76253"",""frecuencia"":34},{""valor"":""42672"",""frecuencia"":33}]","[{""valor"":""10001"",""frecuencia"":1},{""valor"":""100024"",""frecuencia"":1},{""valor"":""100027"",""frecuencia"":1},{""valor"":""10005"",""frecuencia"":1},{""valor"":""100051"",""frecuencia"":1}]"
fuente1,data/raw/fuente1/raw/results.csv,results.csv,NOC,8,str,308408,308407,1,0.0003,230,0.0746,3,3,,,"[{""valor"":""USA"",""frecuencia"":21353},{""valor"":""FRA"",""frecuencia"":14276},{""valor"":""GBR"",""frecuencia"":13170},{""valor"":""ITA"",""frecuencia"":12129},{""valor"":""CAN"",""frecuencia"":11455}]","[{""valor"":""NBO"",""frecuencia"":3},{""valor"":""SSD"",""frecuencia"":5},{""valor"":""YMD"",""frecuencia"":5},{""valor"":""TUV"",""frecuencia"":9},{""valor"":""YAR"",""frecuencia"":12}]"
fuente1,data/raw/fuente1/raw/results.csv,results.csv,Discipline,9,str,308408,308407,1,0.0003,93,0.0302,4,35,,,"[{""valor"":""Athletics"",""frecuencia"":45916},{""valor"":""Artistic Gymnastics (Gymnastics)"",""frecuencia"":27721},{""valor"":""Swimming (Aquatics)"",""frecuencia"":26526},{""valor"":""Fencing"",""frecuencia"":12156},{""valor"":""Shooting"",""frecuencia"":12029}]","[{""valor"":""Australian Rules Football"",""frecuencia"":1},{""valor"":""Bandy"",""frecuencia"":1},{""valor"":""Bicycle Polo (Cycling)"",""frecuencia"":1},{""valor"":""Glíma"",""frecuencia"":1},{""valor"":""Roller Skating (Roller Sports)"",""frecuencia"":1}]"
fuente1,data/raw/fuente1/raw/results.csv,results.csv,Nationality,10,str,308408,81,308327,99.9737,20,0.0065,3,3,,,"[{""valor"":""CZE"",""frecuencia"":35},{""valor"":""FRG"",""frecuencia"":9},{""valor"":""RUS"",""frecuencia"":8},{""valor"":""AUS"",""frecuencia"":4},{""valor"":""SLO"",""frecuencia"":3}]","[{""valor"":""BEL"",""frecuencia"":1},{""valor"":""CRO"",""frecuencia"":1},{""valor"":""FRA"",""frecuencia"":1},{""valor"":""GDR"",""frecuencia"":1},{""valor"":""GRE"",""frecuencia"":1}]"
fuente1,data/raw/fuente1/raw/results.csv,results.csv,Unnamed: 7,11,float64,308408,0,308408,100.0,0,0.0,,,,,[],[]
fuente2,data/raw/fuente2/athlete_events.csv,athlete_events.csv,ID,1,int64,271116,271116,0,0.0,135571,50.0048,1,6,1,135571,"[{""valor"":""77710"",""frecuencia"":58},{""valor"":""106296"",""frecuencia"":39},{""valor"":""115354"",""frecuencia"":38},{""valor"":""119591"",""frecuencia"":36},{""valor"":""44875"",""frecuencia"":32}]","[{""valor"":""1"",""frecuencia"":1},{""valor"":""10"",""frecuencia"":1},{""valor"":""1000"",""frecuencia"":1},{""valor"":""10000"",""frecuencia"":1},{""valor"":""100000"",""frecuencia"":1}]"
fuente2,data/raw/fuente2/athlete_events.csv,athlete_events.csv,Name,2,str,271116,271116,0,0.0,134732,49.6953,2,108,,,"[{""valor"":""Robert Tait McKenzie"",""frecuencia"":58},{""valor"":""Heikki Ilmari Savolainen"",""frecuencia"":39},{""valor"":""Joseph \""Josy\"" Stoffel"",""frecuencia"":38},{""valor"":""Ioannis Theofilakis"",""frecuencia"":36},{""valor"":""Takashi Ono"",""frecuencia"":33}]","[{""valor"":""  Gabrielle Marie \""Gabby\"" Adcock (White-)"",""frecuencia"":1},{""valor"":"" Jean Hauptmanns"",""frecuencia"":1},{""valor"":"" Th Anh"",""frecuencia"":1},{""valor"":"" Tin Tun"",""frecuencia"":1},{""valor"":""A Dijiang"",""frecuencia"":1}]"
fuente2,data/raw/fuente2/athlete_events.csv,athlete_events.csv,Sex,3,str,271116,271116,0,0.0,2,0.0007,1,1,,,"[{""valor"":""M"",""frecuencia"":196594},{""valor"":""F"",""frecuencia"":74522}]","[{""valor"":""F"",""frecuencia"":74522},{""valor"":""M"",""frecuencia"":196594}]"
fuente2,data/raw/fuente2/athlete_events.csv,athlete_events.csv,Age,4,float64,271116,261642,9474,3.4944,74,0.0273,2,2,10.0,97.0,"[{""valor"":""23"",""frecuencia"":21875},{""valor"":""24"",""frecuencia"":21720},{""valor"":""22"",""frecuencia"":20814},{""valor"":""25"",""frecuencia"":19707},{""valor"":""21"",""frecuencia"":19164}]","[{""valor"":""10"",""frecuencia"":1},{""valor"":""84"",""frecuencia"":1},{""valor"":""96"",""frecuencia"":1},{""valor"":""97"",""frecuencia"":1},{""valor"":""77"",""frecuencia"":2}]"
fuente2,data/raw/fuente2/athlete_events.csv,athlete_events.csv,Height,5,float64,271116,210945,60171,22.1938,95,0.035,2,3,127.0,226.0,"[{""valor"":""NA"",""frecuencia"":60171},{""valor"":""180"",""frecuencia"":12492},{""valor"":""170"",""frecuencia"":11976},{""valor"":""178"",""frecuencia"":10708},{""valor"":""175"",""frecuencia"":10320}]","[{""valor"":""128"",""frecuencia"":1},{""valor"":""130"",""frecuencia"":2},{""valor"":""131"",""frecuencia"":2},{""valor"":""219"",""frecuencia"":2},{""valor"":""226"",""frecuencia"":3}]"
fuente2,data/raw/fuente2/athlete_events.csv,athlete_events.csv,Weight,6,float64,271116,208241,62875,23.1912,220,0.0811,2,16,25.0,214.0,"[{""valor"":""NA"",""frecuencia"":62875},{""valor"":""70"",""frecuencia"":9625},{""valor"":""60"",""frecuencia"":7994},{""valor"":""75"",""frecuencia"":7810},{""valor"":""68"",""frecuencia"":7284}]","[{""valor"":""149"",""frecuencia"":1},{""valor"":""151"",""frecuencia"":1},{""valor"":""175"",""frecuencia"":1},{""valor"":""178"",""frecuencia"":1},{""valor"":""180"",""frecuencia"":1}]"
fuente2,data/raw/fuente2/athlete_events.csv,athlete_events.csv,Team,7,str,271116,271116,0,0.0,1184,0.4367,2,47,,,"[{""valor"":""United States"",""frecuencia"":17847},{""valor"":""France"",""frecuencia"":11988},{""valor"":""Great Britain"",""frecuencia"":11404},{""valor"":""Italy"",""frecuencia"":10260},{""valor"":""Germany"",""frecuencia"":9326}]","[{""valor"":""Alcyon-6"",""frecuencia"":1},{""valor"":""Angerburg"",""frecuencia"":1},{""valor"":""Ariette-8"",""frecuencia"":1},{""valor"":""Augsburg"",""frecuencia"":1},{""valor"":""Baby-9"",""frecuencia"":1}]"
fuente2,data/raw/fuente2/athlete_events.csv,athlete_events.csv,NOC,8,str,271116,271116,0,0.0,230,0.0848,3,3,,,"[{""valor"":""USA"",""frecuencia"":18853},{""valor"":""FRA"",""frecuencia"":12758},{""valor"":""GBR"",""frecuencia"":12256},{""valor"":""ITA"",""frecuencia"":10715},{""valor"":""GER"",""frecuencia"":9830}]","[{""valor"":""NFL"",""frecuencia"":1},{""valor"":""NBO"",""frecuencia"":2},{""valor"":""UNK"",""frecuencia"":2},{""valor"":""SSD"",""frecuencia"":3},{""valor"":""YMD"",""frecuencia"":5}]"
fuente2,data/raw/fuente2/athlete_events.csv,athlete_events.csv,Games,9,str,271116,271116,0,0.0,51,0.0188,11,11,,,"[{""valor"":""2000 Summer"",""frecuencia"":13821},{""valor"":""1996 Summer"",""frecuencia"":13780},{""valor"":""2016 Summer"",""frecuencia"":13688},{""valor"":""2008 Summer"",""frecuencia"":13602},{""valor"":""2004 Summer"",""frecuencia"":13443}]","[{""valor"":""1932 Winter"",""frecuencia"":352},{""valor"":""1896 Summer"",""frecuencia"":380},{""valor"":""1924 Winter"",""frecuencia"":460},{""valor"":""1928 Winter"",""frecuencia"":582},{""valor"":""1936 Winter"",""frecuencia"":895}]"
fuente2,data/raw/fuente2/athlete_events.csv,athlete_events.csv,Year,10,int64,271116,271116,0,0.0,35,0.0129,4,4,1896,2016,"[{""valor"":""1992"",""frecuencia"":16413},{""valor"":""1988"",""frecuencia"":14676},{""valor"":""2000"",""frecuencia"":13821},{""valor"":""1996"",""frecuencia"":13780},{""valor"":""2016"",""frecuencia"":13688}]","[{""valor"":""1896"",""frecuencia"":380},{""valor"":""1904"",""frecuencia"":1301},{""valor"":""1906"",""frecuencia"":1733},{""valor"":""1900"",""frecuencia"":1936},{""valor"":""1908"",""frecuencia"":3101}]"
fuente2,data/raw/fuente2/athlete_events.csv,athlete_events.csv,Season,11,str,271116,271116,0,0.0,2,0.0007,6,6,,,"[{""valor"":""Summer"",""frecuencia"":222552},{""valor"":""Winter"",""frecuencia"":48564}]","[{""valor"":""Winter"",""frecuencia"":48564},{""valor"":""Summer"",""frecuencia"":222552}]"
fuente2,data/raw/fuente2/athlete_events.csv,athlete_events.csv,City,12,str,271116,271116,0,0.0,42,0.0155,4,22,,,"[{""valor"":""London"",""frecuencia"":22426},{""valor"":""Athina"",""frecuencia"":15556},{""valor"":""Sydney"",""frecuencia"":13821},{""valor"":""Atlanta"",""frecuencia"":13780},{""valor"":""Rio de Janeiro"",""frecuencia"":13688}]","[{""valor"":""Chamonix"",""frecuencia"":460},{""valor"":""Garmisch-Partenkirchen"",""frecuencia"":895},{""valor"":""Oslo"",""frecuencia"":1088},{""valor"":""Squaw Valley"",""frecuencia"":1116},{""valor"":""St. Louis"",""frecuencia"":1301}]"
fuente2,data/raw/fuente2/athlete_events.csv,athlete_events.csv,Sport,13,str,271116,271116,0,0.0,66,0.0243,4,25,,,"[{""valor"":""Athletics"",""frecuencia"":38624},{""valor"":""Gymnastics"",""frecuencia"":26707},{""valor"":""Swimming"",""frecuencia"":23195},{""valor"":""Shooting"",""frecuencia"":11448},{""valor"":""Cycling"",""frecuencia"":10859}]","[{""valor"":""Aeronautics"",""frecuencia"":1},{""valor"":""Basque Pelota"",""frecuencia"":2},{""valor"":""Roque"",""frecuencia"":4},{""valor"":""Jeu De Paume"",""frecuencia"":11},{""valor"":""Racquets"",""frecuencia"":12}]"
fuente2,data/raw/fuente2/athlete_events.csv,athlete_events.csv,Event,14,str,271116,271116,0,0.0,765,0.2822,15,85,,,"[{""valor"":""Football Men's Football"",""frecuencia"":5733},{""valor"":""Ice Hockey Men's Ice Hockey"",""frecuencia"":4762},{""valor"":""Hockey Men's Hockey"",""frecuencia"":3958},{""valor"":""Water Polo Men's Water Polo"",""frecuencia"":3358},{""valor"":""Basketball Men's Basketball"",""frecuencia"":3280}]","[{""valor"":""Aeronautics Mixed Aeronautics"",""frecuencia"":1},{""valor"":""Archery Men's Championnat Du Monde"",""frecuencia"":2},{""valor"":""Archery Men's Target Archery, 28 metres, Individual"",""frecuencia"":2},{""valor"":""Archery Men's Target Archery, 33 metres, Individual"",""frecuencia"":2},{""valor"":""Archery Men's Target Archery, 50 metres, Individual"",""frecuencia"":2}]"
fuente2,data/raw/fuente2/athlete_events.csv,athlete_events.csv,Medal,15,str,271116,39783,231333,85.3262,3,0.0011,2,6,,,"[{""valor"":""NA"",""frecuencia"":231333},{""valor"":""Gold"",""frecuencia"":13372},{""valor"":""Bronze"",""frecuencia"":13295},{""valor"":""Silver"",""frecuencia"":13116}]","[{""valor"":""Silver"",""frecuencia"":13116},{""valor"":""Bronze"",""frecuencia"":13295},{""valor"":""Gold"",""frecuencia"":13372},{""valor"":""NA"",""frecuencia"":231333}]"
fuente3,data/raw/fuente3/olympics_dataset.csv,olympics_dataset.csv,player_id,1,int64,252565,252565,0,0.0,235903,93.4029,1,7,0,9460001,"[{""valor"":""1551050"",""frecuencia"":9},{""valor"":""1551052"",""frecuencia"":9},{""valor"":""1551057"",""frecuencia"":9},{""valor"":""1568167"",""frecuencia"":9},{""valor"":""1568178"",""frecuencia"":9}]","[{""valor"":""10"",""frecuencia"":1},{""valor"":""1000"",""frecuencia"":1},{""valor"":""100000"",""frecuencia"":1},{""valor"":""100001"",""frecuencia"":1},{""valor"":""100003"",""frecuencia"":1}]"
fuente3,data/raw/fuente3/olympics_dataset.csv,olympics_dataset.csv,Name,2,str,252565,252565,0,0.0,129992,51.4687,2,52,,,"[{""valor"":""John Jr."",""frecuencia"":76},{""valor"":""Robert Mckenzie"",""frecuencia"":58},{""valor"":""William Jr."",""frecuencia"":50},{""valor"":""Gustaf Carlberg"",""frecuencia"":49},{""valor"":""Heikki Savolainen"",""frecuencia"":39}]","[{""valor"":""(jr) Larocca"",""frecuencia"":1},{""valor"":"". Chadalavada"",""frecuencia"":1},{""valor"":"". Deni"",""frecuencia"":1},{""valor"":""671"",""frecuencia"":1},{""valor"":""A Alayed"",""frecuencia"":1}]"
fuente3,data/raw/fuente3/olympics_dataset.csv,olympics_dataset.csv,Sex,3,str,252565,252565,0,0.0,2,0.0008,1,1,,,"[{""valor"":""M"",""frecuencia"":178544},{""valor"":""F"",""frecuencia"":74021}]","[{""valor"":""F"",""frecuencia"":74021},{""valor"":""M"",""frecuencia"":178544}]"
fuente3,data/raw/fuente3/olympics_dataset.csv,olympics_dataset.csv,Team,4,str,252565,252565,0,0.0,1193,0.4724,2,47,,,"[{""valor"":""United States"",""frecuencia"":16236},{""valor"":""Great Britain"",""frecuencia"":11390},{""valor"":""France"",""frecuencia"":11360},{""valor"":""Italy"",""frecuencia"":9185},{""valor"":""Germany"",""frecuencia"":8622}]","[{""valor"":""Alcyon-6"",""frecuencia"":1},{""valor"":""Angerburg"",""frecuencia"":1},{""valor"":""Ariette-8"",""frecuencia"":1},{""valor"":""Augsburg"",""frecuencia"":1},{""valor"":""Baby-9"",""frecuencia"":1}]"
fuente3,data/raw/fuente3/olympics_dataset.csv,olympics_dataset.csv,NOC,5,str,252565,252565,0,0.0,234,0.0926,3,3,,,"[{""valor"":""USA"",""frecuencia"":16774},{""valor"":""GBR"",""frecuencia"":11998},{""valor"":""FRA"",""frecuencia"":11972},{""valor"":""ITA"",""frecuencia"":9351},{""valor"":""GER"",""frecuencia"":8866}]","[{""valor"":""NFL"",""frecuencia"":1},{""valor"":""NBO"",""frecuencia"":2},{""valor"":""UNK"",""frecuencia"":2},{""valor"":""YMD"",""frecuencia"":5},{""valor"":""CRT"",""frecuencia"":11}]"
fuente3,data/raw/fuente3/olympics_dataset.csv,olympics_dataset.csv,Year,6,int64,252565,252565,0,0.0,31,0.0123,4,4,1896,2024,"[{""valor"":""2020"",""frecuencia"":15121},{""valor"":""2024"",""frecuencia"":14892},{""valor"":""2000"",""frecuencia"":13821},{""valor"":""1996"",""frecuencia"":13780},{""valor"":""2016"",""frecuencia"":13688}]","[{""valor"":""1896"",""frecuencia"":380},{""valor"":""1904"",""frecuencia"":1301},{""valor"":""1906"",""frecuencia"":1733},{""valor"":""1900"",""frecuencia"":1936},{""valor"":""1932"",""frecuencia"":2969}]"
fuente3,data/raw/fuente3/olympics_dataset.csv,olympics_dataset.csv,Season,7,str,252565,252565,0,0.0,1,0.0004,6,6,,,"[{""valor"":""Summer"",""frecuencia"":252565}]","[{""valor"":""Summer"",""frecuencia"":252565}]"
fuente3,data/raw/fuente3/olympics_dataset.csv,olympics_dataset.csv,City,8,str,252565,252565,0,0.0,23,0.0091,4,14,,,"[{""valor"":""Tokyo"",""frecuencia"":22823},{""valor"":""London"",""frecuencia"":22426},{""valor"":""Paris"",""frecuencia"":22061},{""valor"":""Athina"",""frecuencia"":15556},{""valor"":""Sydney"",""frecuencia"":13821}]","[{""valor"":""St. Louis"",""frecuencia"":1301},{""valor"":""Antwerpen"",""frecuencia"":4292},{""valor"":""Stockholm"",""frecuencia"":4338},{""valor"":""Melbourne"",""frecuencia"":4829},{""valor"":""Amsterdam"",""frecuencia"":4992}]"
fuente3,data/raw/fuente3/olympics_dataset.csv,olympics_dataset.csv,Sport,9,str,252565,252565,0,0.0,76,0.0301,4,35,,,"[{""valor"":""Athletics"",""frecuencia"":43294},{""valor"":""Gymnastics"",""frecuencia"":26707},{""valor"":""Swimming"",""frecuencia"":26416},{""valor"":""Shooting"",""frecuencia"":12580},{""valor"":""Rowing"",""frecuencia"":11625}]","[{""valor"":""3x3 Basketball, Basketball"",""frecuencia"":1},{""valor"":""Aeronautics"",""frecuencia"":1},{""valor"":""Basque Pelota"",""frecuencia"":2},{""valor"":""Cycling Road, Triathlon"",""frecuencia"":2},{""valor"":""Alpinism"",""frecuencia"":4}]"
fuente3,data/raw/fuente3/olympics_dataset.csv,olympics_dataset.csv,Event,10,str,252565,252565,0,0.0,1041,0.4122,3,85,,,"[{""valor"":""Football Men's Football"",""frecuencia"":5733},{""valor"":""Hockey Men's Hockey"",""frecuencia"":3958},{""valor"":""Water Polo Men's Water Polo"",""frecuencia"":3358},{""valor"":""Basketball Men's Basketball"",""frecuencia"":3280},{""valor"":""Cycling Men's Road Race, Individual"",""frecuencia"":2947}]","[{""valor"":""Aeronautics Mixed Aeronautics"",""frecuencia"":1},{""valor"":""Archery Men's Championnat Du Monde"",""frecuencia"":2},{""valor"":""Archery Men's Target Archery, 28 metres, Individual"",""frecuencia"":2},{""valor"":""Archery Men's Target Archery, 33 metres, Individual"",""frecuencia"":2},{""valor"":""Archery Men's Target Archery, 50 metres, Individual"",""frecuencia"":2}]"
fuente3,data/raw/fuente3/olympics_dataset.csv,olympics_dataset.csv,Medal,11,str,252565,252565,0,0.0,4,0.0016,4,8,,,"[{""valor"":""No medal"",""frecuencia"":213747},{""valor"":""Bronze"",""frecuencia"":13070},{""valor"":""Gold"",""frecuencia"":13002},{""valor"":""Silver"",""frecuencia"":12746}]","[{""valor"":""Silver"",""frecuencia"":12746},{""valor"":""Gold"",""frecuencia"":13002},{""valor"":""Bronze"",""frecuencia"":13070},{""valor"":""No medal"",""frecuencia"":213747}]"
fuente4,data/raw/fuente4/datalab_export.csv,datalab_export.csv,index,1,int64,100,100,0,0.0,100,100.0,1,2,0,99,"[{""valor"":""0"",""frecuencia"":1},{""valor"":""1"",""frecuencia"":1},{""valor"":""2"",""frecuencia"":1},{""valor"":""3"",""frecuencia"":1},{""valor"":""4"",""frecuencia"":1}]","[{""valor"":""0"",""frecuencia"":1},{""valor"":""1"",""frecuencia"":1},{""valor"":""10"",""frecuencia"":1},{""valor"":""11"",""frecuencia"":1},{""valor"":""12"",""frecuencia"":1}]"
fuente4,data/raw/fuente4/datalab_export.csv,datalab_export.csv,id,2,int64,100,100,0,0.0,35,35.0,1,2,1,35,"[{""valor"":""20"",""frecuencia"":20},{""valor"":""17"",""frecuencia"":16},{""valor"":""6"",""frecuencia"":8},{""valor"":""7"",""frecuencia"":8},{""valor"":""5"",""frecuencia"":6}]","[{""valor"":""1"",""frecuencia"":1},{""valor"":""10"",""frecuencia"":1},{""valor"":""11"",""frecuencia"":1},{""valor"":""12"",""frecuencia"":1},{""valor"":""14"",""frecuencia"":1}]"
fuente4,data/raw/fuente4/datalab_export.csv,datalab_export.csv,name,3,str,100,100,0,0.0,35,35.0,8,34,,,"[{""valor"":""Kjetil Andr Aamodt"",""frecuencia"":20},{""valor"":""Paavo Johannes Aaltonen"",""frecuencia"":16},{""valor"":""Per Knut Aaland"",""frecuencia"":8},{""valor"":""John Aalberg"",""frecuencia"":8},{""valor"":""Christine Jacoba Aaftink"",""frecuencia"":6}]","[{""valor"":""A Dijiang"",""frecuencia"":1},{""valor"":""A Lamusi"",""frecuencia"":1},{""valor"":""Agnes Erika Aanonsen (-Eyde)"",""frecuencia"":1},{""valor"":""Alf Lied Aanning"",""frecuencia"":1},{""valor"":""Andreea Aanei"",""frecuencia"":1}]"
fuente4,data/raw/fuente4/datalab_export.csv,datalab_export.csv,sex,4,str,100,100,0,0.0,2,2.0,1,1,,,"[{""valor"":""M"",""frecuencia"":85},{""valor"":""F"",""frecuencia"":15}]","[{""valor"":""F"",""frecuencia"":15},{""valor"":""M"",""frecuencia"":85}]"
fuente4,data/raw/fuente4/datalab_export.csv,datalab_export.csv,age,5,int64,100,100,0,0.0,19,19.0,2,2,17,54,"[{""valor"":""22"",""frecuencia"":11},{""valor"":""31"",""frecuencia"":10},{""valor"":""30"",""frecuencia"":10},{""valor"":""28"",""frecuencia"":10},{""valor"":""26"",""frecuencia"":9}]","[{""valor"":""17"",""frecuencia"":1},{""valor"":""43"",""frecuencia"":1},{""valor"":""47"",""frecuencia"":1},{""valor"":""54"",""frecuencia"":1},{""valor"":""18"",""frecuencia"":2}]"
fuente4,data/raw/fuente4/datalab_export.csv,datalab_export.csv,height,6,float64,100,84,16,16.0,20,20.0,3,3,159.0,190.0,"[{""valor"":""176"",""frecuencia"":20},{""valor"":""175"",""frecuencia"":16},{""valor"":""188"",""frecuencia"":8},{""valor"":""183"",""frecuencia"":8},{""valor"":""185"",""frecuencia"":6}]","[{""valor"":""163"",""frecuencia"":1},{""valor"":""169"",""frecuencia"":1},{""valor"":""171"",""frecuencia"":1},{""valor"":""172"",""frecuencia"":1},{""valor"":""174"",""frecuencia"":1}]"
fuente4,data/raw/fuente4/datalab_export.csv,datalab_export.csv,weight,7,float64,100,81,19,19.0,18,18.0,2,4,55.5,130.0,"[{""valor"":""85"",""frecuencia"":21},{""valor"":""64"",""frecuencia"":16},{""valor"":""72"",""frecuencia"":10},{""valor"":""75"",""frecuencia"":8},{""valor"":""82"",""frecuencia"":6}]","[{""valor"":""125"",""frecuencia"":1},{""valor"":""130"",""frecuencia"":1},{""valor"":""60"",""frecuencia"":1},{""valor"":""76.5"",""frecuencia"":1},{""valor"":""80"",""frecuencia"":1}]"
fuente4,data/raw/fuente4/datalab_export.csv,datalab_export.csv,team,8,str,100,100,0,0.0,10,10.0,5,14,,,"[{""valor"":""Finland"",""frecuencia"":33},{""valor"":""Norway"",""frecuencia"":32},{""valor"":""United States"",""frecuencia"":16},{""valor"":""Netherlands"",""frecuencia"":12},{""valor"":""China"",""frecuencia"":2}]","[{""valor"":""Denmark"",""frecuencia"":1},{""valor"":""Denmark/Sweden"",""frecuencia"":1},{""valor"":""Estonia"",""frecuencia"":1},{""valor"":""France"",""frecuencia"":1},{""valor"":""Romania"",""frecuencia"":1}]"
fuente4,data/raw/fuente4/datalab_export.csv,datalab_export.csv,noc,9,str,100,100,0,0.0,9,9.0,3,3,,,"[{""valor"":""FIN"",""frecuencia"":33},{""valor"":""NOR"",""frecuencia"":32},{""valor"":""USA"",""frecuencia"":16},{""valor"":""NED"",""frecuencia"":12},{""valor"":""CHN"",""frecuencia"":2}]","[{""valor"":""EST"",""frecuencia"":1},{""valor"":""FRA"",""frecuencia"":1},{""valor"":""ROU"",""frecuencia"":1},{""valor"":""CHN"",""frecuencia"":2},{""valor"":""DEN"",""frecuencia"":2}]"
fuente4,data/raw/fuente4/datalab_export.csv,datalab_export.csv,games,10,str,100,100,0,0.0,30,30.0,11,11,,,"[{""valor"":""1994 Winter"",""frecuencia"":16},{""valor"":""1992 Winter"",""frecuencia"":14},{""valor"":""1952 Summer"",""frecuencia"":9},{""valor"":""1948 Summer"",""frecuencia"":9},{""valor"":""2002 Winter"",""frecuencia"":6}]","[{""valor"":""1900 Summer"",""frecuencia"":1},{""valor"":""1924 Summer"",""frecuencia"":1},{""valor"":""1936 Summer"",""frecuencia"":1},{""valor"":""1964 Winter"",""frecuencia"":1},{""valor"":""1968 Summer"",""frecuencia"":1}]"
fuente4,data/raw/fuente4/datalab_export.csv,datalab_export.csv,year,11,int64,100,100,0,0.0,27,27.0,4,4,1900,2016,"[{""valor"":""1992"",""frecuencia"":16},{""valor"":""1994"",""frecuencia"":16},{""valor"":""1952"",""frecuencia"":9},{""valor"":""1948"",""frecuencia"":9},{""valor"":""2002"",""frecuencia"":6}]","[{""valor"":""1900"",""frecuencia"":1},{""valor"":""1924"",""frecuencia"":1},{""valor"":""1936"",""frecuencia"":1},{""valor"":""1964"",""frecuencia"":1},{""valor"":""1968"",""frecuencia"":1}]"
fuente4,data/raw/fuente4/datalab_export.csv,datalab_export.csv,season,12,str,100,100,0,0.0,2,2.0,6,6,,,"[{""valor"":""Winter"",""frecuencia"":51},{""valor"":""Summer"",""frecuencia"":49}]","[{""valor"":""Summer"",""frecuencia"":49},{""valor"":""Winter"",""frecuencia"":51}]"
fuente4,data/raw/fuente4/datalab_export.csv,datalab_export.csv,city,13,str,100,100,0,0.0,27,27.0,5,14,,,"[{""valor"":""Lillehammer"",""frecuencia"":16},{""valor"":""Albertville"",""frecuencia"":14},{""valor"":""London"",""frecuencia"":11},{""valor"":""Helsinki"",""frecuencia"":9},{""valor"":""Salt Lake City"",""frecuencia"":6}]","[{""valor"":""Athina"",""frecuencia"":1},{""valor"":""Beijing"",""frecuencia"":1},{""valor"":""Berlin"",""frecuencia"":1},{""valor"":""Innsbruck"",""frecuencia"":1},{""valor"":""Lake Placid"",""frecuencia"":1}]"
fuente4,data/raw/fuente4/datalab_export.csv,datalab_export.csv,sport,14,str,100,100,0,0.0,23,23.0,4,20,,,"[{""valor"":""Alpine Skiing"",""frecuencia"":20},{""valor"":""Cross Country Skiing"",""frecuencia"":17},{""valor"":""Gymnastics"",""frecuencia"":17},{""valor"":""Speed Skating"",""frecuencia"":9},{""valor"":""Athletics"",""frecuencia"":6}]","[{""valor"":""Art Competitions"",""frecuencia"":1},{""valor"":""Badminton"",""frecuencia"":1},{""valor"":""Basketball"",""frecuencia"":1},{""valor"":""Biathlon"",""frecuencia"":1},{""valor"":""Bobsleigh"",""frecuencia"":1}]"
fuente4,data/raw/fuente4/datalab_export.csv,datalab_export.csv,event,15,str,100,100,0,0.0,51,51.0,20,51,,,"[{""valor"":""Alpine Skiing Men's Downhill"",""frecuencia"":5},{""valor"":""Alpine Skiing Men's Super G"",""frecuencia"":5},{""valor"":""Cross Country Skiing Men's 10 kilometres"",""frecuencia"":4},{""valor"":""Cross Country Skiing Men's 10/15 kilometres Pursuit"",""frecuencia"":4},{""valor"":""Cross Country Skiing Men's 4 x 10 kilometres Relay"",""frecuencia"":4}]","[{""valor"":""Art Competitions Mixed Sculpturing, Unknown Event"",""frecuencia"":1},{""valor"":""Athletics Men's 1,500 metres"",""frecuencia"":1},{""valor"":""Athletics Men's High Jump"",""frecuencia"":1},{""valor"":""Athletics Men's Pole Vault"",""frecuencia"":1},{""valor"":""Athletics Men's Shot Put"",""frecuencia"":1}]"
fuente4,data/raw/fuente4/datalab_export.csv,datalab_export.csv,medal,16,str,100,21,79,79.0,3,3.0,4,6,,,"[{""valor"":""null"",""frecuencia"":79},{""valor"":""Gold"",""frecuencia"":9},{""valor"":""Bronze"",""frecuencia"":8},{""valor"":""Silver"",""frecuencia"":4}]","[{""valor"":""Silver"",""frecuencia"":4},{""valor"":""Bronze"",""frecuencia"":8},{""valor"":""Gold"",""frecuencia"":9},{""valor"":""null"",""frecuencia"":79}]"
