fuente,valor_fuente,deporte_final,disciplina_final,criterio,evidencia_referencia,estado,filas_afectadas
fuente1,3-on-3 Ice Hockey (Ice Hockey),Ice Hockey,3-on-3 Ice Hockey,jerarquía explícita Discipline (Sport) en Fuente 1,https://library.olympics.com/digitalCollection/DigitalCollectionAttachmentDownloadHandler.ashx?documentId=174689&parentDocumentId=174657&skipCopyright=true&skipWatermark=true,RESOLVED,195
fuente1,3x3 Basketball (Basketball),Basketball,Basketball 3x3,jerarquía explícita Discipline (Sport) en Fuente 1,https://library.olympics.com/digitalCollection/DigitalCollectionAttachmentDownloadHandler.ashx?documentId=174689&parentDocumentId=174657&skipCopyright=true&skipWatermark=true,RESOLVED,67
fuente1,Alpine Skiing (Skiing),Skiing,Alpine Skiing,jerarquía explícita Discipline (Sport) en Fuente 1,https://library.olympics.com/digitalCollection/DigitalCollectionAttachmentDownloadHandler.ashx?documentId=174689&parentDocumentId=174657&skipCopyright=true&skipWatermark=true,RESOLVED,11103
fuente1,Archery,Archery,Archery,denominación canónica contrastada con el programa olímpico,https://library.olympics.com/digitalCollection/DigitalCollectionAttachmentDownloadHandler.ashx?documentId=3415338&parentDocumentId=3415336&skipCopyright=true&skipWatermark=true,RESOLVED,2625
fuente1,Art Competitions,Art Competitions,Art Competitions,denominación histórica documentada en la evolución del programa olímpico,https://library.olympics.com/digitalCollection/DigitalCollectionAttachmentDownloadHandler.ashx?documentId=174689&parentDocumentId=174657&skipCopyright=true&skipWatermark=true,RESOLVED,87
fuente1,Artistic Gymnastics (Gymnastics),Gymnastics,Artistic Gymnastics,jerarquía explícita Discipline (Sport) en Fuente 1,https://library.olympics.com/digitalCollection/DigitalCollectionAttachmentDownloadHandler.ashx?documentId=174689&parentDocumentId=174657&skipCopyright=true&skipWatermark=true,RESOLVED,27721
fuente1,Artistic Swimming (Aquatics),Aquatics,Artistic Swimming,jerarquía explícita Discipline (Sport) en Fuente 1,https://library.olympics.com/digitalCollection/DigitalCollectionAttachmentDownloadHandler.ashx?documentId=174689&parentDocumentId=174657&skipCopyright=true&skipWatermark=true,RESOLVED,1033
fuente1,Athletics,Athletics,Athletics,denominación canónica contrastada con el programa olímpico,https://library.olympics.com/digitalCollection/DigitalCollectionAttachmentDownloadHandler.ashx?documentId=3415338&parentDocumentId=3415336&skipCopyright=true&skipWatermark=true,RESOLVED,45916
fuente1,Australian Rules Football,Australian Rules Football,Australian Rules Football,denominación histórica documentada en la evolución del programa olímpico,https://library.olympics.com/digitalCollection/DigitalCollectionAttachmentDownloadHandler.ashx?documentId=174689&parentDocumentId=174657&skipCopyright=true&skipWatermark=true,RESOLVED,1
fuente1,Badminton,Badminton,Badminton,denominación canónica contrastada con el programa olímpico,https://library.olympics.com/digitalCollection/DigitalCollectionAttachmentDownloadHandler.ashx?documentId=3415338&parentDocumentId=3415336&skipCopyright=true&skipWatermark=true,RESOLVED,1649
fuente1,Ballooning (Air Sports),Air Sports,Ballooning,jerarquía explícita Discipline (Sport) en Fuente 1,https://library.olympics.com/digitalCollection/DigitalCollectionAttachmentDownloadHandler.ashx?documentId=174689&parentDocumentId=174657&skipCopyright=true&skipWatermark=true,RESOLVED,7
fuente1,Bandy,Bandy,Bandy,denominación canónica contrastada con el programa olímpico,https://library.olympics.com/digitalCollection/DigitalCollectionAttachmentDownloadHandler.ashx?documentId=3415338&parentDocumentId=3415336&skipCopyright=true&skipWatermark=true,RESOLVED,1
fuente1,Baseball (Baseball/Softball),Baseball/Softball,Baseball,jerarquía explícita Discipline (Sport) en Fuente 1,https://library.olympics.com/digitalCollection/DigitalCollectionAttachmentDownloadHandler.ashx?documentId=174689&parentDocumentId=174657&skipCopyright=true&skipWatermark=true,RESOLVED,1068
fuente1,Basketball (Basketball),Basketball,Basketball,jerarquía explícita Discipline (Sport) en Fuente 1,https://library.olympics.com/digitalCollection/DigitalCollectionAttachmentDownloadHandler.ashx?documentId=174689&parentDocumentId=174657&skipCopyright=true&skipWatermark=true,RESOLVED,4826
fuente1,Basque pelota,Basque Pelota,Basque Pelota,denominación histórica documentada en la evolución del programa olímpico,https://library.olympics.com/digitalCollection/DigitalCollectionAttachmentDownloadHandler.ashx?documentId=174689&parentDocumentId=174657&skipCopyright=true&skipWatermark=true,RESOLVED,2
fuente1,Beach Volleyball (Volleyball),Volleyball,Beach Volleyball,jerarquía explícita Discipline (Sport) en Fuente 1,https://library.olympics.com/digitalCollection/DigitalCollectionAttachmentDownloadHandler.ashx?documentId=174689&parentDocumentId=174657&skipCopyright=true&skipWatermark=true,RESOLVED,652
fuente1,Biathlon,Biathlon,Biathlon,denominación canónica contrastada con el programa olímpico,https://library.olympics.com/digitalCollection/DigitalCollectionAttachmentDownloadHandler.ashx?documentId=3415338&parentDocumentId=3415336&skipCopyright=true&skipWatermark=true,RESOLVED,7138
fuente1,Bicycle Polo (Cycling),Cycling,Bicycle Polo,jerarquía explícita Discipline (Sport) en Fuente 1,https://library.olympics.com/digitalCollection/DigitalCollectionAttachmentDownloadHandler.ashx?documentId=174689&parentDocumentId=174657&skipCopyright=true&skipWatermark=true,RESOLVED,1
fuente1,Bobsleigh (Bobsleigh),Bobsleigh,Bobsleigh,jerarquía explícita Discipline (Sport) en Fuente 1,https://library.olympics.com/digitalCollection/DigitalCollectionAttachmentDownloadHandler.ashx?documentId=174689&parentDocumentId=174657&skipCopyright=true&skipWatermark=true,RESOLVED,3576
fuente1,Boxing,Boxing,Boxing,denominación canónica contrastada con el programa olímpico,https://library.olympics.com/digitalCollection/DigitalCollectionAttachmentDownloadHandler.ashx?documentId=3415338&parentDocumentId=3415336&skipCopyright=true&skipWatermark=true,RESOLVED,6422
fuente1,Canoe Marathon (Canoeing),Canoeing,Canoe Marathon,jerarquía explícita Discipline (Sport) en Fuente 1,https://library.olympics.com/digitalCollection/DigitalCollectionAttachmentDownloadHandler.ashx?documentId=174689&parentDocumentId=174657&skipCopyright=true&skipWatermark=true,RESOLVED,186
fuente1,Canoe Slalom (Canoeing),Canoeing,Canoe Slalom,jerarquía explícita Discipline (Sport) en Fuente 1,https://library.olympics.com/digitalCollection/DigitalCollectionAttachmentDownloadHandler.ashx?documentId=174689&parentDocumentId=174657&skipCopyright=true&skipWatermark=true,RESOLVED,900
fuente1,Canoe Sprint (Canoeing),Canoeing,Canoe Sprint,jerarquía explícita Discipline (Sport) en Fuente 1,https://library.olympics.com/digitalCollection/DigitalCollectionAttachmentDownloadHandler.ashx?documentId=174689&parentDocumentId=174657&skipCopyright=true&skipWatermark=true,RESOLVED,5767
fuente1,Cricket,Cricket,Cricket,denominación canónica contrastada con el programa olímpico,https://library.olympics.com/digitalCollection/DigitalCollectionAttachmentDownloadHandler.ashx?documentId=3415338&parentDocumentId=3415336&skipCopyright=true&skipWatermark=true,RESOLVED,24
fuente1,Croquet,Croquet,Croquet,denominación histórica documentada en la evolución del programa olímpico,https://library.olympics.com/digitalCollection/DigitalCollectionAttachmentDownloadHandler.ashx?documentId=174689&parentDocumentId=174657&skipCopyright=true&skipWatermark=true,RESOLVED,20
fuente1,Cross Country Skiing (Skiing),Skiing,Cross Country Skiing,jerarquía explícita Discipline (Sport) en Fuente 1,https://library.olympics.com/digitalCollection/DigitalCollectionAttachmentDownloadHandler.ashx?documentId=174689&parentDocumentId=174657&skipCopyright=true&skipWatermark=true,RESOLVED,11791
fuente1,Curling,Curling,Curling,denominación canónica contrastada con el programa olímpico,https://library.olympics.com/digitalCollection/DigitalCollectionAttachmentDownloadHandler.ashx?documentId=3415338&parentDocumentId=3415336&skipCopyright=true&skipWatermark=true,RESOLVED,923
fuente1,Cycling BMX Freestyle (Cycling),Cycling,BMX Freestyle,jerarquía explícita Discipline (Sport) en Fuente 1,https://library.olympics.com/digitalCollection/DigitalCollectionAttachmentDownloadHandler.ashx?documentId=174689&parentDocumentId=174657&skipCopyright=true&skipWatermark=true,RESOLVED,17
fuente1,Cycling BMX Racing (Cycling),Cycling,BMX Racing,jerarquía explícita Discipline (Sport) en Fuente 1,https://library.olympics.com/digitalCollection/DigitalCollectionAttachmentDownloadHandler.ashx?documentId=174689&parentDocumentId=174657&skipCopyright=true&skipWatermark=true,RESOLVED,188
fuente1,Cycling Mountain Bike (Cycling),Cycling,Mountain Bike,jerarquía explícita Discipline (Sport) en Fuente 1,https://library.olympics.com/digitalCollection/DigitalCollectionAttachmentDownloadHandler.ashx?documentId=174689&parentDocumentId=174657&skipCopyright=true&skipWatermark=true,RESOLVED,524
fuente1,Cycling Road (Cycling),Cycling,Cycling Road,jerarquía explícita Discipline (Sport) en Fuente 1,https://library.olympics.com/digitalCollection/DigitalCollectionAttachmentDownloadHandler.ashx?documentId=174689&parentDocumentId=174657&skipCopyright=true&skipWatermark=true,RESOLVED,6788
fuente1,Cycling Track (Cycling),Cycling,Cycling Track,jerarquía explícita Discipline (Sport) en Fuente 1,https://library.olympics.com/digitalCollection/DigitalCollectionAttachmentDownloadHandler.ashx?documentId=174689&parentDocumentId=174657&skipCopyright=true&skipWatermark=true,RESOLVED,4505
fuente1,Diving (Aquatics),Aquatics,Diving,jerarquía explícita Discipline (Sport) en Fuente 1,https://library.olympics.com/digitalCollection/DigitalCollectionAttachmentDownloadHandler.ashx?documentId=174689&parentDocumentId=174657&skipCopyright=true&skipWatermark=true,RESOLVED,3169
fuente1,Equestrian Dressage (Equestrian),Equestrian,Equestrian Dressage,jerarquía explícita Discipline (Sport) en Fuente 1,https://library.olympics.com/digitalCollection/DigitalCollectionAttachmentDownloadHandler.ashx?documentId=174689&parentDocumentId=174657&skipCopyright=true&skipWatermark=true,RESOLVED,1506
fuente1,Equestrian Driving (Equestrian),Equestrian,Equestrian Driving,jerarquía explícita Discipline (Sport) en Fuente 1,https://library.olympics.com/digitalCollection/DigitalCollectionAttachmentDownloadHandler.ashx?documentId=174689&parentDocumentId=174657&skipCopyright=true&skipWatermark=true,RESOLVED,28
fuente1,Equestrian Eventing (Equestrian),Equestrian,Equestrian Eventing,jerarquía explícita Discipline (Sport) en Fuente 1,https://library.olympics.com/digitalCollection/DigitalCollectionAttachmentDownloadHandler.ashx?documentId=174689&parentDocumentId=174657&skipCopyright=true&skipWatermark=true,RESOLVED,2347
fuente1,Equestrian Jumping (Equestrian),Equestrian,Equestrian Jumping,jerarquía explícita Discipline (Sport) en Fuente 1,https://library.olympics.com/digitalCollection/DigitalCollectionAttachmentDownloadHandler.ashx?documentId=174689&parentDocumentId=174657&skipCopyright=true&skipWatermark=true,RESOLVED,2916
fuente1,Equestrian Vaulting (Equestrian),Equestrian,Equestrian Vaulting,jerarquía explícita Discipline (Sport) en Fuente 1,https://library.olympics.com/digitalCollection/DigitalCollectionAttachmentDownloadHandler.ashx?documentId=174689&parentDocumentId=174657&skipCopyright=true&skipWatermark=true,RESOLVED,26
fuente1,Fencing,Fencing,Fencing,denominación canónica contrastada con el programa olímpico,https://library.olympics.com/digitalCollection/DigitalCollectionAttachmentDownloadHandler.ashx?documentId=3415338&parentDocumentId=3415336&skipCopyright=true&skipWatermark=true,RESOLVED,12156
fuente1,Figure Skating (Skating),Skating,Figure Skating,jerarquía explícita Discipline (Sport) en Fuente 1,https://library.olympics.com/digitalCollection/DigitalCollectionAttachmentDownloadHandler.ashx?documentId=174689&parentDocumentId=174657&skipCopyright=true&skipWatermark=true,RESOLVED,2952
fuente1,Football (Football),Football,Football,jerarquía explícita Discipline (Sport) en Fuente 1,https://library.olympics.com/digitalCollection/DigitalCollectionAttachmentDownloadHandler.ashx?documentId=174689&parentDocumentId=174657&skipCopyright=true&skipWatermark=true,RESOLVED,7525
fuente1,Freestyle Skiing (Skiing),Skiing,Freestyle Skiing,jerarquía explícita Discipline (Sport) en Fuente 1,https://library.olympics.com/digitalCollection/DigitalCollectionAttachmentDownloadHandler.ashx?documentId=174689&parentDocumentId=174657&skipCopyright=true&skipWatermark=true,RESOLVED,1837
fuente1,Glíma,Glíma,Glíma,denominación histórica documentada en la evolución del programa olímpico,https://library.olympics.com/digitalCollection/DigitalCollectionAttachmentDownloadHandler.ashx?documentId=174689&parentDocumentId=174657&skipCopyright=true&skipWatermark=true,RESOLVED,1
fuente1,Golf,Golf,Golf,denominación canónica contrastada con el programa olímpico,https://library.olympics.com/digitalCollection/DigitalCollectionAttachmentDownloadHandler.ashx?documentId=3415338&parentDocumentId=3415336&skipCopyright=true&skipWatermark=true,RESOLVED,506
fuente1,Handball,Handball,Handball,denominación canónica contrastada con el programa olímpico,https://library.olympics.com/digitalCollection/DigitalCollectionAttachmentDownloadHandler.ashx?documentId=3415338&parentDocumentId=3415336&skipCopyright=true&skipWatermark=true,RESOLVED,4058
fuente1,Hockey,Hockey,Hockey,denominación canónica contrastada con el programa olímpico,https://library.olympics.com/digitalCollection/DigitalCollectionAttachmentDownloadHandler.ashx?documentId=3415338&parentDocumentId=3415336&skipCopyright=true&skipWatermark=true,RESOLVED,5950
fuente1,Hockey 5s,Hockey,Hockey 5s,denominación canónica contrastada con el programa olímpico,https://library.olympics.com/digitalCollection/DigitalCollectionAttachmentDownloadHandler.ashx?documentId=3415338&parentDocumentId=3415336&skipCopyright=true&skipWatermark=true,RESOLVED,4
fuente1,Ice Hockey (Ice Hockey),Ice Hockey,Ice Hockey,jerarquía explícita Discipline (Sport) en Fuente 1,https://library.olympics.com/digitalCollection/DigitalCollectionAttachmentDownloadHandler.ashx?documentId=174689&parentDocumentId=174657&skipCopyright=true&skipWatermark=true,RESOLVED,6796
fuente1,Jeu De Paume,Jeu de Paume,Jeu de Paume,denominación histórica documentada en la evolución del programa olímpico,https://library.olympics.com/digitalCollection/DigitalCollectionAttachmentDownloadHandler.ashx?documentId=174689&parentDocumentId=174657&skipCopyright=true&skipWatermark=true,RESOLVED,17
fuente1,Judo,Judo,Judo,denominación canónica contrastada con el programa olímpico,https://library.olympics.com/digitalCollection/DigitalCollectionAttachmentDownloadHandler.ashx?documentId=3415338&parentDocumentId=3415336&skipCopyright=true&skipWatermark=true,RESOLVED,4351
fuente1,Karate,Karate,Karate,denominación canónica contrastada con el programa olímpico,https://library.olympics.com/digitalCollection/DigitalCollectionAttachmentDownloadHandler.ashx?documentId=3415338&parentDocumentId=3415336&skipCopyright=true&skipWatermark=true,RESOLVED,81
fuente1,Lacrosse,Lacrosse,Lacrosse,denominación canónica contrastada con el programa olímpico,https://library.olympics.com/digitalCollection/DigitalCollectionAttachmentDownloadHandler.ashx?documentId=3415338&parentDocumentId=3415336&skipCopyright=true&skipWatermark=true,RESOLVED,61
fuente1,Luge,Luge,Luge,denominación canónica contrastada con el programa olímpico,https://library.olympics.com/digitalCollection/DigitalCollectionAttachmentDownloadHandler.ashx?documentId=3415338&parentDocumentId=3415336&skipCopyright=true&skipWatermark=true,RESOLVED,1971
fuente1,Marathon Swimming (Aquatics),Aquatics,Marathon Swimming,jerarquía explícita Discipline (Sport) en Fuente 1,https://library.olympics.com/digitalCollection/DigitalCollectionAttachmentDownloadHandler.ashx?documentId=174689&parentDocumentId=174657&skipCopyright=true&skipWatermark=true,RESOLVED,178
fuente1,Military Ski Patrol (Skiing),Skiing,Military Ski Patrol,jerarquía explícita Discipline (Sport) en Fuente 1,https://library.olympics.com/digitalCollection/DigitalCollectionAttachmentDownloadHandler.ashx?documentId=174689&parentDocumentId=174657&skipCopyright=true&skipWatermark=true,RESOLVED,36
fuente1,Mixed Sports,Skiing,Cross Country Skiing,disciplina determinada por patrón inequívoco del evento y taxonomía olímpica,https://library.olympics.com/digitalCollection/DigitalCollectionAttachmentDownloadHandler.ashx?documentId=3415338&parentDocumentId=3415336&skipCopyright=true&skipWatermark=true,RESOLVED,14
fuente1,Mixed Sports,Skiing,Freestyle Skiing,disciplina determinada por patrón inequívoco del evento y taxonomía olímpica,https://library.olympics.com/digitalCollection/DigitalCollectionAttachmentDownloadHandler.ashx?documentId=3415338&parentDocumentId=3415336&skipCopyright=true&skipWatermark=true,RESOLVED,1
fuente1,Mixed Sports,Skiing,Nordic Combined,disciplina determinada por patrón inequívoco del evento y taxonomía olímpica,https://library.olympics.com/digitalCollection/DigitalCollectionAttachmentDownloadHandler.ashx?documentId=3415338&parentDocumentId=3415336&skipCopyright=true&skipWatermark=true,RESOLVED,4
fuente1,Mixed Sports,Skiing,Ski Jumping,disciplina determinada por patrón inequívoco del evento y taxonomía olímpica,https://library.olympics.com/digitalCollection/DigitalCollectionAttachmentDownloadHandler.ashx?documentId=3415338&parentDocumentId=3415336&skipCopyright=true&skipWatermark=true,RESOLVED,9
fuente1,Mixed Sports,Skiing,Snowboard,disciplina determinada por patrón inequívoco del evento y taxonomía olímpica,https://library.olympics.com/digitalCollection/DigitalCollectionAttachmentDownloadHandler.ashx?documentId=3415338&parentDocumentId=3415336&skipCopyright=true&skipWatermark=true,RESOLVED,2
fuente1,Mixed Sports,YOG,"10 kilometres, Boys",disciplina determinada por patrón inequívoco del evento y taxonomía olímpica,https://library.olympics.com/digitalCollection/DigitalCollectionAttachmentDownloadHandler.ashx?documentId=3415338&parentDocumentId=3415336&skipCopyright=true&skipWatermark=true,RESOLVED,7
fuente1,Mixed Sports,YOG,"5 kilometres, Girls",disciplina determinada por patrón inequívoco del evento y taxonomía olímpica,https://library.olympics.com/digitalCollection/DigitalCollectionAttachmentDownloadHandler.ashx?documentId=3415338&parentDocumentId=3415336&skipCopyright=true&skipWatermark=true,RESOLVED,7
fuente1,Mixed Sports,YOG,"Cross-Country / Biathlon Relay, Mixed Youth",disciplina determinada por patrón inequívoco del evento y taxonomía olímpica,https://library.olympics.com/digitalCollection/DigitalCollectionAttachmentDownloadHandler.ashx?documentId=3415338&parentDocumentId=3415336&skipCopyright=true&skipWatermark=true,RESOLVED,14
fuente1,Mixed Sports,YOG,"Cross-Country Skiing / Ski Jumping / Nordic Combined Team, Mixed Youth",disciplina determinada por patrón inequívoco del evento y taxonomía olímpica,https://library.olympics.com/digitalCollection/DigitalCollectionAttachmentDownloadHandler.ashx?documentId=3415338&parentDocumentId=3415336&skipCopyright=true&skipWatermark=true,RESOLVED,9
fuente1,Mixed Sports,YOG,"Cross, Girls",disciplina determinada por patrón inequívoco del evento y taxonomía olímpica,https://library.olympics.com/digitalCollection/DigitalCollectionAttachmentDownloadHandler.ashx?documentId=3415338&parentDocumentId=3415336&skipCopyright=true&skipWatermark=true,RESOLVED,2
fuente1,Mixed Sports,YOG,"Freestyle/Snowboard Relay, Mixed Youth",disciplina determinada por patrón inequívoco del evento y taxonomía olímpica,https://library.olympics.com/digitalCollection/DigitalCollectionAttachmentDownloadHandler.ashx?documentId=3415338&parentDocumentId=3415336&skipCopyright=true&skipWatermark=true,RESOLVED,3
fuente1,Mixed Sports,YOG,"Normal Hill / 5 km, Individual, Boys",disciplina determinada por patrón inequívoco del evento y taxonomía olímpica,https://library.olympics.com/digitalCollection/DigitalCollectionAttachmentDownloadHandler.ashx?documentId=3415338&parentDocumentId=3415336&skipCopyright=true&skipWatermark=true,RESOLVED,4
fuente1,Mixed Sports,YOG,"Normal Hill, Individual, Boys",disciplina determinada por patrón inequívoco del evento y taxonomía olímpica,https://library.olympics.com/digitalCollection/DigitalCollectionAttachmentDownloadHandler.ashx?documentId=3415338&parentDocumentId=3415336&skipCopyright=true&skipWatermark=true,RESOLVED,2
fuente1,Mixed Sports,YOG,"Normal Hill, Individual, Girls",disciplina determinada por patrón inequívoco del evento y taxonomía olímpica,https://library.olympics.com/digitalCollection/DigitalCollectionAttachmentDownloadHandler.ashx?documentId=3415338&parentDocumentId=3415336&skipCopyright=true&skipWatermark=true,RESOLVED,3
fuente1,Mixed Sports,YOG,"Normal Hill, Team, Mixed Youth",disciplina determinada por patrón inequívoco del evento y taxonomía olímpica,https://library.olympics.com/digitalCollection/DigitalCollectionAttachmentDownloadHandler.ashx?documentId=3415338&parentDocumentId=3415336&skipCopyright=true&skipWatermark=true,RESOLVED,9
fuente1,Mixed Sports,YOG,"Ski Cross, Girls",disciplina determinada por patrón inequívoco del evento y taxonomía olímpica,https://library.olympics.com/digitalCollection/DigitalCollectionAttachmentDownloadHandler.ashx?documentId=3415338&parentDocumentId=3415336&skipCopyright=true&skipWatermark=true,RESOLVED,1
fuente1,Mixed Sports,YOG,"Sprint, Boys",disciplina determinada por patrón inequívoco del evento y taxonomía olímpica,https://library.olympics.com/digitalCollection/DigitalCollectionAttachmentDownloadHandler.ashx?documentId=3415338&parentDocumentId=3415336&skipCopyright=true&skipWatermark=true,RESOLVED,7
fuente1,Mixed Sports,YOG,"Sprint, Girls",disciplina determinada por patrón inequívoco del evento y taxonomía olímpica,https://library.olympics.com/digitalCollection/DigitalCollectionAttachmentDownloadHandler.ashx?documentId=3415338&parentDocumentId=3415336&skipCopyright=true&skipWatermark=true,RESOLVED,7
fuente1,Modern Pentathlon,Modern Pentathlon,Modern Pentathlon,denominación canónica contrastada con el programa olímpico,https://library.olympics.com/digitalCollection/DigitalCollectionAttachmentDownloadHandler.ashx?documentId=3415338&parentDocumentId=3415336&skipCopyright=true&skipWatermark=true,RESOLVED,1776
fuente1,Motorboating,Motorboating,Motorboating,denominación histórica documentada en la evolución del programa olímpico,https://library.olympics.com/digitalCollection/DigitalCollectionAttachmentDownloadHandler.ashx?documentId=174689&parentDocumentId=174657&skipCopyright=true&skipWatermark=true,RESOLVED,17
fuente1,Nordic Combined (Skiing),Skiing,Nordic Combined,jerarquía explícita Discipline (Sport) en Fuente 1,https://library.olympics.com/digitalCollection/DigitalCollectionAttachmentDownloadHandler.ashx?documentId=174689&parentDocumentId=174657&skipCopyright=true&skipWatermark=true,RESOLVED,1759
fuente1,Polo,Polo,Polo,denominación histórica documentada en la evolución del programa olímpico,https://library.olympics.com/digitalCollection/DigitalCollectionAttachmentDownloadHandler.ashx?documentId=174689&parentDocumentId=174657&skipCopyright=true&skipWatermark=true,RESOLVED,153
fuente1,Racquets,Racquets,Racquets,denominación histórica documentada en la evolución del programa olímpico,https://library.olympics.com/digitalCollection/DigitalCollectionAttachmentDownloadHandler.ashx?documentId=174689&parentDocumentId=174657&skipCopyright=true&skipWatermark=true,RESOLVED,12
fuente1,Rhythmic Gymnastics (Gymnastics),Gymnastics,Rhythmic Gymnastics,jerarquía explícita Discipline (Sport) en Fuente 1,https://library.olympics.com/digitalCollection/DigitalCollectionAttachmentDownloadHandler.ashx?documentId=174689&parentDocumentId=174657&skipCopyright=true&skipWatermark=true,RESOLVED,755
fuente1,Roller Skating (Roller Sports),Roller Sports,Roller Skating,jerarquía explícita Discipline (Sport) en Fuente 1,https://library.olympics.com/digitalCollection/DigitalCollectionAttachmentDownloadHandler.ashx?documentId=174689&parentDocumentId=174657&skipCopyright=true&skipWatermark=true,RESOLVED,1
fuente1,Roque,Roque,Roque,denominación histórica documentada en la evolución del programa olímpico,https://library.olympics.com/digitalCollection/DigitalCollectionAttachmentDownloadHandler.ashx?documentId=174689&parentDocumentId=174657&skipCopyright=true&skipWatermark=true,RESOLVED,4
fuente1,Rowing,Rowing,Rowing,denominación canónica contrastada con el programa olímpico,https://library.olympics.com/digitalCollection/DigitalCollectionAttachmentDownloadHandler.ashx?documentId=3415338&parentDocumentId=3415336&skipCopyright=true&skipWatermark=true,RESOLVED,11267
fuente1,Rugby (Rugby),Rugby,Rugby,jerarquía explícita Discipline (Sport) en Fuente 1,https://library.olympics.com/digitalCollection/DigitalCollectionAttachmentDownloadHandler.ashx?documentId=174689&parentDocumentId=174657&skipCopyright=true&skipWatermark=true,RESOLVED,172
fuente1,Rugby Sevens (Rugby),Rugby,Rugby Sevens,jerarquía explícita Discipline (Sport) en Fuente 1,https://library.olympics.com/digitalCollection/DigitalCollectionAttachmentDownloadHandler.ashx?documentId=174689&parentDocumentId=174657&skipCopyright=true&skipWatermark=true,RESOLVED,603
fuente1,Sailing,Sailing,Sailing,denominación canónica contrastada con el programa olímpico,https://library.olympics.com/digitalCollection/DigitalCollectionAttachmentDownloadHandler.ashx?documentId=3415338&parentDocumentId=3415336&skipCopyright=true&skipWatermark=true,RESOLVED,6959
fuente1,Savate,Savate,Savate,denominación histórica documentada en la evolución del programa olímpico,https://library.olympics.com/digitalCollection/DigitalCollectionAttachmentDownloadHandler.ashx?documentId=174689&parentDocumentId=174657&skipCopyright=true&skipWatermark=true,RESOLVED,1
fuente1,Shooting,Shooting,Shooting,denominación canónica contrastada con el programa olímpico,https://library.olympics.com/digitalCollection/DigitalCollectionAttachmentDownloadHandler.ashx?documentId=3415338&parentDocumentId=3415336&skipCopyright=true&skipWatermark=true,RESOLVED,12029
fuente1,Short Track Speed Skating (Skating),Skating,Short Track Speed Skating,jerarquía explícita Discipline (Sport) en Fuente 1,https://library.olympics.com/digitalCollection/DigitalCollectionAttachmentDownloadHandler.ashx?documentId=174689&parentDocumentId=174657&skipCopyright=true&skipWatermark=true,RESOLVED,2509
fuente1,Skateboarding (Roller Sports),Roller Sports,Skateboarding,jerarquía explícita Discipline (Sport) en Fuente 1,https://library.olympics.com/digitalCollection/DigitalCollectionAttachmentDownloadHandler.ashx?documentId=174689&parentDocumentId=174657&skipCopyright=true&skipWatermark=true,RESOLVED,80
fuente1,Skeleton (Bobsleigh),Bobsleigh,Skeleton,jerarquía explícita Discipline (Sport) en Fuente 1,https://library.olympics.com/digitalCollection/DigitalCollectionAttachmentDownloadHandler.ashx?documentId=174689&parentDocumentId=174657&skipCopyright=true&skipWatermark=true,RESOLVED,335
fuente1,Ski Jumping (Skiing),Skiing,Ski Jumping,jerarquía explícita Discipline (Sport) en Fuente 1,https://library.olympics.com/digitalCollection/DigitalCollectionAttachmentDownloadHandler.ashx?documentId=174689&parentDocumentId=174657&skipCopyright=true&skipWatermark=true,RESOLVED,2885
fuente1,Ski Mountaineering,Ski Mountaineering,Ski Mountaineering,denominación canónica contrastada con el programa olímpico,https://library.olympics.com/digitalCollection/DigitalCollectionAttachmentDownloadHandler.ashx?documentId=3415338&parentDocumentId=3415336&skipCopyright=true&skipWatermark=true,RESOLVED,138
fuente1,Snowboarding (Skiing),Skiing,Snowboard,jerarquía explícita Discipline (Sport) en Fuente 1,https://library.olympics.com/digitalCollection/DigitalCollectionAttachmentDownloadHandler.ashx?documentId=174689&parentDocumentId=174657&skipCopyright=true&skipWatermark=true,RESOLVED,1840
fuente1,Softball (Baseball/Softball),Baseball/Softball,Softball,jerarquía explícita Discipline (Sport) en Fuente 1,https://library.olympics.com/digitalCollection/DigitalCollectionAttachmentDownloadHandler.ashx?documentId=174689&parentDocumentId=174657&skipCopyright=true&skipWatermark=true,RESOLVED,569
fuente1,Speed Skating (Skating),Skating,Speed Skating,jerarquía explícita Discipline (Sport) en Fuente 1,https://library.olympics.com/digitalCollection/DigitalCollectionAttachmentDownloadHandler.ashx?documentId=174689&parentDocumentId=174657&skipCopyright=true&skipWatermark=true,RESOLVED,6734
fuente1,Speed Skiing (Skiing),Skiing,Speed Skiing,jerarquía explícita Discipline (Sport) en Fuente 1,https://library.olympics.com/digitalCollection/DigitalCollectionAttachmentDownloadHandler.ashx?documentId=174689&parentDocumentId=174657&skipCopyright=true&skipWatermark=true,RESOLVED,1
fuente1,Sport Climbing,Sport Climbing,Sport Climbing,denominación canónica contrastada con el programa olímpico,https://library.olympics.com/digitalCollection/DigitalCollectionAttachmentDownloadHandler.ashx?documentId=3415338&parentDocumentId=3415336&skipCopyright=true&skipWatermark=true,RESOLVED,38
fuente1,Surfing,Surfing,Surfing,denominación canónica contrastada con el programa olímpico,https://library.olympics.com/digitalCollection/DigitalCollectionAttachmentDownloadHandler.ashx?documentId=3415338&parentDocumentId=3415336&skipCopyright=true&skipWatermark=true,RESOLVED,39
fuente1,Swimming (Aquatics),Aquatics,Swimming,jerarquía explícita Discipline (Sport) en Fuente 1,https://library.olympics.com/digitalCollection/DigitalCollectionAttachmentDownloadHandler.ashx?documentId=174689&parentDocumentId=174657&skipCopyright=true&skipWatermark=true,RESOLVED,26526
fuente1,Table Tennis,Table Tennis,Table Tennis,denominación canónica contrastada con el programa olímpico,https://library.olympics.com/digitalCollection/DigitalCollectionAttachmentDownloadHandler.ashx?documentId=3415338&parentDocumentId=3415336&skipCopyright=true&skipWatermark=true,RESOLVED,2242
fuente1,Taekwondo,Taekwondo,Taekwondo,denominación canónica contrastada con el programa olímpico,https://library.olympics.com/digitalCollection/DigitalCollectionAttachmentDownloadHandler.ashx?documentId=3415338&parentDocumentId=3415336&skipCopyright=true&skipWatermark=true,RESOLVED,750
fuente1,Tennis,Tennis,Tennis,denominación canónica contrastada con el programa olímpico,https://library.olympics.com/digitalCollection/DigitalCollectionAttachmentDownloadHandler.ashx?documentId=3415338&parentDocumentId=3415336&skipCopyright=true&skipWatermark=true,RESOLVED,3411
fuente1,Trampolining (Gymnastics),Gymnastics,Trampoline Gymnastics,jerarquía explícita Discipline (Sport) en Fuente 1,https://library.olympics.com/digitalCollection/DigitalCollectionAttachmentDownloadHandler.ashx?documentId=174689&parentDocumentId=174657&skipCopyright=true&skipWatermark=true,RESOLVED,188
fuente1,Triathlon,Triathlon,Triathlon,denominación canónica contrastada con el programa olímpico,https://library.olympics.com/digitalCollection/DigitalCollectionAttachmentDownloadHandler.ashx?documentId=3415338&parentDocumentId=3415336&skipCopyright=true&skipWatermark=true,RESOLVED,705
fuente1,Tug-Of-War,Tug-of-War,Tug-of-War,denominación histórica documentada en la evolución del programa olímpico,https://library.olympics.com/digitalCollection/DigitalCollectionAttachmentDownloadHandler.ashx?documentId=174689&parentDocumentId=174657&skipCopyright=true&skipWatermark=true,RESOLVED,181
fuente1,Volleyball (Volleyball),Volleyball,Volleyball,jerarquía explícita Discipline (Sport) en Fuente 1,https://library.olympics.com/digitalCollection/DigitalCollectionAttachmentDownloadHandler.ashx?documentId=174689&parentDocumentId=174657&skipCopyright=true&skipWatermark=true,RESOLVED,3715
fuente1,Water Polo (Aquatics),Aquatics,Water Polo,jerarquía explícita Discipline (Sport) en Fuente 1,https://library.olympics.com/digitalCollection/DigitalCollectionAttachmentDownloadHandler.ashx?documentId=174689&parentDocumentId=174657&skipCopyright=true&skipWatermark=true,RESOLVED,4157
fuente1,Weightlifting,Weightlifting,Weightlifting,denominación canónica contrastada con el programa olímpico,https://library.olympics.com/digitalCollection/DigitalCollectionAttachmentDownloadHandler.ashx?documentId=3415338&parentDocumentId=3415336&skipCopyright=true&skipWatermark=true,RESOLVED,4130
fuente1,Winter Pentathlon,Winter Pentathlon,Winter Pentathlon,denominación histórica documentada en la evolución del programa olímpico,https://library.olympics.com/digitalCollection/DigitalCollectionAttachmentDownloadHandler.ashx?documentId=174689&parentDocumentId=174657&skipCopyright=true&skipWatermark=true,RESOLVED,6
fuente1,Wrestling,Athletics,Athletics,disciplina determinada por patrón inequívoco del evento y taxonomía olímpica,https://library.olympics.com/digitalCollection/DigitalCollectionAttachmentDownloadHandler.ashx?documentId=3415338&parentDocumentId=3415336&skipCopyright=true&skipWatermark=true,RESOLVED,3
fuente1,Wrestling,Cycling,Cycling Track,disciplina determinada por patrón inequívoco del evento y taxonomía olímpica,https://library.olympics.com/digitalCollection/DigitalCollectionAttachmentDownloadHandler.ashx?documentId=3415338&parentDocumentId=3415336&skipCopyright=true&skipWatermark=true,RESOLVED,1
fuente1,Wrestling,Glíma,Glíma,disciplina determinada por patrón inequívoco del evento y taxonomía olímpica,https://library.olympics.com/digitalCollection/DigitalCollectionAttachmentDownloadHandler.ashx?documentId=3415338&parentDocumentId=3415336&skipCopyright=true&skipWatermark=true,RESOLVED,2
fuente1,Wrestling,Intercalated,"20 kilometres, Men",disciplina determinada por patrón inequívoco del evento y taxonomía olímpica,https://library.olympics.com/digitalCollection/DigitalCollectionAttachmentDownloadHandler.ashx?documentId=3415338&parentDocumentId=3415336&skipCopyright=true&skipWatermark=true,RESOLVED,1
fuente1,Wrestling,Intercalated,"Sprint, Men",disciplina determinada por patrón inequívoco del evento y taxonomía olímpica,https://library.olympics.com/digitalCollection/DigitalCollectionAttachmentDownloadHandler.ashx?documentId=3415338&parentDocumentId=3415336&skipCopyright=true&skipWatermark=true,RESOLVED,1
fuente1,Wrestling,Olympic,"Discus Throw, Men",disciplina determinada por patrón inequívoco del evento y taxonomía olímpica,https://library.olympics.com/digitalCollection/DigitalCollectionAttachmentDownloadHandler.ashx?documentId=3415338&parentDocumentId=3415336&skipCopyright=true&skipWatermark=true,RESOLVED,1
fuente1,Wrestling,Olympic,"Shot Put, Men",disciplina determinada por patrón inequívoco del evento y taxonomía olímpica,https://library.olympics.com/digitalCollection/DigitalCollectionAttachmentDownloadHandler.ashx?documentId=3415338&parentDocumentId=3415336&skipCopyright=true&skipWatermark=true,RESOLVED,1
fuente1,Wrestling,Olympic (non-medal),"880 yards, Handicap, Men",disciplina determinada por patrón inequívoco del evento y taxonomía olímpica,https://library.olympics.com/digitalCollection/DigitalCollectionAttachmentDownloadHandler.ashx?documentId=3415338&parentDocumentId=3415336&skipCopyright=true&skipWatermark=true,RESOLVED,1
fuente1,Wrestling,Olympic (non-medal),"Double Sculls, Intermediate, Men",disciplina determinada por patrón inequívoco del evento y taxonomía olímpica,https://library.olympics.com/digitalCollection/DigitalCollectionAttachmentDownloadHandler.ashx?documentId=3415338&parentDocumentId=3415336&skipCopyright=true&skipWatermark=true,RESOLVED,1
fuente1,Wrestling,Olympic (non-medal),"Glíma, Men",disciplina determinada por patrón inequívoco del evento y taxonomía olímpica,https://library.olympics.com/digitalCollection/DigitalCollectionAttachmentDownloadHandler.ashx?documentId=3415338&parentDocumentId=3415336&skipCopyright=true&skipWatermark=true,RESOLVED,2
fuente1,Wrestling,Olympic (non-medal),"Shot Put, Handicap, Men",disciplina determinada por patrón inequívoco del evento y taxonomía olímpica,https://library.olympics.com/digitalCollection/DigitalCollectionAttachmentDownloadHandler.ashx?documentId=3415338&parentDocumentId=3415336&skipCopyright=true&skipWatermark=true,RESOLVED,2
fuente1,Wrestling,Rowing,Rowing,disciplina determinada por patrón inequívoco del evento y taxonomía olímpica,https://library.olympics.com/digitalCollection/DigitalCollectionAttachmentDownloadHandler.ashx?documentId=3415338&parentDocumentId=3415336&skipCopyright=true&skipWatermark=true,RESOLVED,1
fuente1,Wrestling,Wrestling,Wrestling Freestyle,disciplina determinada por patrón inequívoco del evento y taxonomía olímpica,https://library.olympics.com/digitalCollection/DigitalCollectionAttachmentDownloadHandler.ashx?documentId=3415338&parentDocumentId=3415336&skipCopyright=true&skipWatermark=true,RESOLVED,3839
fuente1,Wrestling,Wrestling,Wrestling Greco-Roman,disciplina determinada por patrón inequívoco del evento y taxonomía olímpica,https://library.olympics.com/digitalCollection/DigitalCollectionAttachmentDownloadHandler.ashx?documentId=3415338&parentDocumentId=3415336&skipCopyright=true&skipWatermark=true,RESOLVED,3565
fuente2,Aeronautics,Aeronautics,Aeronautics,denominación histórica documentada en la evolución del programa olímpico,https://library.olympics.com/digitalCollection/DigitalCollectionAttachmentDownloadHandler.ashx?documentId=174689&parentDocumentId=174657&skipCopyright=true&skipWatermark=true,RESOLVED,1
fuente2,Alpine Skiing,Skiing,Alpine Skiing,denominación canónica contrastada con el programa olímpico,https://library.olympics.com/digitalCollection/DigitalCollectionAttachmentDownloadHandler.ashx?documentId=3415338&parentDocumentId=3415336&skipCopyright=true&skipWatermark=true,RESOLVED,8829
fuente2,Alpinism,Mountaineering,Alpinism,denominación histórica documentada en la evolución del programa olímpico,https://library.olympics.com/digitalCollection/DigitalCollectionAttachmentDownloadHandler.ashx?documentId=174689&parentDocumentId=174657&skipCopyright=true&skipWatermark=true,RESOLVED,25
fuente2,Archery,Archery,Archery,denominación canónica contrastada con el programa olímpico,https://library.olympics.com/digitalCollection/DigitalCollectionAttachmentDownloadHandler.ashx?documentId=3415338&parentDocumentId=3415336&skipCopyright=true&skipWatermark=true,RESOLVED,2334
fuente2,Art Competitions,Art Competitions,Art Competitions,denominación histórica documentada en la evolución del programa olímpico,https://library.olympics.com/digitalCollection/DigitalCollectionAttachmentDownloadHandler.ashx?documentId=174689&parentDocumentId=174657&skipCopyright=true&skipWatermark=true,RESOLVED,3578
fuente2,Athletics,Athletics,Athletics,denominación canónica contrastada con el programa olímpico,https://library.olympics.com/digitalCollection/DigitalCollectionAttachmentDownloadHandler.ashx?documentId=3415338&parentDocumentId=3415336&skipCopyright=true&skipWatermark=true,RESOLVED,38624
fuente2,Badminton,Badminton,Badminton,denominación canónica contrastada con el programa olímpico,https://library.olympics.com/digitalCollection/DigitalCollectionAttachmentDownloadHandler.ashx?documentId=3415338&parentDocumentId=3415336&skipCopyright=true&skipWatermark=true,RESOLVED,1457
fuente2,Baseball,Baseball/Softball,Baseball,denominación canónica contrastada con el programa olímpico,https://library.olympics.com/digitalCollection/DigitalCollectionAttachmentDownloadHandler.ashx?documentId=3415338&parentDocumentId=3415336&skipCopyright=true&skipWatermark=true,RESOLVED,894
fuente2,Basketball,Basketball,Basketball,denominación canónica contrastada con el programa olímpico,https://library.olympics.com/digitalCollection/DigitalCollectionAttachmentDownloadHandler.ashx?documentId=3415338&parentDocumentId=3415336&skipCopyright=true&skipWatermark=true,RESOLVED,4536
fuente2,Basque Pelota,Basque Pelota,Basque Pelota,denominación histórica documentada en la evolución del programa olímpico,https://library.olympics.com/digitalCollection/DigitalCollectionAttachmentDownloadHandler.ashx?documentId=174689&parentDocumentId=174657&skipCopyright=true&skipWatermark=true,RESOLVED,2
fuente2,Beach Volleyball,Volleyball,Beach Volleyball,denominación canónica contrastada con el programa olímpico,https://library.olympics.com/digitalCollection/DigitalCollectionAttachmentDownloadHandler.ashx?documentId=3415338&parentDocumentId=3415336&skipCopyright=true&skipWatermark=true,RESOLVED,564
fuente2,Biathlon,Biathlon,Biathlon,denominación canónica contrastada con el programa olímpico,https://library.olympics.com/digitalCollection/DigitalCollectionAttachmentDownloadHandler.ashx?documentId=3415338&parentDocumentId=3415336&skipCopyright=true&skipWatermark=true,RESOLVED,4893
fuente2,Bobsleigh,Bobsleigh,Bobsleigh,denominación canónica contrastada con el programa olímpico,https://library.olympics.com/digitalCollection/DigitalCollectionAttachmentDownloadHandler.ashx?documentId=3415338&parentDocumentId=3415336&skipCopyright=true&skipWatermark=true,RESOLVED,3058
fuente2,Boxing,Boxing,Boxing,denominación canónica contrastada con el programa olímpico,https://library.olympics.com/digitalCollection/DigitalCollectionAttachmentDownloadHandler.ashx?documentId=3415338&parentDocumentId=3415336&skipCopyright=true&skipWatermark=true,RESOLVED,6047
fuente2,Canoeing,Canoeing,Canoe Slalom,disciplina determinada por patrón inequívoco del evento y taxonomía olímpica,https://library.olympics.com/digitalCollection/DigitalCollectionAttachmentDownloadHandler.ashx?documentId=3415338&parentDocumentId=3415336&skipCopyright=true&skipWatermark=true,RESOLVED,812
fuente2,Canoeing,Canoeing,Canoe Sprint,disciplina determinada por patrón inequívoco del evento y taxonomía olímpica,https://library.olympics.com/digitalCollection/DigitalCollectionAttachmentDownloadHandler.ashx?documentId=3415338&parentDocumentId=3415336&skipCopyright=true&skipWatermark=true,RESOLVED,5359
fuente2,Cricket,Cricket,Cricket,denominación canónica contrastada con el programa olímpico,https://library.olympics.com/digitalCollection/DigitalCollectionAttachmentDownloadHandler.ashx?documentId=3415338&parentDocumentId=3415336&skipCopyright=true&skipWatermark=true,RESOLVED,24
fuente2,Croquet,Croquet,Croquet,denominación histórica documentada en la evolución del programa olímpico,https://library.olympics.com/digitalCollection/DigitalCollectionAttachmentDownloadHandler.ashx?documentId=174689&parentDocumentId=174657&skipCopyright=true&skipWatermark=true,RESOLVED,19
fuente2,Cross Country Skiing,Skiing,Cross Country Skiing,denominación canónica contrastada con el programa olímpico,https://library.olympics.com/digitalCollection/DigitalCollectionAttachmentDownloadHandler.ashx?documentId=3415338&parentDocumentId=3415336&skipCopyright=true&skipWatermark=true,RESOLVED,9133
fuente2,Curling,Curling,Curling,denominación canónica contrastada con el programa olímpico,https://library.olympics.com/digitalCollection/DigitalCollectionAttachmentDownloadHandler.ashx?documentId=3415338&parentDocumentId=3415336&skipCopyright=true&skipWatermark=true,RESOLVED,463
fuente2,Cycling,Cycling,BMX Racing,disciplina determinada por patrón inequívoco del evento y taxonomía olímpica,https://library.olympics.com/digitalCollection/DigitalCollectionAttachmentDownloadHandler.ashx?documentId=3415338&parentDocumentId=3415336&skipCopyright=true&skipWatermark=true,RESOLVED,144
fuente2,Cycling,Cycling,Cycling Road,disciplina determinada por patrón inequívoco del evento y taxonomía olímpica,https://library.olympics.com/digitalCollection/DigitalCollectionAttachmentDownloadHandler.ashx?documentId=3415338&parentDocumentId=3415336&skipCopyright=true&skipWatermark=true,RESOLVED,5598
fuente2,Cycling,Cycling,Cycling Track,disciplina determinada por patrón inequívoco del evento y taxonomía olímpica,https://library.olympics.com/digitalCollection/DigitalCollectionAttachmentDownloadHandler.ashx?documentId=3415338&parentDocumentId=3415336&skipCopyright=true&skipWatermark=true,RESOLVED,4651
fuente2,Cycling,Cycling,Mountain Bike,disciplina determinada por patrón inequívoco del evento y taxonomía olímpica,https://library.olympics.com/digitalCollection/DigitalCollectionAttachmentDownloadHandler.ashx?documentId=3415338&parentDocumentId=3415336&skipCopyright=true&skipWatermark=true,RESOLVED,466
fuente2,Diving,Aquatics,Diving,denominación canónica contrastada con el programa olímpico,https://library.olympics.com/digitalCollection/DigitalCollectionAttachmentDownloadHandler.ashx?documentId=3415338&parentDocumentId=3415336&skipCopyright=true&skipWatermark=true,RESOLVED,2842
fuente2,Equestrianism,Equestrian,Equestrian Dressage,disciplina determinada por patrón inequívoco del evento y taxonomía olímpica,https://library.olympics.com/digitalCollection/DigitalCollectionAttachmentDownloadHandler.ashx?documentId=3415338&parentDocumentId=3415336&skipCopyright=true&skipWatermark=true,RESOLVED,1370
fuente2,Equestrianism,Equestrian,Equestrian Driving,disciplina determinada por patrón inequívoco del evento y taxonomía olímpica,https://library.olympics.com/digitalCollection/DigitalCollectionAttachmentDownloadHandler.ashx?documentId=3415338&parentDocumentId=3415336&skipCopyright=true&skipWatermark=true,RESOLVED,31
fuente2,Equestrianism,Equestrian,Equestrian Eventing,disciplina determinada por patrón inequívoco del evento y taxonomía olímpica,https://library.olympics.com/digitalCollection/DigitalCollectionAttachmentDownloadHandler.ashx?documentId=3415338&parentDocumentId=3415336&skipCopyright=true&skipWatermark=true,RESOLVED,2369
fuente2,Equestrianism,Equestrian,Equestrian Jumping,disciplina determinada por patrón inequívoco del evento y taxonomía olímpica,https://library.olympics.com/digitalCollection/DigitalCollectionAttachmentDownloadHandler.ashx?documentId=3415338&parentDocumentId=3415336&skipCopyright=true&skipWatermark=true,RESOLVED,2547
fuente2,Equestrianism,Equestrian,Equestrian Vaulting,disciplina determinada por patrón inequívoco del evento y taxonomía olímpica,https://library.olympics.com/digitalCollection/DigitalCollectionAttachmentDownloadHandler.ashx?documentId=3415338&parentDocumentId=3415336&skipCopyright=true&skipWatermark=true,RESOLVED,27
fuente2,Fencing,Fencing,Fencing,denominación canónica contrastada con el programa olímpico,https://library.olympics.com/digitalCollection/DigitalCollectionAttachmentDownloadHandler.ashx?documentId=3415338&parentDocumentId=3415336&skipCopyright=true&skipWatermark=true,RESOLVED,10735
fuente2,Figure Skating,Skating,Figure Skating,denominación canónica contrastada con el programa olímpico,https://library.olympics.com/digitalCollection/DigitalCollectionAttachmentDownloadHandler.ashx?documentId=3415338&parentDocumentId=3415336&skipCopyright=true&skipWatermark=true,RESOLVED,2298
fuente2,Football,Football,Football,denominación canónica contrastada con el programa olímpico,https://library.olympics.com/digitalCollection/DigitalCollectionAttachmentDownloadHandler.ashx?documentId=3415338&parentDocumentId=3415336&skipCopyright=true&skipWatermark=true,RESOLVED,6745
fuente2,Freestyle Skiing,Skiing,Freestyle Skiing,denominación canónica contrastada con el programa olímpico,https://library.olympics.com/digitalCollection/DigitalCollectionAttachmentDownloadHandler.ashx?documentId=3415338&parentDocumentId=3415336&skipCopyright=true&skipWatermark=true,RESOLVED,937
fuente2,Golf,Golf,Golf,denominación canónica contrastada con el programa olímpico,https://library.olympics.com/digitalCollection/DigitalCollectionAttachmentDownloadHandler.ashx?documentId=3415338&parentDocumentId=3415336&skipCopyright=true&skipWatermark=true,RESOLVED,247
fuente2,Gymnastics,Gymnastics,Artistic Gymnastics,denominación canónica contrastada con el programa olímpico,https://library.olympics.com/digitalCollection/DigitalCollectionAttachmentDownloadHandler.ashx?documentId=3415338&parentDocumentId=3415336&skipCopyright=true&skipWatermark=true,RESOLVED,26707
fuente2,Handball,Handball,Handball,denominación canónica contrastada con el programa olímpico,https://library.olympics.com/digitalCollection/DigitalCollectionAttachmentDownloadHandler.ashx?documentId=3415338&parentDocumentId=3415336&skipCopyright=true&skipWatermark=true,RESOLVED,3665
fuente2,Hockey,Hockey,Hockey,denominación canónica contrastada con el programa olímpico,https://library.olympics.com/digitalCollection/DigitalCollectionAttachmentDownloadHandler.ashx?documentId=3415338&parentDocumentId=3415336&skipCopyright=true&skipWatermark=true,RESOLVED,5417
fuente2,Ice Hockey,Ice Hockey,Ice Hockey,denominación canónica contrastada con el programa olímpico,https://library.olympics.com/digitalCollection/DigitalCollectionAttachmentDownloadHandler.ashx?documentId=3415338&parentDocumentId=3415336&skipCopyright=true&skipWatermark=true,RESOLVED,5516
fuente2,Jeu De Paume,Jeu de Paume,Jeu de Paume,denominación histórica documentada en la evolución del programa olímpico,https://library.olympics.com/digitalCollection/DigitalCollectionAttachmentDownloadHandler.ashx?documentId=174689&parentDocumentId=174657&skipCopyright=true&skipWatermark=true,RESOLVED,11
fuente2,Judo,Judo,Judo,denominación canónica contrastada con el programa olímpico,https://library.olympics.com/digitalCollection/DigitalCollectionAttachmentDownloadHandler.ashx?documentId=3415338&parentDocumentId=3415336&skipCopyright=true&skipWatermark=true,RESOLVED,3801
fuente2,Lacrosse,Lacrosse,Lacrosse,denominación canónica contrastada con el programa olímpico,https://library.olympics.com/digitalCollection/DigitalCollectionAttachmentDownloadHandler.ashx?documentId=3415338&parentDocumentId=3415336&skipCopyright=true&skipWatermark=true,RESOLVED,60
fuente2,Luge,Luge,Luge,denominación canónica contrastada con el programa olímpico,https://library.olympics.com/digitalCollection/DigitalCollectionAttachmentDownloadHandler.ashx?documentId=3415338&parentDocumentId=3415336&skipCopyright=true&skipWatermark=true,RESOLVED,1479
fuente2,Military Ski Patrol,Skiing,Military Ski Patrol,denominación canónica contrastada con el programa olímpico,https://library.olympics.com/digitalCollection/DigitalCollectionAttachmentDownloadHandler.ashx?documentId=3415338&parentDocumentId=3415336&skipCopyright=true&skipWatermark=true,RESOLVED,24
fuente2,Modern Pentathlon,Modern Pentathlon,Modern Pentathlon,denominación canónica contrastada con el programa olímpico,https://library.olympics.com/digitalCollection/DigitalCollectionAttachmentDownloadHandler.ashx?documentId=3415338&parentDocumentId=3415336&skipCopyright=true&skipWatermark=true,RESOLVED,1677
fuente2,Motorboating,Motorboating,Motorboating,denominación histórica documentada en la evolución del programa olímpico,https://library.olympics.com/digitalCollection/DigitalCollectionAttachmentDownloadHandler.ashx?documentId=174689&parentDocumentId=174657&skipCopyright=true&skipWatermark=true,RESOLVED,17
fuente2,Nordic Combined,Skiing,Nordic Combined,denominación canónica contrastada con el programa olímpico,https://library.olympics.com/digitalCollection/DigitalCollectionAttachmentDownloadHandler.ashx?documentId=3415338&parentDocumentId=3415336&skipCopyright=true&skipWatermark=true,RESOLVED,1344
fuente2,Polo,Polo,Polo,denominación histórica documentada en la evolución del programa olímpico,https://library.olympics.com/digitalCollection/DigitalCollectionAttachmentDownloadHandler.ashx?documentId=174689&parentDocumentId=174657&skipCopyright=true&skipWatermark=true,RESOLVED,95
fuente2,Racquets,Racquets,Racquets,denominación histórica documentada en la evolución del programa olímpico,https://library.olympics.com/digitalCollection/DigitalCollectionAttachmentDownloadHandler.ashx?documentId=174689&parentDocumentId=174657&skipCopyright=true&skipWatermark=true,RESOLVED,12
fuente2,Rhythmic Gymnastics,Gymnastics,Rhythmic Gymnastics,denominación canónica contrastada con el programa olímpico,https://library.olympics.com/digitalCollection/DigitalCollectionAttachmentDownloadHandler.ashx?documentId=3415338&parentDocumentId=3415336&skipCopyright=true&skipWatermark=true,RESOLVED,658
fuente2,Roque,Roque,Roque,denominación histórica documentada en la evolución del programa olímpico,https://library.olympics.com/digitalCollection/DigitalCollectionAttachmentDownloadHandler.ashx?documentId=174689&parentDocumentId=174657&skipCopyright=true&skipWatermark=true,RESOLVED,4
fuente2,Rowing,Rowing,Rowing,denominación canónica contrastada con el programa olímpico,https://library.olympics.com/digitalCollection/DigitalCollectionAttachmentDownloadHandler.ashx?documentId=3415338&parentDocumentId=3415336&skipCopyright=true&skipWatermark=true,RESOLVED,10595
fuente2,Rugby,Rugby,Rugby,denominación canónica contrastada con el programa olímpico,https://library.olympics.com/digitalCollection/DigitalCollectionAttachmentDownloadHandler.ashx?documentId=3415338&parentDocumentId=3415336&skipCopyright=true&skipWatermark=true,RESOLVED,162
fuente2,Rugby Sevens,Rugby,Rugby Sevens,denominación canónica contrastada con el programa olímpico,https://library.olympics.com/digitalCollection/DigitalCollectionAttachmentDownloadHandler.ashx?documentId=3415338&parentDocumentId=3415336&skipCopyright=true&skipWatermark=true,RESOLVED,299
fuente2,Sailing,Sailing,Sailing,denominación canónica contrastada con el programa olímpico,https://library.olympics.com/digitalCollection/DigitalCollectionAttachmentDownloadHandler.ashx?documentId=3415338&parentDocumentId=3415336&skipCopyright=true&skipWatermark=true,RESOLVED,6586
fuente2,Shooting,Shooting,Shooting,denominación canónica contrastada con el programa olímpico,https://library.olympics.com/digitalCollection/DigitalCollectionAttachmentDownloadHandler.ashx?documentId=3415338&parentDocumentId=3415336&skipCopyright=true&skipWatermark=true,RESOLVED,11448
fuente2,Short Track Speed Skating,Skating,Short Track Speed Skating,denominación canónica contrastada con el programa olímpico,https://library.olympics.com/digitalCollection/DigitalCollectionAttachmentDownloadHandler.ashx?documentId=3415338&parentDocumentId=3415336&skipCopyright=true&skipWatermark=true,RESOLVED,1534
fuente2,Skeleton,Bobsleigh,Skeleton,denominación canónica contrastada con el programa olímpico,https://library.olympics.com/digitalCollection/DigitalCollectionAttachmentDownloadHandler.ashx?documentId=3415338&parentDocumentId=3415336&skipCopyright=true&skipWatermark=true,RESOLVED,199
fuente2,Ski Jumping,Skiing,Ski Jumping,denominación canónica contrastada con el programa olímpico,https://library.olympics.com/digitalCollection/DigitalCollectionAttachmentDownloadHandler.ashx?documentId=3415338&parentDocumentId=3415336&skipCopyright=true&skipWatermark=true,RESOLVED,2401
fuente2,Snowboarding,Skiing,Snowboard,denominación canónica contrastada con el programa olímpico,https://library.olympics.com/digitalCollection/DigitalCollectionAttachmentDownloadHandler.ashx?documentId=3415338&parentDocumentId=3415336&skipCopyright=true&skipWatermark=true,RESOLVED,936
fuente2,Softball,Baseball/Softball,Softball,denominación canónica contrastada con el programa olímpico,https://library.olympics.com/digitalCollection/DigitalCollectionAttachmentDownloadHandler.ashx?documentId=3415338&parentDocumentId=3415336&skipCopyright=true&skipWatermark=true,RESOLVED,478
fuente2,Speed Skating,Skating,Speed Skating,denominación canónica contrastada con el programa olímpico,https://library.olympics.com/digitalCollection/DigitalCollectionAttachmentDownloadHandler.ashx?documentId=3415338&parentDocumentId=3415336&skipCopyright=true&skipWatermark=true,RESOLVED,5613
fuente2,Swimming,Aquatics,Swimming,denominación canónica contrastada con el programa olímpico,https://library.olympics.com/digitalCollection/DigitalCollectionAttachmentDownloadHandler.ashx?documentId=3415338&parentDocumentId=3415336&skipCopyright=true&skipWatermark=true,RESOLVED,23195
fuente2,Synchronized Swimming,Aquatics,Artistic Swimming,denominación canónica contrastada con el programa olímpico,https://library.olympics.com/digitalCollection/DigitalCollectionAttachmentDownloadHandler.ashx?documentId=3415338&parentDocumentId=3415336&skipCopyright=true&skipWatermark=true,RESOLVED,909
fuente2,Table Tennis,Table Tennis,Table Tennis,denominación canónica contrastada con el programa olímpico,https://library.olympics.com/digitalCollection/DigitalCollectionAttachmentDownloadHandler.ashx?documentId=3415338&parentDocumentId=3415336&skipCopyright=true&skipWatermark=true,RESOLVED,1955
fuente2,Taekwondo,Taekwondo,Taekwondo,denominación canónica contrastada con el programa olímpico,https://library.olympics.com/digitalCollection/DigitalCollectionAttachmentDownloadHandler.ashx?documentId=3415338&parentDocumentId=3415336&skipCopyright=true&skipWatermark=true,RESOLVED,606
fuente2,Tennis,Tennis,Tennis,denominación canónica contrastada con el programa olímpico,https://library.olympics.com/digitalCollection/DigitalCollectionAttachmentDownloadHandler.ashx?documentId=3415338&parentDocumentId=3415336&skipCopyright=true&skipWatermark=true,RESOLVED,2862
fuente2,Trampolining,Gymnastics,Trampoline Gymnastics,denominación canónica contrastada con el programa olímpico,https://library.olympics.com/digitalCollection/DigitalCollectionAttachmentDownloadHandler.ashx?documentId=3415338&parentDocumentId=3415336&skipCopyright=true&skipWatermark=true,RESOLVED,152
fuente2,Triathlon,Triathlon,Triathlon,denominación canónica contrastada con el programa olímpico,https://library.olympics.com/digitalCollection/DigitalCollectionAttachmentDownloadHandler.ashx?documentId=3415338&parentDocumentId=3415336&skipCopyright=true&skipWatermark=true,RESOLVED,529
fuente2,Tug-Of-War,Tug-of-War,Tug-of-War,denominación histórica documentada en la evolución del programa olímpico,https://library.olympics.com/digitalCollection/DigitalCollectionAttachmentDownloadHandler.ashx?documentId=174689&parentDocumentId=174657&skipCopyright=true&skipWatermark=true,RESOLVED,170
fuente2,Volleyball,Volleyball,Volleyball,denominación canónica contrastada con el programa olímpico,https://library.olympics.com/digitalCollection/DigitalCollectionAttachmentDownloadHandler.ashx?documentId=3415338&parentDocumentId=3415336&skipCopyright=true&skipWatermark=true,RESOLVED,3404
fuente2,Water Polo,Aquatics,Water Polo,denominación canónica contrastada con el programa olímpico,https://library.olympics.com/digitalCollection/DigitalCollectionAttachmentDownloadHandler.ashx?documentId=3415338&parentDocumentId=3415336&skipCopyright=true&skipWatermark=true,RESOLVED,3846
fuente2,Weightlifting,Weightlifting,Weightlifting,denominación canónica contrastada con el programa olímpico,https://library.olympics.com/digitalCollection/DigitalCollectionAttachmentDownloadHandler.ashx?documentId=3415338&parentDocumentId=3415336&skipCopyright=true&skipWatermark=true,RESOLVED,3937
fuente2,Wrestling,Wrestling,Wrestling Freestyle,disciplina determinada por patrón inequívoco del evento y taxonomía olímpica,https://library.olympics.com/digitalCollection/DigitalCollectionAttachmentDownloadHandler.ashx?documentId=3415338&parentDocumentId=3415336&skipCopyright=true&skipWatermark=true,RESOLVED,3661
fuente2,Wrestling,Wrestling,Wrestling Greco-Roman,disciplina determinada por patrón inequívoco del evento y taxonomía olímpica,https://library.olympics.com/digitalCollection/DigitalCollectionAttachmentDownloadHandler.ashx?documentId=3415338&parentDocumentId=3415336&skipCopyright=true&skipWatermark=true,RESOLVED,3493
fuente3,3x3 Basketball,Basketball,Basketball 3x3,denominación canónica contrastada con el programa olímpico,https://library.olympics.com/digitalCollection/DigitalCollectionAttachmentDownloadHandler.ashx?documentId=3415338&parentDocumentId=3415336&skipCopyright=true&skipWatermark=true,RESOLVED,128
fuente3,"3x3 Basketball, Basketball",Basketball,Basketball 3x3,denominación canónica contrastada con el programa olímpico,https://library.olympics.com/digitalCollection/DigitalCollectionAttachmentDownloadHandler.ashx?documentId=3415338&parentDocumentId=3415336&skipCopyright=true&skipWatermark=true,RESOLVED,1
fuente3,Aeronautics,Aeronautics,Aeronautics,denominación histórica documentada en la evolución del programa olímpico,https://library.olympics.com/digitalCollection/DigitalCollectionAttachmentDownloadHandler.ashx?documentId=174689&parentDocumentId=174657&skipCopyright=true&skipWatermark=true,RESOLVED,1
fuente3,Alpinism,Mountaineering,Alpinism,denominación histórica documentada en la evolución del programa olímpico,https://library.olympics.com/digitalCollection/DigitalCollectionAttachmentDownloadHandler.ashx?documentId=174689&parentDocumentId=174657&skipCopyright=true&skipWatermark=true,RESOLVED,4
fuente3,Archery,Archery,Archery,denominación canónica contrastada con el programa olímpico,https://library.olympics.com/digitalCollection/DigitalCollectionAttachmentDownloadHandler.ashx?documentId=3415338&parentDocumentId=3415336&skipCopyright=true&skipWatermark=true,RESOLVED,2846
fuente3,Art Competitions,Art Competitions,Art Competitions,denominación histórica documentada en la evolución del programa olímpico,https://library.olympics.com/digitalCollection/DigitalCollectionAttachmentDownloadHandler.ashx?documentId=174689&parentDocumentId=174657&skipCopyright=true&skipWatermark=true,RESOLVED,3578
fuente3,Artistic Gymnastics,Gymnastics,Artistic Gymnastics,denominación canónica contrastada con el programa olímpico,https://library.olympics.com/digitalCollection/DigitalCollectionAttachmentDownloadHandler.ashx?documentId=3415338&parentDocumentId=3415336&skipCopyright=true&skipWatermark=true,RESOLVED,2297
fuente3,Artistic Swimming,Aquatics,Artistic Swimming,denominación canónica contrastada con el programa olímpico,https://library.olympics.com/digitalCollection/DigitalCollectionAttachmentDownloadHandler.ashx?documentId=3415338&parentDocumentId=3415336&skipCopyright=true&skipWatermark=true,RESOLVED,257
fuente3,Athletics,Athletics,Athletics,denominación canónica contrastada con el programa olímpico,https://library.olympics.com/digitalCollection/DigitalCollectionAttachmentDownloadHandler.ashx?documentId=3415338&parentDocumentId=3415336&skipCopyright=true&skipWatermark=true,RESOLVED,43294
fuente3,Badminton,Badminton,Badminton,denominación canónica contrastada con el programa olímpico,https://library.olympics.com/digitalCollection/DigitalCollectionAttachmentDownloadHandler.ashx?documentId=3415338&parentDocumentId=3415336&skipCopyright=true&skipWatermark=true,RESOLVED,1816
fuente3,Baseball,Baseball/Softball,Baseball,denominación canónica contrastada con el programa olímpico,https://library.olympics.com/digitalCollection/DigitalCollectionAttachmentDownloadHandler.ashx?documentId=3415338&parentDocumentId=3415336&skipCopyright=true&skipWatermark=true,RESOLVED,894
fuente3,Baseball/Softball,Baseball/Softball,Baseball,disciplina determinada por patrón inequívoco del evento y taxonomía olímpica,https://library.olympics.com/digitalCollection/DigitalCollectionAttachmentDownloadHandler.ashx?documentId=3415338&parentDocumentId=3415336&skipCopyright=true&skipWatermark=true,RESOLVED,144
fuente3,Baseball/Softball,Baseball/Softball,Softball,disciplina determinada por patrón inequívoco del evento y taxonomía olímpica,https://library.olympics.com/digitalCollection/DigitalCollectionAttachmentDownloadHandler.ashx?documentId=3415338&parentDocumentId=3415336&skipCopyright=true&skipWatermark=true,RESOLVED,90
fuente3,Basketball,Basketball,Basketball,denominación canónica contrastada con el programa olímpico,https://library.olympics.com/digitalCollection/DigitalCollectionAttachmentDownloadHandler.ashx?documentId=3415338&parentDocumentId=3415336&skipCopyright=true&skipWatermark=true,RESOLVED,5111
fuente3,Basque Pelota,Basque Pelota,Basque Pelota,denominación histórica documentada en la evolución del programa olímpico,https://library.olympics.com/digitalCollection/DigitalCollectionAttachmentDownloadHandler.ashx?documentId=174689&parentDocumentId=174657&skipCopyright=true&skipWatermark=true,RESOLVED,2
fuente3,Beach Volleyball,Volleyball,Beach Volleyball,denominación canónica contrastada con el programa olímpico,https://library.olympics.com/digitalCollection/DigitalCollectionAttachmentDownloadHandler.ashx?documentId=3415338&parentDocumentId=3415336&skipCopyright=true&skipWatermark=true,RESOLVED,756
fuente3,Boxing,Boxing,Boxing,denominación canónica contrastada con el programa olímpico,https://library.olympics.com/digitalCollection/DigitalCollectionAttachmentDownloadHandler.ashx?documentId=3415338&parentDocumentId=3415336&skipCopyright=true&skipWatermark=true,RESOLVED,6584
fuente3,Breaking,Breaking,Breaking,denominación canónica contrastada con el programa olímpico,https://library.olympics.com/digitalCollection/DigitalCollectionAttachmentDownloadHandler.ashx?documentId=3415338&parentDocumentId=3415336&skipCopyright=true&skipWatermark=true,RESOLVED,33
fuente3,Canoe Slalom,Canoeing,Canoe Slalom,denominación canónica contrastada con el programa olímpico,https://library.olympics.com/digitalCollection/DigitalCollectionAttachmentDownloadHandler.ashx?documentId=3415338&parentDocumentId=3415336&skipCopyright=true&skipWatermark=true,RESOLVED,256
fuente3,Canoe Sprint,Canoeing,Canoe Sprint,denominación canónica contrastada con el programa olímpico,https://library.olympics.com/digitalCollection/DigitalCollectionAttachmentDownloadHandler.ashx?documentId=3415338&parentDocumentId=3415336&skipCopyright=true&skipWatermark=true,RESOLVED,756
fuente3,Canoeing,Canoeing,Canoe Slalom,disciplina determinada por patrón inequívoco del evento y taxonomía olímpica,https://library.olympics.com/digitalCollection/DigitalCollectionAttachmentDownloadHandler.ashx?documentId=3415338&parentDocumentId=3415336&skipCopyright=true&skipWatermark=true,RESOLVED,812
fuente3,Canoeing,Canoeing,Canoe Sprint,disciplina determinada por patrón inequívoco del evento y taxonomía olímpica,https://library.olympics.com/digitalCollection/DigitalCollectionAttachmentDownloadHandler.ashx?documentId=3415338&parentDocumentId=3415336&skipCopyright=true&skipWatermark=true,RESOLVED,5359
fuente3,Cricket,Cricket,Cricket,denominación canónica contrastada con el programa olímpico,https://library.olympics.com/digitalCollection/DigitalCollectionAttachmentDownloadHandler.ashx?documentId=3415338&parentDocumentId=3415336&skipCopyright=true&skipWatermark=true,RESOLVED,24
fuente3,Croquet,Croquet,Croquet,denominación histórica documentada en la evolución del programa olímpico,https://library.olympics.com/digitalCollection/DigitalCollectionAttachmentDownloadHandler.ashx?documentId=174689&parentDocumentId=174657&skipCopyright=true&skipWatermark=true,RESOLVED,19
fuente3,Cycling,Cycling,BMX Racing,disciplina determinada por patrón inequívoco del evento y taxonomía olímpica,https://library.olympics.com/digitalCollection/DigitalCollectionAttachmentDownloadHandler.ashx?documentId=3415338&parentDocumentId=3415336&skipCopyright=true&skipWatermark=true,RESOLVED,144
fuente3,Cycling,Cycling,Cycling Road,disciplina determinada por patrón inequívoco del evento y taxonomía olímpica,https://library.olympics.com/digitalCollection/DigitalCollectionAttachmentDownloadHandler.ashx?documentId=3415338&parentDocumentId=3415336&skipCopyright=true&skipWatermark=true,RESOLVED,5598
fuente3,Cycling,Cycling,Cycling Track,disciplina determinada por patrón inequívoco del evento y taxonomía olímpica,https://library.olympics.com/digitalCollection/DigitalCollectionAttachmentDownloadHandler.ashx?documentId=3415338&parentDocumentId=3415336&skipCopyright=true&skipWatermark=true,RESOLVED,4651
fuente3,Cycling,Cycling,Mountain Bike,disciplina determinada por patrón inequívoco del evento y taxonomía olímpica,https://library.olympics.com/digitalCollection/DigitalCollectionAttachmentDownloadHandler.ashx?documentId=3415338&parentDocumentId=3415336&skipCopyright=true&skipWatermark=true,RESOLVED,466
fuente3,Cycling BMX Freestyle,Cycling,BMX Freestyle,denominación canónica contrastada con el programa olímpico,https://library.olympics.com/digitalCollection/DigitalCollectionAttachmentDownloadHandler.ashx?documentId=3415338&parentDocumentId=3415336&skipCopyright=true&skipWatermark=true,RESOLVED,42
fuente3,Cycling BMX Racing,Cycling,BMX Racing,denominación canónica contrastada con el programa olímpico,https://library.olympics.com/digitalCollection/DigitalCollectionAttachmentDownloadHandler.ashx?documentId=3415338&parentDocumentId=3415336&skipCopyright=true&skipWatermark=true,RESOLVED,115
fuente3,Cycling Mountain Bike,Cycling,Mountain Bike,denominación canónica contrastada con el programa olímpico,https://library.olympics.com/digitalCollection/DigitalCollectionAttachmentDownloadHandler.ashx?documentId=3415338&parentDocumentId=3415336&skipCopyright=true&skipWatermark=true,RESOLVED,144
fuente3,Cycling Road,Cycling,Cycling Road,denominación canónica contrastada con el programa olímpico,https://library.olympics.com/digitalCollection/DigitalCollectionAttachmentDownloadHandler.ashx?documentId=3415338&parentDocumentId=3415336&skipCopyright=true&skipWatermark=true,RESOLVED,493
fuente3,"Cycling Road, Cycling Mountain Bike",Cycling,Cycling Road,disciplina determinada por patrón inequívoco del evento y taxonomía olímpica,https://library.olympics.com/digitalCollection/DigitalCollectionAttachmentDownloadHandler.ashx?documentId=3415338&parentDocumentId=3415336&skipCopyright=true&skipWatermark=true,RESOLVED,2
fuente3,"Cycling Road, Cycling Mountain Bike",Cycling,Mountain Bike,disciplina determinada por patrón inequívoco del evento y taxonomía olímpica,https://library.olympics.com/digitalCollection/DigitalCollectionAttachmentDownloadHandler.ashx?documentId=3415338&parentDocumentId=3415336&skipCopyright=true&skipWatermark=true,RESOLVED,2
fuente3,"Cycling Road, Cycling Track",Cycling,Cycling Road,disciplina determinada por patrón inequívoco del evento y taxonomía olímpica,https://library.olympics.com/digitalCollection/DigitalCollectionAttachmentDownloadHandler.ashx?documentId=3415338&parentDocumentId=3415336&skipCopyright=true&skipWatermark=true,RESOLVED,13
fuente3,"Cycling Road, Cycling Track",Cycling,Cycling Track,disciplina determinada por patrón inequívoco del evento y taxonomía olímpica,https://library.olympics.com/digitalCollection/DigitalCollectionAttachmentDownloadHandler.ashx?documentId=3415338&parentDocumentId=3415336&skipCopyright=true&skipWatermark=true,RESOLVED,17
fuente3,"Cycling Road, Triathlon",Cycling,Cycling Road,disciplina determinada por patrón inequívoco del evento y taxonomía olímpica,https://library.olympics.com/digitalCollection/DigitalCollectionAttachmentDownloadHandler.ashx?documentId=3415338&parentDocumentId=3415336&skipCopyright=true&skipWatermark=true,RESOLVED,1
fuente3,"Cycling Road, Triathlon",Triathlon,Triathlon,disciplina determinada por patrón inequívoco del evento y taxonomía olímpica,https://library.olympics.com/digitalCollection/DigitalCollectionAttachmentDownloadHandler.ashx?documentId=3415338&parentDocumentId=3415336&skipCopyright=true&skipWatermark=true,RESOLVED,1
fuente3,Cycling Track,Cycling,Cycling Track,denominación canónica contrastada con el programa olímpico,https://library.olympics.com/digitalCollection/DigitalCollectionAttachmentDownloadHandler.ashx?documentId=3415338&parentDocumentId=3415336&skipCopyright=true&skipWatermark=true,RESOLVED,878
fuente3,Diving,Aquatics,Diving,denominación canónica contrastada con el programa olímpico,https://library.olympics.com/digitalCollection/DigitalCollectionAttachmentDownloadHandler.ashx?documentId=3415338&parentDocumentId=3415336&skipCopyright=true&skipWatermark=true,RESOLVED,3193
fuente3,Equestrian,Equestrian,Equestrian Dressage,disciplina determinada por patrón inequívoco del evento y taxonomía olímpica,https://library.olympics.com/digitalCollection/DigitalCollectionAttachmentDownloadHandler.ashx?documentId=3415338&parentDocumentId=3415336&skipCopyright=true&skipWatermark=true,RESOLVED,245
fuente3,Equestrian,Equestrian,Equestrian Eventing,disciplina determinada por patrón inequívoco del evento y taxonomía olímpica,https://library.olympics.com/digitalCollection/DigitalCollectionAttachmentDownloadHandler.ashx?documentId=3415338&parentDocumentId=3415336&skipCopyright=true&skipWatermark=true,RESOLVED,273
fuente3,Equestrian,Equestrian,Equestrian Jumping,disciplina determinada por patrón inequívoco del evento y taxonomía olímpica,https://library.olympics.com/digitalCollection/DigitalCollectionAttachmentDownloadHandler.ashx?documentId=3415338&parentDocumentId=3415336&skipCopyright=true&skipWatermark=true,RESOLVED,317
fuente3,Equestrianism,Equestrian,Equestrian Dressage,disciplina determinada por patrón inequívoco del evento y taxonomía olímpica,https://library.olympics.com/digitalCollection/DigitalCollectionAttachmentDownloadHandler.ashx?documentId=3415338&parentDocumentId=3415336&skipCopyright=true&skipWatermark=true,RESOLVED,1370
fuente3,Equestrianism,Equestrian,Equestrian Driving,disciplina determinada por patrón inequívoco del evento y taxonomía olímpica,https://library.olympics.com/digitalCollection/DigitalCollectionAttachmentDownloadHandler.ashx?documentId=3415338&parentDocumentId=3415336&skipCopyright=true&skipWatermark=true,RESOLVED,31
fuente3,Equestrianism,Equestrian,Equestrian Eventing,disciplina determinada por patrón inequívoco del evento y taxonomía olímpica,https://library.olympics.com/digitalCollection/DigitalCollectionAttachmentDownloadHandler.ashx?documentId=3415338&parentDocumentId=3415336&skipCopyright=true&skipWatermark=true,RESOLVED,2369
fuente3,Equestrianism,Equestrian,Equestrian Jumping,disciplina determinada por patrón inequívoco del evento y taxonomía olímpica,https://library.olympics.com/digitalCollection/DigitalCollectionAttachmentDownloadHandler.ashx?documentId=3415338&parentDocumentId=3415336&skipCopyright=true&skipWatermark=true,RESOLVED,2547
fuente3,Equestrianism,Equestrian,Equestrian Vaulting,disciplina determinada por patrón inequívoco del evento y taxonomía olímpica,https://library.olympics.com/digitalCollection/DigitalCollectionAttachmentDownloadHandler.ashx?documentId=3415338&parentDocumentId=3415336&skipCopyright=true&skipWatermark=true,RESOLVED,27
fuente3,Fencing,Fencing,Fencing,denominación canónica contrastada con el programa olímpico,https://library.olympics.com/digitalCollection/DigitalCollectionAttachmentDownloadHandler.ashx?documentId=3415338&parentDocumentId=3415336&skipCopyright=true&skipWatermark=true,RESOLVED,11558
fuente3,Figure Skating,Skating,Figure Skating,denominación canónica contrastada con el programa olímpico,https://library.olympics.com/digitalCollection/DigitalCollectionAttachmentDownloadHandler.ashx?documentId=3415338&parentDocumentId=3415336&skipCopyright=true&skipWatermark=true,RESOLVED,54
fuente3,Football,Football,Football,denominación canónica contrastada con el programa olímpico,https://library.olympics.com/digitalCollection/DigitalCollectionAttachmentDownloadHandler.ashx?documentId=3415338&parentDocumentId=3415336&skipCopyright=true&skipWatermark=true,RESOLVED,7906
fuente3,Golf,Golf,Golf,denominación canónica contrastada con el programa olímpico,https://library.olympics.com/digitalCollection/DigitalCollectionAttachmentDownloadHandler.ashx?documentId=3415338&parentDocumentId=3415336&skipCopyright=true&skipWatermark=true,RESOLVED,487
fuente3,Gymnastics,Gymnastics,Artistic Gymnastics,denominación canónica contrastada con el programa olímpico,https://library.olympics.com/digitalCollection/DigitalCollectionAttachmentDownloadHandler.ashx?documentId=3415338&parentDocumentId=3415336&skipCopyright=true&skipWatermark=true,RESOLVED,26707
fuente3,Handball,Handball,Handball,denominación canónica contrastada con el programa olímpico,https://library.olympics.com/digitalCollection/DigitalCollectionAttachmentDownloadHandler.ashx?documentId=3415338&parentDocumentId=3415336&skipCopyright=true&skipWatermark=true,RESOLVED,4419
fuente3,Hockey,Hockey,Hockey,denominación canónica contrastada con el programa olímpico,https://library.olympics.com/digitalCollection/DigitalCollectionAttachmentDownloadHandler.ashx?documentId=3415338&parentDocumentId=3415336&skipCopyright=true&skipWatermark=true,RESOLVED,6264
fuente3,Ice Hockey,Ice Hockey,Ice Hockey,denominación canónica contrastada con el programa olímpico,https://library.olympics.com/digitalCollection/DigitalCollectionAttachmentDownloadHandler.ashx?documentId=3415338&parentDocumentId=3415336&skipCopyright=true&skipWatermark=true,RESOLVED,60
fuente3,Jeu De Paume,Jeu de Paume,Jeu de Paume,denominación histórica documentada en la evolución del programa olímpico,https://library.olympics.com/digitalCollection/DigitalCollectionAttachmentDownloadHandler.ashx?documentId=174689&parentDocumentId=174657&skipCopyright=true&skipWatermark=true,RESOLVED,11
fuente3,Judo,Judo,Judo,denominación canónica contrastada con el programa olímpico,https://library.olympics.com/digitalCollection/DigitalCollectionAttachmentDownloadHandler.ashx?documentId=3415338&parentDocumentId=3415336&skipCopyright=true&skipWatermark=true,RESOLVED,4876
fuente3,Karate,Karate,Karate,denominación canónica contrastada con el programa olímpico,https://library.olympics.com/digitalCollection/DigitalCollectionAttachmentDownloadHandler.ashx?documentId=3415338&parentDocumentId=3415336&skipCopyright=true&skipWatermark=true,RESOLVED,81
fuente3,Lacrosse,Lacrosse,Lacrosse,denominación canónica contrastada con el programa olímpico,https://library.olympics.com/digitalCollection/DigitalCollectionAttachmentDownloadHandler.ashx?documentId=3415338&parentDocumentId=3415336&skipCopyright=true&skipWatermark=true,RESOLVED,60
fuente3,Marathon Swimming,Aquatics,Marathon Swimming,denominación canónica contrastada con el programa olímpico,https://library.olympics.com/digitalCollection/DigitalCollectionAttachmentDownloadHandler.ashx?documentId=3415338&parentDocumentId=3415336&skipCopyright=true&skipWatermark=true,RESOLVED,89
fuente3,"Marathon Swimming, Swimming",Aquatics,Marathon Swimming,disciplina determinada por patrón inequívoco del evento y taxonomía olímpica,https://library.olympics.com/digitalCollection/DigitalCollectionAttachmentDownloadHandler.ashx?documentId=3415338&parentDocumentId=3415336&skipCopyright=true&skipWatermark=true,RESOLVED,17
fuente3,"Marathon Swimming, Swimming",Aquatics,Swimming,disciplina determinada por patrón inequívoco del evento y taxonomía olímpica,https://library.olympics.com/digitalCollection/DigitalCollectionAttachmentDownloadHandler.ashx?documentId=3415338&parentDocumentId=3415336&skipCopyright=true&skipWatermark=true,RESOLVED,35
fuente3,Modern Pentathlon,Modern Pentathlon,Modern Pentathlon,denominación canónica contrastada con el programa olímpico,https://library.olympics.com/digitalCollection/DigitalCollectionAttachmentDownloadHandler.ashx?documentId=3415338&parentDocumentId=3415336&skipCopyright=true&skipWatermark=true,RESOLVED,1821
fuente3,Motorboating,Motorboating,Motorboating,denominación histórica documentada en la evolución del programa olímpico,https://library.olympics.com/digitalCollection/DigitalCollectionAttachmentDownloadHandler.ashx?documentId=174689&parentDocumentId=174657&skipCopyright=true&skipWatermark=true,RESOLVED,17
fuente3,Polo,Polo,Polo,denominación histórica documentada en la evolución del programa olímpico,https://library.olympics.com/digitalCollection/DigitalCollectionAttachmentDownloadHandler.ashx?documentId=174689&parentDocumentId=174657&skipCopyright=true&skipWatermark=true,RESOLVED,95
fuente3,Racquets,Racquets,Racquets,denominación histórica documentada en la evolución del programa olímpico,https://library.olympics.com/digitalCollection/DigitalCollectionAttachmentDownloadHandler.ashx?documentId=174689&parentDocumentId=174657&skipCopyright=true&skipWatermark=true,RESOLVED,12
fuente3,Rhythmic Gymnastics,Gymnastics,Rhythmic Gymnastics,denominación canónica contrastada con el programa olímpico,https://library.olympics.com/digitalCollection/DigitalCollectionAttachmentDownloadHandler.ashx?documentId=3415338&parentDocumentId=3415336&skipCopyright=true&skipWatermark=true,RESOLVED,848
fuente3,Roque,Roque,Roque,denominación histórica documentada en la evolución del programa olímpico,https://library.olympics.com/digitalCollection/DigitalCollectionAttachmentDownloadHandler.ashx?documentId=174689&parentDocumentId=174657&skipCopyright=true&skipWatermark=true,RESOLVED,4
fuente3,Rowing,Rowing,Rowing,denominación canónica contrastada con el programa olímpico,https://library.olympics.com/digitalCollection/DigitalCollectionAttachmentDownloadHandler.ashx?documentId=3415338&parentDocumentId=3415336&skipCopyright=true&skipWatermark=true,RESOLVED,11625
fuente3,Rugby,Rugby,Rugby,denominación canónica contrastada con el programa olímpico,https://library.olympics.com/digitalCollection/DigitalCollectionAttachmentDownloadHandler.ashx?documentId=3415338&parentDocumentId=3415336&skipCopyright=true&skipWatermark=true,RESOLVED,162
fuente3,Rugby Sevens,Rugby,Rugby Sevens,denominación canónica contrastada con el programa olímpico,https://library.olympics.com/digitalCollection/DigitalCollectionAttachmentDownloadHandler.ashx?documentId=3415338&parentDocumentId=3415336&skipCopyright=true&skipWatermark=true,RESOLVED,928
fuente3,Sailing,Sailing,Sailing,denominación canónica contrastada con el programa olímpico,https://library.olympics.com/digitalCollection/DigitalCollectionAttachmentDownloadHandler.ashx?documentId=3415338&parentDocumentId=3415336&skipCopyright=true&skipWatermark=true,RESOLVED,7266
fuente3,Shooting,Shooting,Shooting,denominación canónica contrastada con el programa olímpico,https://library.olympics.com/digitalCollection/DigitalCollectionAttachmentDownloadHandler.ashx?documentId=3415338&parentDocumentId=3415336&skipCopyright=true&skipWatermark=true,RESOLVED,12580
fuente3,Skateboarding,Roller Sports,Skateboarding,denominación canónica contrastada con el programa olímpico,https://library.olympics.com/digitalCollection/DigitalCollectionAttachmentDownloadHandler.ashx?documentId=3415338&parentDocumentId=3415336&skipCopyright=true&skipWatermark=true,RESOLVED,168
fuente3,Softball,Baseball/Softball,Softball,denominación canónica contrastada con el programa olímpico,https://library.olympics.com/digitalCollection/DigitalCollectionAttachmentDownloadHandler.ashx?documentId=3415338&parentDocumentId=3415336&skipCopyright=true&skipWatermark=true,RESOLVED,478
fuente3,Sport Climbing,Sport Climbing,Sport Climbing,denominación canónica contrastada con el programa olímpico,https://library.olympics.com/digitalCollection/DigitalCollectionAttachmentDownloadHandler.ashx?documentId=3415338&parentDocumentId=3415336&skipCopyright=true&skipWatermark=true,RESOLVED,108
fuente3,Surfing,Surfing,Surfing,denominación canónica contrastada con el programa olímpico,https://library.olympics.com/digitalCollection/DigitalCollectionAttachmentDownloadHandler.ashx?documentId=3415338&parentDocumentId=3415336&skipCopyright=true&skipWatermark=true,RESOLVED,88
fuente3,Swimming,Aquatics,Swimming,denominación canónica contrastada con el programa olímpico,https://library.olympics.com/digitalCollection/DigitalCollectionAttachmentDownloadHandler.ashx?documentId=3415338&parentDocumentId=3415336&skipCopyright=true&skipWatermark=true,RESOLVED,26416
fuente3,Synchronized Swimming,Aquatics,Artistic Swimming,denominación canónica contrastada con el programa olímpico,https://library.olympics.com/digitalCollection/DigitalCollectionAttachmentDownloadHandler.ashx?documentId=3415338&parentDocumentId=3415336&skipCopyright=true&skipWatermark=true,RESOLVED,909
fuente3,Table Tennis,Table Tennis,Table Tennis,denominación canónica contrastada con el programa olímpico,https://library.olympics.com/digitalCollection/DigitalCollectionAttachmentDownloadHandler.ashx?documentId=3415338&parentDocumentId=3415336&skipCopyright=true&skipWatermark=true,RESOLVED,2480
fuente3,Taekwondo,Taekwondo,Taekwondo,denominación canónica contrastada con el programa olímpico,https://library.olympics.com/digitalCollection/DigitalCollectionAttachmentDownloadHandler.ashx?documentId=3415338&parentDocumentId=3415336&skipCopyright=true&skipWatermark=true,RESOLVED,870
fuente3,Tennis,Tennis,Tennis,denominación canónica contrastada con el programa olímpico,https://library.olympics.com/digitalCollection/DigitalCollectionAttachmentDownloadHandler.ashx?documentId=3415338&parentDocumentId=3415336&skipCopyright=true&skipWatermark=true,RESOLVED,3446
fuente3,Trampoline Gymnastics,Gymnastics,Trampoline Gymnastics,denominación canónica contrastada con el programa olímpico,https://library.olympics.com/digitalCollection/DigitalCollectionAttachmentDownloadHandler.ashx?documentId=3415338&parentDocumentId=3415336&skipCopyright=true&skipWatermark=true,RESOLVED,64
fuente3,Trampolining,Gymnastics,Trampoline Gymnastics,denominación canónica contrastada con el programa olímpico,https://library.olympics.com/digitalCollection/DigitalCollectionAttachmentDownloadHandler.ashx?documentId=3415338&parentDocumentId=3415336&skipCopyright=true&skipWatermark=true,RESOLVED,152
fuente3,Triathlon,Triathlon,Triathlon,denominación canónica contrastada con el programa olímpico,https://library.olympics.com/digitalCollection/DigitalCollectionAttachmentDownloadHandler.ashx?documentId=3415338&parentDocumentId=3415336&skipCopyright=true&skipWatermark=true,RESOLVED,822
fuente3,Tug-Of-War,Tug-of-War,Tug-of-War,denominación histórica documentada en la evolución del programa olímpico,https://library.olympics.com/digitalCollection/DigitalCollectionAttachmentDownloadHandler.ashx?documentId=174689&parentDocumentId=174657&skipCopyright=true&skipWatermark=true,RESOLVED,170
fuente3,Volleyball,Volleyball,Volleyball,denominación canónica contrastada con el programa olímpico,https://library.olympics.com/digitalCollection/DigitalCollectionAttachmentDownloadHandler.ashx?documentId=3415338&parentDocumentId=3415336&skipCopyright=true&skipWatermark=true,RESOLVED,4003
fuente3,Water Polo,Aquatics,Water Polo,denominación canónica contrastada con el programa olímpico,https://library.olympics.com/digitalCollection/DigitalCollectionAttachmentDownloadHandler.ashx?documentId=3415338&parentDocumentId=3415336&skipCopyright=true&skipWatermark=true,RESOLVED,4418
fuente3,Weightlifting,Weightlifting,Weightlifting,denominación canónica contrastada con el programa olímpico,https://library.olympics.com/digitalCollection/DigitalCollectionAttachmentDownloadHandler.ashx?documentId=3415338&parentDocumentId=3415336&skipCopyright=true&skipWatermark=true,RESOLVED,4256
fuente3,Wrestling,Wrestling,Wrestling Freestyle,disciplina determinada por patrón inequívoco del evento y taxonomía olímpica,https://library.olympics.com/digitalCollection/DigitalCollectionAttachmentDownloadHandler.ashx?documentId=3415338&parentDocumentId=3415336&skipCopyright=true&skipWatermark=true,RESOLVED,4047
fuente3,Wrestling,Wrestling,Wrestling Greco-Roman,disciplina determinada por patrón inequívoco del evento y taxonomía olímpica,https://library.olympics.com/digitalCollection/DigitalCollectionAttachmentDownloadHandler.ashx?documentId=3415338&parentDocumentId=3415336&skipCopyright=true&skipWatermark=true,RESOLVED,3687
fuente4,Alpine Skiing,Skiing,Alpine Skiing,denominación canónica contrastada con el programa olímpico,https://library.olympics.com/digitalCollection/DigitalCollectionAttachmentDownloadHandler.ashx?documentId=3415338&parentDocumentId=3415336&skipCopyright=true&skipWatermark=true,RESOLVED,20
fuente4,Art Competitions,Art Competitions,Art Competitions,denominación histórica documentada en la evolución del programa olímpico,https://library.olympics.com/digitalCollection/DigitalCollectionAttachmentDownloadHandler.ashx?documentId=174689&parentDocumentId=174657&skipCopyright=true&skipWatermark=true,RESOLVED,1
fuente4,Athletics,Athletics,Athletics,denominación canónica contrastada con el programa olímpico,https://library.olympics.com/digitalCollection/DigitalCollectionAttachmentDownloadHandler.ashx?documentId=3415338&parentDocumentId=3415336&skipCopyright=true&skipWatermark=true,RESOLVED,6
fuente4,Badminton,Badminton,Badminton,denominación canónica contrastada con el programa olímpico,https://library.olympics.com/digitalCollection/DigitalCollectionAttachmentDownloadHandler.ashx?documentId=3415338&parentDocumentId=3415336&skipCopyright=true&skipWatermark=true,RESOLVED,1
fuente4,Basketball,Basketball,Basketball,denominación canónica contrastada con el programa olímpico,https://library.olympics.com/digitalCollection/DigitalCollectionAttachmentDownloadHandler.ashx?documentId=3415338&parentDocumentId=3415336&skipCopyright=true&skipWatermark=true,RESOLVED,1
fuente4,Biathlon,Biathlon,Biathlon,denominación canónica contrastada con el programa olímpico,https://library.olympics.com/digitalCollection/DigitalCollectionAttachmentDownloadHandler.ashx?documentId=3415338&parentDocumentId=3415336&skipCopyright=true&skipWatermark=true,RESOLVED,1
fuente4,Bobsleigh,Bobsleigh,Bobsleigh,denominación canónica contrastada con el programa olímpico,https://library.olympics.com/digitalCollection/DigitalCollectionAttachmentDownloadHandler.ashx?documentId=3415338&parentDocumentId=3415336&skipCopyright=true&skipWatermark=true,RESOLVED,1
fuente4,Cross Country Skiing,Skiing,Cross Country Skiing,denominación canónica contrastada con el programa olímpico,https://library.olympics.com/digitalCollection/DigitalCollectionAttachmentDownloadHandler.ashx?documentId=3415338&parentDocumentId=3415336&skipCopyright=true&skipWatermark=true,RESOLVED,17
fuente4,Football,Football,Football,denominación canónica contrastada con el programa olímpico,https://library.olympics.com/digitalCollection/DigitalCollectionAttachmentDownloadHandler.ashx?documentId=3415338&parentDocumentId=3415336&skipCopyright=true&skipWatermark=true,RESOLVED,1
fuente4,Gymnastics,Gymnastics,Artistic Gymnastics,denominación canónica contrastada con el programa olímpico,https://library.olympics.com/digitalCollection/DigitalCollectionAttachmentDownloadHandler.ashx?documentId=3415338&parentDocumentId=3415336&skipCopyright=true&skipWatermark=true,RESOLVED,17
fuente4,Handball,Handball,Handball,denominación canónica contrastada con el programa olímpico,https://library.olympics.com/digitalCollection/DigitalCollectionAttachmentDownloadHandler.ashx?documentId=3415338&parentDocumentId=3415336&skipCopyright=true&skipWatermark=true,RESOLVED,1
fuente4,Hockey,Hockey,Hockey,denominación canónica contrastada con el programa olímpico,https://library.olympics.com/digitalCollection/DigitalCollectionAttachmentDownloadHandler.ashx?documentId=3415338&parentDocumentId=3415336&skipCopyright=true&skipWatermark=true,RESOLVED,1
fuente4,Ice Hockey,Ice Hockey,Ice Hockey,denominación canónica contrastada con el programa olímpico,https://library.olympics.com/digitalCollection/DigitalCollectionAttachmentDownloadHandler.ashx?documentId=3415338&parentDocumentId=3415336&skipCopyright=true&skipWatermark=true,RESOLVED,2
fuente4,Judo,Judo,Judo,denominación canónica contrastada con el programa olímpico,https://library.olympics.com/digitalCollection/DigitalCollectionAttachmentDownloadHandler.ashx?documentId=3415338&parentDocumentId=3415336&skipCopyright=true&skipWatermark=true,RESOLVED,1
fuente4,Luge,Luge,Luge,denominación canónica contrastada con el programa olímpico,https://library.olympics.com/digitalCollection/DigitalCollectionAttachmentDownloadHandler.ashx?documentId=3415338&parentDocumentId=3415336&skipCopyright=true&skipWatermark=true,RESOLVED,1
fuente4,Rowing,Rowing,Rowing,denominación canónica contrastada con el programa olímpico,https://library.olympics.com/digitalCollection/DigitalCollectionAttachmentDownloadHandler.ashx?documentId=3415338&parentDocumentId=3415336&skipCopyright=true&skipWatermark=true,RESOLVED,2
fuente4,Sailing,Sailing,Sailing,denominación canónica contrastada con el programa olímpico,https://library.olympics.com/digitalCollection/DigitalCollectionAttachmentDownloadHandler.ashx?documentId=3415338&parentDocumentId=3415336&skipCopyright=true&skipWatermark=true,RESOLVED,6
fuente4,Speed Skating,Skating,Speed Skating,denominación canónica contrastada con el programa olímpico,https://library.olympics.com/digitalCollection/DigitalCollectionAttachmentDownloadHandler.ashx?documentId=3415338&parentDocumentId=3415336&skipCopyright=true&skipWatermark=true,RESOLVED,9
fuente4,Swimming,Aquatics,Swimming,denominación canónica contrastada con el programa olímpico,https://library.olympics.com/digitalCollection/DigitalCollectionAttachmentDownloadHandler.ashx?documentId=3415338&parentDocumentId=3415336&skipCopyright=true&skipWatermark=true,RESOLVED,6
fuente4,Tug-Of-War,Tug-of-War,Tug-of-War,denominación histórica documentada en la evolución del programa olímpico,https://library.olympics.com/digitalCollection/DigitalCollectionAttachmentDownloadHandler.ashx?documentId=174689&parentDocumentId=174657&skipCopyright=true&skipWatermark=true,RESOLVED,1
fuente4,Water Polo,Aquatics,Water Polo,denominación canónica contrastada con el programa olímpico,https://library.olympics.com/digitalCollection/DigitalCollectionAttachmentDownloadHandler.ashx?documentId=3415338&parentDocumentId=3415336&skipCopyright=true&skipWatermark=true,RESOLVED,1
fuente4,Weightlifting,Weightlifting,Weightlifting,denominación canónica contrastada con el programa olímpico,https://library.olympics.com/digitalCollection/DigitalCollectionAttachmentDownloadHandler.ashx?documentId=3415338&parentDocumentId=3415336&skipCopyright=true&skipWatermark=true,RESOLVED,1
fuente4,Wrestling,Wrestling,Wrestling Greco-Roman,disciplina determinada por patrón inequívoco del evento y taxonomía olímpica,https://library.olympics.com/digitalCollection/DigitalCollectionAttachmentDownloadHandler.ashx?documentId=3415338&parentDocumentId=3415336&skipCopyright=true&skipWatermark=true,RESOLVED,2
