alcance,archivo,sha_esperado,sha_actual,estado
raw_manifest,data/raw/fuente1/clean/bios.csv,2f8c7e4a8922350190e021ef48ba4da55cc5ea6a475da2511eeb2927cf3b9407,2f8c7e4a8922350190e021ef48ba4da55cc5ea6a475da2511eeb2927cf3b9407,MATCH
raw_manifest,data/raw/fuente1/clean/bios_locs.csv,8cf8558de1a90f358c9bbb6b1166b106b2a83c8dacb89c53d325616658112044,8cf8558de1a90f358c9bbb6b1166b106b2a83c8dacb89c53d325616658112044,MATCH
raw_manifest,data/raw/fuente1/clean/noc_regions.csv,ecbbd3f7658a87ced4c7d92f75db4e5e2af0096fb758168736dfe08267f6a071,ecbbd3f7658a87ced4c7d92f75db4e5e2af0096fb758168736dfe08267f6a071,MATCH
raw_manifest,data/raw/fuente1/clean/populations.csv,15a0090208ff279a4f60ecdc55e638e421d756264de6642b10f37d1361a08909,15a0090208ff279a4f60ecdc55e638e421d756264de6642b10f37d1361a08909,MATCH
raw_manifest,data/raw/fuente1/clean/results.csv,7a4993f3585bf61202492c548f6be5d3a623d429844dd80408e60fd84809629b,7a4993f3585bf61202492c548f6be5d3a623d429844dd80408e60fd84809629b,MATCH
raw_manifest,data/raw/fuente1/raw/bios.csv,dfc0b64c53b8132a8d15392f183fbb60a9255bae617ab698338841934823bc5b,dfc0b64c53b8132a8d15392f183fbb60a9255bae617ab698338841934823bc5b,MATCH
raw_manifest,data/raw/fuente1/raw/results.csv,13fdd66b6e4b3b92628b96a629785180f7bdd0caae4dd9e42979ab6aa4539f7a,13fdd66b6e4b3b92628b96a629785180f7bdd0caae4dd9e42979ab6aa4539f7a,MATCH
raw_manifest,data/raw/fuente2/athlete_events.csv,1751e89b509dd8c0fa0979ee258eef4374aa93f17d64cd07383ad3f57c5aabd7,1751e89b509dd8c0fa0979ee258eef4374aa93f17d64cd07383ad3f57c5aabd7,MATCH
raw_manifest,data/raw/fuente3/olympics_dataset.csv,3d3c716f8e2c082c0f8c36c45b64997d3c8edba4ef3df222acfcf44fb5e298a9,3d3c716f8e2c082c0f8c36c45b64997d3c8edba4ef3df222acfcf44fb5e298a9,MATCH
raw_manifest,data/raw/fuente4/datalab_export.csv,2ad9e917619c63e5ebfe74d2e2d28b4010520e7d05bfe4fd6c2dde21d1b9c178,2ad9e917619c63e5ebfe74d2e2d28b4010520e7d05bfe4fd6c2dde21d1b9c178,MATCH
intermediate_stability,data/intermediate/cleaned/fuente1_clean_bios.csv,7727a6f61fbcfb6157e5a34315529292d5d104c25210d47ca88dfa3abc84eaf3,7727a6f61fbcfb6157e5a34315529292d5d104c25210d47ca88dfa3abc84eaf3,MATCH
intermediate_stability,data/intermediate/cleaned/fuente1_clean_bios_locs.csv,9480d658bd795130530bc6015ec0258d614f15760c0e25c1cdd3d236d24060c2,9480d658bd795130530bc6015ec0258d614f15760c0e25c1cdd3d236d24060c2,MATCH
intermediate_stability,data/intermediate/cleaned/fuente1_clean_noc_regions.csv,4c22c46d9be03aafff04b5a8227f35c199e94d2d36532104a9b6ba8d0f9747df,4c22c46d9be03aafff04b5a8227f35c199e94d2d36532104a9b6ba8d0f9747df,MATCH
intermediate_stability,data/intermediate/cleaned/fuente1_clean_populations_long.csv,c183fa8e9a29e635a3d36f5b70a5e1b8562f79e3973c9e134446bfe88fb5ef04,c183fa8e9a29e635a3d36f5b70a5e1b8562f79e3973c9e134446bfe88fb5ef04,MATCH
intermediate_stability,data/intermediate/cleaned/fuente1_clean_results.csv,17d45598c8d859419b79284b6115f6600982d0d422aa2d21e18d9bebd7767376,17d45598c8d859419b79284b6115f6600982d0d422aa2d21e18d9bebd7767376,MATCH
intermediate_stability,data/intermediate/cleaned/fuente1_raw_bios.csv,b3e1cb612b9b07721d38a8e2276b7f9bd6421260d36feadf1bac14746ac5d571,b3e1cb612b9b07721d38a8e2276b7f9bd6421260d36feadf1bac14746ac5d571,MATCH
intermediate_stability,data/intermediate/cleaned/fuente1_raw_results.csv,4f8b7f9c0c9e0832712dc83539d4942cd10bcb5be57a05aad829b8619b196294,4f8b7f9c0c9e0832712dc83539d4942cd10bcb5be57a05aad829b8619b196294,MATCH
intermediate_stability,data/intermediate/cleaned/fuente2_athlete_events.csv,c484a680bc4fa5e26b1662a038e6265e7483904e99a3c86cd15c9a149954b8f7,c484a680bc4fa5e26b1662a038e6265e7483904e99a3c86cd15c9a149954b8f7,MATCH
intermediate_stability,data/intermediate/cleaned/fuente3_olympics_dataset.csv,8458e4386a36598bee8eea1b9d1f7a21a649c4e644014c15236fc2239454c22a,8458e4386a36598bee8eea1b9d1f7a21a649c4e644014c15236fc2239454c22a,MATCH
intermediate_stability,data/intermediate/cleaned/fuente4_datalab_export.csv,0748597118a16103aadf387967f0c84d9835e12507f25d9c4e72e16f0605ffd2,0748597118a16103aadf387967f0c84d9835e12507f25d9c4e72e16f0605ffd2,MATCH
intermediate_stability,data/intermediate/matching/athlete_matches.csv,f5b5c2451141054100ac54a9c572278f8e8bfc3bc9f1a633713bc1f04090f190,f5b5c2451141054100ac54a9c572278f8e8bfc3bc9f1a633713bc1f04090f190,MATCH
intermediate_stability,data/intermediate/matching/noc_entity_matches.csv,ebe91a129835cffa8d3d9ba220e97305ac4112d546a36679c5383f1a5ee68833,ebe91a129835cffa8d3d9ba220e97305ac4112d546a36679c5383f1a5ee68833,MATCH
intermediate_stability,data/intermediate/matching/sport_discipline_mapping.csv,ea009f6aa54ba451791bdc31607026926ae869e992fe6aab1a18e3ec7eca660c,ea009f6aa54ba451791bdc31607026926ae869e992fe6aab1a18e3ec7eca660c,MATCH
processed_stability,data/processed/entidad_geografica.csv,3630e019afdd63e7afd1e0e98aa60faad7d627113ec45703c9b662bb294ecb67,3630e019afdd63e7afd1e0e98aa60faad7d627113ec45703c9b662bb294ecb67,MATCH
processed_stability,data/processed/poblacion.csv,73b271ae1dcd517538ec9dcb490d24ba54fcb48ac974d25df03fcb43d7026161,73b271ae1dcd517538ec9dcb490d24ba54fcb48ac974d25df03fcb43d7026161,MATCH
processed_stability,data/processed/noc.csv,5b687b1cfd49fa0da323f70dc0d053068fd22767df3a1c09f68e486965d17554,5b687b1cfd49fa0da323f70dc0d053068fd22767df3a1c09f68e486965d17554,MATCH
processed_stability,data/processed/atleta.csv,7eeb08fdc6732120d2d2311183a5f821e71a60cd0f6609dd7a35d44f273ec172,7eeb08fdc6732120d2d2311183a5f821e71a60cd0f6609dd7a35d44f273ec172,MATCH
processed_stability,data/processed/sede.csv,1e3f0148c394460798a1a88259413d9cbfac97aa4257cb0c4896eb5e576d11f5,1e3f0148c394460798a1a88259413d9cbfac97aa4257cb0c4896eb5e576d11f5,MATCH
processed_stability,data/processed/edicion_olimpica.csv,2c51d0a0c43627e182ab6262173327af70ff0e4fa0f62dea7f8bde73964013b1,2c51d0a0c43627e182ab6262173327af70ff0e4fa0f62dea7f8bde73964013b1,MATCH
processed_stability,data/processed/deporte.csv,b096ecfdde1d7abf3eabcfa6ad80a58a485ee5351ea4e053ffd571e373b3738a,b096ecfdde1d7abf3eabcfa6ad80a58a485ee5351ea4e053ffd571e373b3738a,MATCH
processed_stability,data/processed/disciplina.csv,2335e257494e011a86904d00ca87ef3844740a20dd1e39af39e56ddd1e00b3c5,2335e257494e011a86904d00ca87ef3844740a20dd1e39af39e56ddd1e00b3c5,MATCH
processed_stability,data/processed/evento.csv,e32208a49873997e24b9de276e9f2c22357f65ab2d0cd0efacdb22361916424c,e32208a49873997e24b9de276e9f2c22357f65ab2d0cd0efacdb22361916424c,MATCH
processed_stability,data/processed/participacion.csv,39f55f8bbebc9b32d6e9b0102a749bfe404e8ab3ed9fb3f7adf528df4dcc4ec6,39f55f8bbebc9b32d6e9b0102a749bfe404e8ab3ed9fb3f7adf528df4dcc4ec6,MATCH
